Date_Observation,Code_Article,Quantite_Encours,Emplacement_Site,Statut_Fabrication
2026-04-05,ART-1512,1133.28,DEPOT B,EN_COURS_INJECTION
2026-03-15,ART-1633,69.29,DEPOT A,EN_COURS_INJECTION
2026-01-15,ART-1204,1027.35,DEPOT A,EN_COURS_INJECTION
2026-03-31,ART-1138,856.93,ATELIER 1,EN_COURS_INJECTION
2026-04-15,ART-1353,874.17,DEPOT A,EN_COURS_INJECTION
2026-04-30,ART-1086,473.34,MAGASIN CENTRAL,EN_COURS_INJECTION
2026-04-15,ART-1711,1406.82,MAGASIN CENTRAL,EN_COURS_INJECTION
2026-03-31,ART-1204,152.61,MAGASIN CENTRAL,EN_COURS_INJECTION
2026-04-05,ART-1122,19.67,MAGASIN CENTRAL,EN_COURS_INJECTION
2026-04-05,ART-1578,1119.75,DEPOT B,EN_COURS_INJECTION
2026-02-28,ART-1181,723.74,DEPOT B,EN_COURS_INJECTION
2026-01-05,ART-1671,952.37,ATELIER 1,EN_COURS_INJECTION
2026-02-05,ART-1277,769.91,DEPOT A,EN_COURS_INJECTION
2026-03-15,ART-1576,414.01,ATELIER 1,EN_COURS_INJECTION
2026-02-28,ART-1381,1409.67,,EN_COURS_INJECTION
2026-01-31,ART-1786,1341.29,DEPOT A,EN_COURS_INJECTION
2026-01-31,ART-1521,913.41,DEPOT NORD,EN_COURS_INJECTION
2026-04-15,ART-1162,1245.16,DEPOT NORD,EN_COURS_INJECTION
2026-02-28,ART-1252,812.03,ATELIER 1,EN_COURS_INJECTION
2026-04-15,ART-1740,105.26,MAGASIN CENTRAL,EN_COURS_INJECTION
2026-04-15,ART-1691,441.73,DEPOT NORD,EN_COURS_INJECTION
2026-04-30,ART-1041,1204.83,MAGASIN CENTRAL,EN_COURS_INJECTION
2026-04-05,ART-1063,194.13,DEPOT B,EN_COURS_INJECTION
2026-01-31,ART-1488,242.39,DEPOT NORD,EN_COURS_INJECTION
2026-01-15,ART-1233,904.77,ATELIER 1,EN_COURS_INJECTION
2026-02-15,ART-1712,434.01,MAGASIN CENTRAL,EN_COURS_INJECTION
2026-03-15,ART-1662,1095.21,MAGASIN CENTRAL,EN_COURS_INJECTION
2026-04-15,ART-1467,791.21,DEPOT B,EN_COURS_INJECTION
2026-03-05,ART-1262,181.2,DEPOT NORD,EN_COURS_INJECTION
2026-02-05,ART-1325,784.65,MAGASIN CENTRAL,EN_COURS_INJECTION
2026-02-05,ART-1487,436.77,DEPOT B,EN_COURS_INJECTION
2026-02-05,ART-1510,116.43,MAGASIN CENTRAL,EN_COURS_INJECTION
2026-04-15,ART-1273,836.67,MAGASIN CENTRAL,EN_COURS_INJECTION
2026-02-28,ART-1749,1483.96,ATELIER 1,EN_COURS_INJECTION
2026-03-05,ART-1218,1172.21,MAGASIN CENTRAL,EN_COURS_INJECTION
2026-03-31,ART-1691,1053.1,ATELIER 1,EN_COURS_INJECTION
2026-03-15,ART-1405,571.48,DEPOT NORD,EN_COURS_INJECTION
2026-04-30,ART-1567,1298.99,MAGASIN CENTRAL,EN_COURS_INJECTION
2026-03-05,ART-1583,456.81,DEPOT B,EN_COURS_INJECTION
2026-02-28,ART-1562,275.38,DEPOT A,EN_COURS_INJECTION
2026-01-31,ART-1657,784.95,DEPOT B,EN_COURS_INJECTION
2026-01-31,ART-1227,443.62,DEPOT NORD,EN_COURS_INJECTION
2026-01-31,ART-1743,707.09,ATELIER 1,EN_COURS_INJECTION
2026-04-05,ART-1650,46.6,DEPOT B,EN_COURS_INJECTION
2026-01-15,ART-1285,1267.34,DEPOT NORD,EN_COURS_INJECTION
2026-03-15,ART-1558,269.75,ATELIER 1,EN_COURS_INJECTION
2026-01-31,ART-1041,315.81,ATELIER 1,EN_COURS_INJECTION
2026-02-15,ART-1467,1028.29,MAGASIN CENTRAL,EN_COURS_INJECTION
2026-04-05,ART-1073,,DEPOT NORD,EN_COURS_INJECTION
2026-03-05,ART-1788,1175.68,MAGASIN CENTRAL,EN_COURS_INJECTION
2026-01-05,ART-1083,1384.34,ATELIER 1,EN_COURS_INJECTION
2026-02-15,ART-1732,1089.2,DEPOT B,EN_COURS_INJECTION
2026-04-15,ART-1797,816.49,DEPOT A,EN_COURS_INJECTION
2026-01-31,ART-1049,1106.8,MAGASIN CENTRAL,EN_COURS_INJECTION
2026-01-31,ART-1690,1337.62,ATELIER 1,EN_COURS_INJECTION
2026-03-05,ART-1790,322.09,DEPOT A,EN_COURS_INJECTION
2026-04-30,ART-1633,432.15,DEPOT A,EN_COURS_INJECTION
2026-01-05,ART-1743,1208.37,MAGASIN CENTRAL,EN_COURS_INJECTION
2026-04-05,ART-1383,1087.4,DEPOT B,EN_COURS_INJECTION
2026-02-15,ART-1352,1451.0,MAGASIN CENTRAL,EN_COURS_INJECTION
2026-04-05,ART-1620,28.77,DEPOT A,EN_COURS_INJECTION
2026-04-15,ART-1412,351.56,DEPOT B,EN_COURS_INJECTION
2026-01-15,ART-1360,1412.89,DEPOT B,EN_COURS_INJECTION
2026-02-15,ART-1448,972.0,DEPOT B,EN_COURS_INJECTION
2026-02-05,ART-1121,1271.3,MAGASIN CENTRAL,EN_COURS_INJECTION
2026-03-15,ART-1514,1433.96,DEPOT B,EN_COURS_INJECTION
2026-01-05,ART-1755,1147.25,DEPOT NORD,EN_COURS_INJECTION
2026-02-15,ART-1565,983.03,ATELIER 1,EN_COURS_INJECTION
2026-03-15,ART-1683,230.49,DEPOT B,EN_COURS_INJECTION
2026-04-05,ART-1076,798.44,DEPOT B,EN_COURS_INJECTION
2026-04-15,ART-1115,1248.26,ATELIER 1,EN_COURS_INJECTION
2026-03-05,ART-1114,328.43,ATELIER 1,EN_COURS_INJECTION
2026-03-15,ART-1411,608.3,MAGASIN CENTRAL,EN_COURS_INJECTION
2026-01-05,ART-1180,1147.73,DEPOT NORD,EN_COURS_INJECTION
2026-04-15,ART-1545,1092.75,DEPOT B,EN_COURS_INJECTION
2026-02-15,ART-1269,445.98,DEPOT NORD,EN_COURS_INJECTION
2026-04-05,ART-1232,1349.68,ATELIER 1,EN_COURS_INJECTION
2026-03-15,ART-1215,1197.54,DEPOT A,EN_COURS_INJECTION
2026-03-05,ART-1760,133.14,ATELIER 1,EN_COURS_INJECTION
2026-04-05,ART-1799,1088.43,MAGASIN CENTRAL,EN_COURS_INJECTION
2026-01-05,ART-1110,888.85,DEPOT B,EN_COURS_INJECTION
2026-02-28,ART-1697,1150.59,DEPOT A,EN_COURS_INJECTION
2026-02-28,ART-1378,1379.0,DEPOT NORD,EN_COURS_INJECTION
2026-01-05,ART-1766,1408.48,DEPOT B,EN_COURS_INJECTION
2026-01-05,ART-1379,,MAGASIN CENTRAL,EN_COURS_INJECTION
2026-04-30,ART-1171,412.18,DEPOT NORD,EN_COURS_INJECTION
2026-01-05,ART-1170,203.9,DEPOT NORD,EN_COURS_INJECTION
2026-02-05,ART-1227,255.0,DEPOT A,EN_COURS_INJECTION
2026-01-15,ART-1404,395.96,DEPOT B,EN_COURS_INJECTION
2026-04-15,ART-1227,819.44,MAGASIN CENTRAL,EN_COURS_INJECTION
2026-02-05,ART-1155,554.98,DEPOT A,EN_COURS_INJECTION
2026-02-15,ART-1357,784.24,MAGASIN CENTRAL,EN_COURS_INJECTION
2026-02-15,ART-1122,559.33,DEPOT A,EN_COURS_INJECTION
2026-02-05,ART-1364,1394.62,ATELIER 1,EN_COURS_INJECTION
2026-02-05,ART-1403,1035.54,DEPOT B,EN_COURS_INJECTION
2026-01-31,ART-1586,110.79,ATELIER 1,EN_COURS_INJECTION
2026-01-15,ART-1701,1033.71,DEPOT NORD,EN_COURS_INJECTION
2026-02-05,ART-1059,1309.7,ATELIER 1,EN_COURS_INJECTION
2026-04-30,ART-1070,1377.62,DEPOT B,EN_COURS_INJECTION
2026-02-15,ART-1199,570.23,DEPOT A,EN_COURS_INJECTION
2026-04-05,ART-1429,1030.96,DEPOT NORD,EN_COURS_INJECTION
2026-04-05,ART-1271,26.76,DEPOT NORD,EN_COURS_INJECTION
2026-02-28,ART-1375,374.98,DEPOT A,EN_COURS_INJECTION
2026-01-15,ART-1077,224.27,DEPOT A,EN_COURS_INJECTION
2026-02-15,ART-1196,484.73,DEPOT B,EN_COURS_INJECTION
2026-03-15,ART-1708,1174.41,MAGASIN CENTRAL,EN_COURS_INJECTION
2026-03-31,ART-1358,211.54,ATELIER 1,EN_COURS_INJECTION
2026-01-15,ART-1157,1042.39,DEPOT NORD,EN_COURS_INJECTION
2026-01-15,ART-1622,1396.91,DEPOT A,EN_COURS_INJECTION
2026-02-28,ART-1040,1121.24,DEPOT B,EN_COURS_INJECTION
2026-04-30,ART-1768,898.48,MAGASIN CENTRAL,EN_COURS_INJECTION
2026-02-15,ART-1266,1288.87,MAGASIN CENTRAL,EN_COURS_INJECTION
2026-04-30,ART-1533,1121.54,DEPOT A,EN_COURS_INJECTION
2026-01-31,ART-1722,1161.65,MAGASIN CENTRAL,EN_COURS_INJECTION
2026-02-05,ART-1079,975.92,DEPOT NORD,EN_COURS_INJECTION
2026-04-15,ART-1766,587.58,DEPOT NORD,EN_COURS_INJECTION
2026-03-31,ART-1195,841.5,DEPOT NORD,EN_COURS_INJECTION
2026-04-15,ART-1492,376.19,DEPOT NORD,EN_COURS_INJECTION
2026-04-15,ART-1597,363.04,DEPOT A,EN_COURS_INJECTION
2026-03-05,ART-1210,214.53,DEPOT A,EN_COURS_INJECTION
2026-04-15,ART-1224,542.34,MAGASIN CENTRAL,EN_COURS_INJECTION
2026-02-15,ART-1463,1165.57,DEPOT B,EN_COURS_INJECTION
2026-01-15,ART-1368,289.39,DEPOT A,EN_COURS_INJECTION
2026-01-15,ART-1376,1182.47,MAGASIN CENTRAL,EN_COURS_INJECTION
2026-01-31,ART-1664,357.42,ATELIER 1,EN_COURS_INJECTION
2026-04-15,ART-1603,757.05,DEPOT NORD,EN_COURS_INJECTION
2026-01-31,ART-1423,1286.3,DEPOT B,EN_COURS_INJECTION
2026-04-30,ART-1104,1461.84,DEPOT B,EN_COURS_INJECTION
2026-01-15,ART-1124,746.02,DEPOT A,EN_COURS_INJECTION
2026-02-05,ART-1581,529.36,DEPOT NORD,EN_COURS_INJECTION
2026-04-30,ART-1192,779.26,,EN_COURS_INJECTION
2026-03-15,ART-1352,1164.9,DEPOT B,EN_COURS_INJECTION
2026-02-05,ART-1781,337.85,ATELIER 1,EN_COURS_INJECTION
2026-03-31,ART-1443,1348.28,DEPOT A,EN_COURS_INJECTION
2026-02-05,ART-1270,635.87,DEPOT B,EN_COURS_INJECTION
2026-04-15,ART-1427,592.96,MAGASIN CENTRAL,EN_COURS_INJECTION
2026-04-30,ART-1618,832.6,DEPOT NORD,EN_COURS_INJECTION
2026-01-05,ART-1071,348.66,DEPOT A,EN_COURS_INJECTION
2026-04-15,ART-1009,411.77,MAGASIN CENTRAL,EN_COURS_INJECTION
2026-03-31,ART-1069,828.59,DEPOT A,EN_COURS_INJECTION
2026-02-28,ART-1672,641.43,DEPOT B,EN_COURS_INJECTION
2026-02-28,ART-1213,1201.38,DEPOT NORD,EN_COURS_INJECTION
2026-04-30,ART-1347,880.5,MAGASIN CENTRAL,EN_COURS_INJECTION
2026-01-15,ART-1389,976.65,DEPOT NORD,EN_COURS_INJECTION
2026-04-15,ART-1040,856.1,DEPOT A,EN_COURS_INJECTION
2026-02-05,ART-1348,1034.39,ATELIER 1,EN_COURS_INJECTION
2026-04-30,ART-1194,358.6,DEPOT NORD,EN_COURS_INJECTION
2026-03-15,ART-1512,1267.21,DEPOT B,EN_COURS_INJECTION
2026-03-15,ART-1096,704.02,MAGASIN CENTRAL,EN_COURS_INJECTION
2026-02-28,ART-1602,1496.48,ATELIER 1,EN_COURS_INJECTION
2026-03-15,ART-1567,1268.23,DEPOT NORD,EN_COURS_INJECTION
2026-01-05,ART-1730,568.37,DEPOT B,EN_COURS_INJECTION
2026-03-15,ART-1667,1441.29,DEPOT B,EN_COURS_INJECTION
2026-01-05,ART-1550,166.98,MAGASIN CENTRAL,EN_COURS_INJECTION
2026-03-31,ART-1538,15.62,DEPOT NORD,EN_COURS_INJECTION
2026-04-05,ART-1070,105.6,DEPOT B,EN_COURS_INJECTION
2026-04-30,ART-1341,807.5,MAGASIN CENTRAL,EN_COURS_INJECTION
2026-03-05,ART-1121,1068.84,DEPOT B,EN_COURS_INJECTION
2026-02-05,ART-1193,716.06,ATELIER 1,EN_COURS_INJECTION
2026-04-05,ART-1336,955.06,DEPOT NORD,EN_COURS_INJECTION
2026-03-15,ART-1625,527.35,DEPOT A,EN_COURS_INJECTION
2026-04-15,ART-1784,879.78,DEPOT NORD,EN_COURS_INJECTION
2026-02-15,ART-1003,294.33,MAGASIN CENTRAL,EN_COURS_INJECTION
2026-02-15,ART-1523,813.52,MAGASIN CENTRAL,EN_COURS_INJECTION
2026-01-31,ART-1196,673.35,DEPOT B,EN_COURS_INJECTION
2026-04-05,ART-1009,1172.4,ATELIER 1,EN_COURS_INJECTION
2026-02-15,ART-1540,296.04,DEPOT B,EN_COURS_INJECTION
2026-02-05,ART-1218,439.88,MAGASIN CENTRAL,EN_COURS_INJECTION
2026-04-15,ART-1302,478.17,DEPOT B,EN_COURS_INJECTION
2026-04-05,ART-1123,1199.56,DEPOT B,EN_COURS_INJECTION
2026-04-05,ART-1521,1329.32,DEPOT A,EN_COURS_INJECTION
2026-01-31,ART-1484,509.29,ATELIER 1,EN_COURS_INJECTION
2026-02-28,ART-1692,197.74,DEPOT NORD,EN_COURS_INJECTION
2026-02-28,ART-1605,1485.97,DEPOT A,EN_COURS_INJECTION
2026-01-15,ART-1322,337.04,DEPOT A,EN_COURS_INJECTION
2026-01-05,ART-1426,0.0,ATELIER 1,EN_COURS_INJECTION
2026-01-31,ART-1434,1245.48,ATELIER 1,EN_COURS_INJECTION
2026-04-15,ART-1708,1453.52,,EN_COURS_INJECTION
2026-04-30,ART-1330,1077.66,DEPOT NORD,EN_COURS_INJECTION
2026-03-05,ART-1047,740.99,DEPOT A,EN_COURS_INJECTION
2026-01-05,ART-1640,147.99,ATELIER 1,EN_COURS_INJECTION
2026-01-05,ART-1533,1450.8,DEPOT B,EN_COURS_INJECTION
2026-02-15,ART-1616,13.37,DEPOT A,EN_COURS_INJECTION
2026-04-05,ART-1116,230.66,DEPOT A,EN_COURS_INJECTION
2026-02-15,ART-1195,1464.76,MAGASIN CENTRAL,EN_COURS_INJECTION
2026-02-05,ART-1466,1195.12,MAGASIN CENTRAL,EN_COURS_INJECTION
2026-03-31,ART-1083,656.02,DEPOT A,EN_COURS_INJECTION
2026-03-15,ART-1017,250.73,DEPOT A,EN_COURS_INJECTION
2026-01-15,ART-1382,201.74,DEPOT A,EN_COURS_INJECTION
2026-02-15,ART-1245,245.04,DEPOT A,EN_COURS_INJECTION
2026-01-15,ART-1494,40.05,DEPOT B,EN_COURS_INJECTION
2026-04-05,ART-1243,206.76,DEPOT NORD,EN_COURS_INJECTION
2026-04-05,ART-1788,716.68,MAGASIN CENTRAL,EN_COURS_INJECTION
2026-02-05,ART-1214,1053.45,MAGASIN CENTRAL,EN_COURS_INJECTION
2026-03-31,ART-1320,416.7,MAGASIN CENTRAL,EN_COURS_INJECTION
2026-01-05,ART-1548,1425.92,DEPOT NORD,EN_COURS_INJECTION
2026-04-05,ART-1225,963.63,DEPOT B,EN_COURS_INJECTION
2026-04-15,ART-1168,964.08,MAGASIN CENTRAL,EN_COURS_INJECTION
2026-02-28,ART-1487,1302.12,DEPOT NORD,EN_COURS_INJECTION
2026-04-05,ART-1433,477.2,MAGASIN CENTRAL,EN_COURS_INJECTION
2026-04-30,ART-1053,496.16,DEPOT A,EN_COURS_INJECTION
2026-04-30,ART-1568,778.87,MAGASIN CENTRAL,EN_COURS_INJECTION
2026-04-05,ART-1042,1491.2,DEPOT B,EN_COURS_INJECTION
2026-02-15,ART-1568,388.93,DEPOT B,EN_COURS_INJECTION
2026-01-31,ART-1235,146.57,DEPOT A,EN_COURS_INJECTION
2026-01-15,ART-1617,760.78,DEPOT B,EN_COURS_INJECTION
2026-04-05,ART-1604,1339.09,MAGASIN CENTRAL,EN_COURS_INJECTION
2026-04-05,ART-1598,937.76,DEPOT A,EN_COURS_INJECTION
2026-01-05,ART-1728,334.78,MAGASIN CENTRAL,EN_COURS_INJECTION
2026-04-15,ART-1785,968.72,MAGASIN CENTRAL,EN_COURS_INJECTION
2026-04-30,ART-1190,872.35,MAGASIN CENTRAL,EN_COURS_INJECTION
2026-03-31,ART-1632,811.42,MAGASIN CENTRAL,EN_COURS_INJECTION
2026-02-28,ART-1368,230.26,ATELIER 1,EN_COURS_INJECTION
2026-03-15,ART-1764,895.54,DEPOT NORD,EN_COURS_INJECTION
2026-03-05,ART-1767,104.24,DEPOT A,EN_COURS_INJECTION
2026-04-30,ART-1665,1238.53,DEPOT A,EN_COURS_INJECTION
2026-02-15,ART-1309,426.62,DEPOT B,EN_COURS_INJECTION
2026-01-15,ART-1261,1128.92,,EN_COURS_INJECTION
2026-01-05,ART-1053,277.09,DEPOT B,EN_COURS_INJECTION
2026-04-30,ART-1558,876.25,DEPOT B,EN_COURS_INJECTION
2026-02-15,ART-1152,1153.92,MAGASIN CENTRAL,EN_COURS_INJECTION
2026-02-28,ART-1200,1024.75,ATELIER 1,EN_COURS_INJECTION
2026-04-05,ART-1216,530.76,DEPOT B,EN_COURS_INJECTION
2026-03-31,ART-1597,1105.08,DEPOT B,EN_COURS_INJECTION
2026-03-05,ART-1109,703.13,DEPOT NORD,EN_COURS_INJECTION
2026-03-05,ART-1409,1274.38,DEPOT A,EN_COURS_INJECTION
2026-04-15,ART-1496,1471.5,ATELIER 1,EN_COURS_INJECTION
2026-01-31,ART-1274,1214.59,DEPOT NORD,EN_COURS_INJECTION
2026-02-28,ART-1085,1189.15,ATELIER 1,EN_COURS_INJECTION
2026-02-28,ART-1101,546.61,DEPOT A,EN_COURS_INJECTION
2026-02-15,ART-1595,272.5,MAGASIN CENTRAL,EN_COURS_INJECTION
2026-01-15,ART-1381,1312.45,MAGASIN CENTRAL,EN_COURS_INJECTION
2026-04-30,ART-1048,292.37,DEPOT B,EN_COURS_INJECTION
2026-02-28,ART-1789,611.24,DEPOT B,EN_COURS_INJECTION
2026-01-15,ART-1573,960.7,DEPOT B,EN_COURS_INJECTION
2026-04-30,ART-1556,508.95,MAGASIN CENTRAL,EN_COURS_INJECTION
2026-03-15,ART-1568,517.4,DEPOT A,EN_COURS_INJECTION
2026-02-05,ART-1789,1050.06,ATELIER 1,EN_COURS_INJECTION
2026-01-31,ART-1792,233.15,DEPOT B,EN_COURS_INJECTION
2026-01-31,ART-1184,134.99,MAGASIN CENTRAL,EN_COURS_INJECTION
2026-04-05,ART-1126,46.76,DEPOT B,EN_COURS_INJECTION
2026-04-05,ART-1221,971.65,DEPOT A,EN_COURS_INJECTION
2026-04-05,ART-1428,834.65,DEPOT B,EN_COURS_INJECTION
2026-02-28,ART-1611,1261.07,ATELIER 1,EN_COURS_INJECTION
2026-01-31,ART-1097,1266.96,DEPOT NORD,EN_COURS_INJECTION
2026-04-30,ART-1665,438.24,DEPOT B,EN_COURS_INJECTION
2026-01-05,ART-1438,519.84,DEPOT NORD,EN_COURS_INJECTION
2026-03-31,ART-1731,184.32,MAGASIN CENTRAL,EN_COURS_INJECTION
2026-01-05,ART-1314,184.11,DEPOT A,EN_COURS_INJECTION
2026-04-05,ART-1100,154.42,DEPOT NORD,EN_COURS_INJECTION
2026-02-05,ART-1226,959.09,DEPOT NORD,EN_COURS_INJECTION
2026-02-15,ART-1287,1020.43,DEPOT B,EN_COURS_INJECTION
2026-03-15,ART-1091,832.52,DEPOT B,EN_COURS_INJECTION
2026-04-30,ART-1297,827.45,ATELIER 1,EN_COURS_INJECTION
2026-03-31,ART-1423,258.65,MAGASIN CENTRAL,EN_COURS_INJECTION
2026-04-05,ART-1715,1430.13,DEPOT A,EN_COURS_INJECTION
2026-03-05,ART-1336,320.56,ATELIER 1,EN_COURS_INJECTION
2026-03-05,ART-1370,1434.87,MAGASIN CENTRAL,EN_COURS_INJECTION
2026-02-15,ART-1370,897.43,DEPOT A,EN_COURS_INJECTION
2026-03-05,ART-1505,129.31,DEPOT B,EN_COURS_INJECTION
2026-04-05,ART-1560,429.17,DEPOT B,EN_COURS_INJECTION
2026-04-05,ART-1543,671.36,DEPOT A,EN_COURS_INJECTION
2026-01-05,ART-1202,414.98,MAGASIN CENTRAL,EN_COURS_INJECTION
2026-04-15,ART-1713,733.27,DEPOT B,EN_COURS_INJECTION
2026-03-05,ART-1215,373.95,MAGASIN CENTRAL,EN_COURS_INJECTION
2026-02-15,ART-1653,1437.14,DEPOT B,EN_COURS_INJECTION
2026-03-15,ART-1460,1391.94,DEPOT A,EN_COURS_INJECTION
2026-03-31,ART-1624,818.08,DEPOT B,EN_COURS_INJECTION
2026-04-05,ART-1708,1221.14,ATELIER 1,EN_COURS_INJECTION
2026-01-31,ART-1142,409.5,ATELIER 1,EN_COURS_INJECTION
2026-04-15,ART-1028,24.55,ATELIER 1,EN_COURS_INJECTION
2026-03-15,ART-1434,1343.23,ATELIER 1,EN_COURS_INJECTION
2026-02-05,ART-1708,259.57,DEPOT A,EN_COURS_INJECTION
2026-04-05,ART-1067,601.27,DEPOT A,EN_COURS_INJECTION
2026-03-05,ART-1042,557.39,DEPOT A,EN_COURS_INJECTION
2026-02-28,ART-1698,439.25,DEPOT A,EN_COURS_INJECTION
2026-04-15,ART-1233,1166.25,ATELIER 1,EN_COURS_INJECTION
2026-03-31,ART-1061,447.76,DEPOT NORD,EN_COURS_INJECTION
2026-04-30,ART-1774,1197.28,MAGASIN CENTRAL,EN_COURS_INJECTION
2026-02-15,ART-1264,55.63,ATELIER 1,EN_COURS_INJECTION
2026-02-15,ART-1532,867.71,DEPOT A,EN_COURS_INJECTION
2026-02-28,ART-1464,97.76,DEPOT A,EN_COURS_INJECTION
2026-04-15,ART-1014,1362.77,ATELIER 1,EN_COURS_INJECTION
2026-04-30,ART-1694,992.16,ATELIER 1,EN_COURS_INJECTION
2026-03-05,ART-1028,846.06,DEPOT B,EN_COURS_INJECTION
2026-03-05,ART-1040,641.41,ATELIER 1,EN_COURS_INJECTION
2026-02-28,ART-1078,589.32,DEPOT B,EN_COURS_INJECTION
2026-02-15,ART-1177,163.96,DEPOT A,EN_COURS_INJECTION
2026-03-31,ART-1073,391.89,DEPOT B,EN_COURS_INJECTION
2026-01-31,ART-1475,1409.55,DEPOT B,EN_COURS_INJECTION
2026-02-28,ART-1399,622.01,MAGASIN CENTRAL,EN_COURS_INJECTION
2026-04-15,ART-1714,608.19,DEPOT A,EN_COURS_INJECTION
2026-04-15,ART-1063,424.75,DEPOT B,EN_COURS_INJECTION
2026-02-05,ART-1099,1223.02,DEPOT A,EN_COURS_INJECTION
2026-03-31,ART-1256,951.04,DEPOT NORD,EN_COURS_INJECTION
2026-04-15,ART-1447,1281.91,DEPOT NORD,EN_COURS_INJECTION
2026-01-15,ART-1365,1384.49,ATELIER 1,EN_COURS_INJECTION
2026-03-05,ART-1359,1191.86,DEPOT NORD,EN_COURS_INJECTION
2026-04-30,ART-1352,260.98,DEPOT NORD,EN_COURS_INJECTION
2026-02-15,ART-1347,1159.99,ATELIER 1,EN_COURS_INJECTION
2026-02-15,ART-1561,1451.67,DEPOT B,EN_COURS_INJECTION
2026-02-15,ART-1560,627.63,DEPOT A,EN_COURS_INJECTION
2026-01-05,ART-1765,857.65,DEPOT A,EN_COURS_INJECTION
2026-02-15,ART-1142,639.03,DEPOT A,EN_COURS_INJECTION
2026-03-15,ART-1142,686.0,DEPOT NORD,EN_COURS_INJECTION
2026-01-15,ART-1318,1353.54,MAGASIN CENTRAL,EN_COURS_INJECTION
2026-01-31,ART-1072,881.78,MAGASIN CENTRAL,EN_COURS_INJECTION
2026-02-15,ART-1093,205.09,DEPOT NORD,EN_COURS_INJECTION
2026-04-05,ART-1514,1143.56,MAGASIN CENTRAL,EN_COURS_INJECTION
2026-02-28,ART-1174,477.46,MAGASIN CENTRAL,EN_COURS_INJECTION
2026-03-31,ART-1443,708.77,ATELIER 1,EN_COURS_INJECTION
2026-01-31,ART-1592,747.85,DEPOT NORD,EN_COURS_INJECTION
2026-04-15,ART-1413,1327.81,DEPOT B,EN_COURS_INJECTION
2026-01-05,ART-1067,1260.02,DEPOT B,EN_COURS_INJECTION
2026-01-15,ART-1147,1079.17,DEPOT A,EN_COURS_INJECTION
2026-01-31,ART-1546,229.01,DEPOT NORD,EN_COURS_INJECTION
2026-02-05,ART-1259,761.57,DEPOT A,EN_COURS_INJECTION
2026-04-15,ART-1525,39.49,DEPOT NORD,EN_COURS_INJECTION
2026-02-05,ART-1708,1326.06,DEPOT B,EN_COURS_INJECTION
2026-03-05,ART-1460,266.08,DEPOT B,EN_COURS_INJECTION
2026-01-15,ART-1765,760.96,DEPOT NORD,EN_COURS_INJECTION
2026-04-30,ART-1344,613.28,MAGASIN CENTRAL,EN_COURS_INJECTION
2026-01-31,ART-1041,318.14,DEPOT A,EN_COURS_INJECTION
2026-02-28,ART-1382,1289.97,DEPOT B,EN_COURS_INJECTION
2026-03-31,ART-1631,241.84,ATELIER 1,EN_COURS_INJECTION
2026-03-05,ART-1150,868.77,DEPOT NORD,EN_COURS_INJECTION
2026-01-15,ART-1251,785.51,DEPOT NORD,EN_COURS_INJECTION
2026-02-15,ART-1219,755.16,DEPOT NORD,EN_COURS_INJECTION
2026-01-05,ART-1492,885.5,ATELIER 1,EN_COURS_INJECTION
2026-01-15,ART-1474,215.23,DEPOT A,EN_COURS_INJECTION
2026-03-15,ART-1609,128.05,MAGASIN CENTRAL,EN_COURS_INJECTION
2026-02-15,ART-1024,916.03,DEPOT NORD,EN_COURS_INJECTION
2026-03-05,ART-1199,959.91,DEPOT NORD,EN_COURS_INJECTION
2026-01-15,ART-1404,850.3,DEPOT NORD,EN_COURS_INJECTION
2026-01-05,ART-1545,952.9,MAGASIN CENTRAL,EN_COURS_INJECTION
2026-03-05,ART-1641,204.93,ATELIER 1,EN_COURS_INJECTION
2026-02-05,ART-1077,920.61,DEPOT NORD,EN_COURS_INJECTION
2026-01-31,ART-1355,1044.25,DEPOT A,EN_COURS_INJECTION
2026-01-05,ART-1777,990.86,DEPOT NORD,EN_COURS_INJECTION
2026-03-31,ART-1273,760.96,DEPOT A,EN_COURS_INJECTION
2026-02-15,ART-1610,475.1,MAGASIN CENTRAL,EN_COURS_INJECTION
2026-02-15,ART-1754,1032.13,DEPOT B,EN_COURS_INJECTION
2026-02-15,ART-1800,29.96,DEPOT NORD,EN_COURS_INJECTION
2026-03-05,ART-1104,266.84,DEPOT NORD,EN_COURS_INJECTION
2026-03-15,ART-1280,810.71,DEPOT NORD,EN_COURS_INJECTION
2026-02-05,ART-1464,1414.23,,EN_COURS_INJECTION
2026-02-15,ART-1231,311.86,DEPOT NORD,EN_COURS_INJECTION
2026-01-05,ART-1423,1391.14,DEPOT NORD,EN_COURS_INJECTION
2026-02-15,ART-1300,1383.72,DEPOT B,EN_COURS_INJECTION
2026-04-05,ART-1647,507.3,DEPOT NORD,EN_COURS_INJECTION
2026-02-15,ART-1654,1313.48,MAGASIN CENTRAL,EN_COURS_INJECTION
2026-01-15,ART-1286,218.85,DEPOT A,EN_COURS_INJECTION
2026-01-31,ART-1646,1172.55,MAGASIN CENTRAL,EN_COURS_INJECTION
2026-02-28,ART-1729,568.3,DEPOT NORD,EN_COURS_INJECTION
2026-04-30,ART-1285,888.92,MAGASIN CENTRAL,EN_COURS_INJECTION
2026-04-15,ART-1132,91.9,DEPOT NORD,EN_COURS_INJECTION
2026-03-05,ART-1452,413.64,MAGASIN CENTRAL,EN_COURS_INJECTION
2026-04-15,ART-1216,1181.15,DEPOT A,EN_COURS_INJECTION
2026-02-05,ART-1060,125.03,DEPOT B,EN_COURS_INJECTION
2026-04-15,ART-1456,311.18,DEPOT B,EN_COURS_INJECTION
2026-04-30,ART-1240,395.12,DEPOT NORD,EN_COURS_INJECTION
2026-03-05,ART-1105,512.82,DEPOT A,EN_COURS_INJECTION
2026-01-05,ART-1111,1132.41,DEPOT A,EN_COURS_INJECTION
2026-01-31,ART-1645,102.68,DEPOT A,EN_COURS_INJECTION
2026-04-30,ART-1433,419.97,DEPOT B,EN_COURS_INJECTION
2026-04-15,ART-1629,629.93,ATELIER 1,EN_COURS_INJECTION
2026-02-05,ART-1690,543.96,ATELIER 1,EN_COURS_INJECTION
2026-01-05,ART-1683,1450.69,ATELIER 1,EN_COURS_INJECTION
2026-02-28,ART-1786,362.2,DEPOT B,EN_COURS_INJECTION
2026-01-31,ART-1199,978.25,DEPOT NORD,EN_COURS_INJECTION
2026-03-15,ART-1726,424.02,DEPOT NORD,EN_COURS_INJECTION
2026-03-15,ART-1245,1120.1,MAGASIN CENTRAL,EN_COURS_INJECTION
2026-04-15,ART-1126,1470.81,MAGASIN CENTRAL,EN_COURS_INJECTION
2026-02-05,ART-1639,544.1,DEPOT A,EN_COURS_INJECTION
2026-02-28,ART-1154,1151.96,ATELIER 1,EN_COURS_INJECTION
2026-04-05,ART-1083,304.22,ATELIER 1,EN_COURS_INJECTION
2026-03-15,ART-1564,153.43,ATELIER 1,EN_COURS_INJECTION
2026-01-31,ART-1383,1273.53,MAGASIN CENTRAL,EN_COURS_INJECTION
2026-01-15,ART-1747,427.67,ATELIER 1,EN_COURS_INJECTION
2026-02-15,ART-1055,1203.66,MAGASIN CENTRAL,EN_COURS_INJECTION
2026-04-05,ART-1703,113.66,DEPOT NORD,EN_COURS_INJECTION
2026-03-31,ART-1024,543.06,ATELIER 1,EN_COURS_INJECTION
2026-02-05,ART-1678,707.21,MAGASIN CENTRAL,EN_COURS_INJECTION
2026-02-15,ART-1460,519.76,MAGASIN CENTRAL,EN_COURS_INJECTION
2026-04-05,ART-1775,1245.82,DEPOT B,EN_COURS_INJECTION
2026-01-15,ART-1373,1142.72,ATELIER 1,EN_COURS_INJECTION
2026-03-15,ART-1058,723.96,DEPOT A,EN_COURS_INJECTION
2026-03-05,ART-1006,928.6,MAGASIN CENTRAL,EN_COURS_INJECTION
2026-03-05,ART-1659,1281.19,DEPOT B,EN_COURS_INJECTION
2026-04-05,ART-1134,811.23,MAGASIN CENTRAL,EN_COURS_INJECTION
2026-03-31,ART-1013,834.32,DEPOT B,EN_COURS_INJECTION
2026-03-05,ART-1383,763.88,DEPOT A,EN_COURS_INJECTION
2026-03-15,ART-1298,912.52,DEPOT A,EN_COURS_INJECTION
2026-01-15,ART-1268,92.27,DEPOT B,EN_COURS_INJECTION
2026-02-28,ART-1377,1230.19,DEPOT A,EN_COURS_INJECTION
2026-04-15,ART-1445,248.85,DEPOT B,EN_COURS_INJECTION
2026-04-15,ART-1755,78.3,ATELIER 1,EN_COURS_INJECTION
2026-03-05,ART-1423,950.14,DEPOT B,EN_COURS_INJECTION
2026-03-15,ART-1083,1173.65,MAGASIN CENTRAL,EN_COURS_INJECTION
2026-01-15,ART-1149,1010.63,ATELIER 1,EN_COURS_INJECTION
2026-04-05,ART-1071,698.09,ATELIER 1,EN_COURS_INJECTION
2026-01-05,ART-1171,1481.51,DEPOT B,EN_COURS_INJECTION
2026-04-15,ART-1612,529.49,ATELIER 1,EN_COURS_INJECTION
2026-04-05,ART-1398,1155.57,DEPOT NORD,EN_COURS_INJECTION
2026-03-15,ART-1448,493.33,ATELIER 1,EN_COURS_INJECTION
2026-04-30,ART-1045,497.0,DEPOT B,EN_COURS_INJECTION
2026-01-05,ART-1654,799.78,DEPOT NORD,EN_COURS_INJECTION
2026-02-28,ART-1677,1254.82,MAGASIN CENTRAL,EN_COURS_INJECTION
2026-04-30,ART-1222,55.77,DEPOT B,EN_COURS_INJECTION
2026-02-15,ART-1235,451.15,DEPOT B,EN_COURS_INJECTION
2026-02-28,ART-1473,1490.25,ATELIER 1,EN_COURS_INJECTION
2026-02-05,ART-1559,1399.06,DEPOT A,EN_COURS_INJECTION
2026-01-31,ART-1651,124.85,DEPOT NORD,EN_COURS_INJECTION
2026-02-05,ART-1321,1028.1,ATELIER 1,EN_COURS_INJECTION
2026-01-15,ART-1092,194.98,DEPOT NORD,EN_COURS_INJECTION
2026-01-15,ART-1014,442.95,ATELIER 1,EN_COURS_INJECTION
2026-04-30,ART-1602,468.52,DEPOT NORD,EN_COURS_INJECTION
2026-02-28,ART-1609,386.35,MAGASIN CENTRAL,EN_COURS_INJECTION
2026-01-15,ART-1679,442.98,DEPOT A,EN_COURS_INJECTION
2026-03-05,ART-1522,1228.62,DEPOT NORD,EN_COURS_INJECTION
2026-03-05,ART-1695,1441.73,ATELIER 1,EN_COURS_INJECTION
2026-04-05,ART-1060,409.32,MAGASIN CENTRAL,EN_COURS_INJECTION
2026-04-05,ART-1461,153.21,DEPOT B,EN_COURS_INJECTION
2026-04-05,ART-1612,127.92,MAGASIN CENTRAL,EN_COURS_INJECTION
2026-01-31,ART-1744,516.74,MAGASIN CENTRAL,EN_COURS_INJECTION
2026-03-15,ART-1582,42.25,ATELIER 1,EN_COURS_INJECTION
2026-01-31,ART-1302,540.4,MAGASIN CENTRAL,EN_COURS_INJECTION
2026-04-05,ART-1789,1333.88,MAGASIN CENTRAL,EN_COURS_INJECTION
2026-03-15,ART-1704,594.17,ATELIER 1,EN_COURS_INJECTION
2026-02-15,ART-1239,467.38,DEPOT B,EN_COURS_INJECTION
2026-04-15,ART-1276,831.53,DEPOT NORD,EN_COURS_INJECTION
2026-04-30,ART-1698,1465.2,ATELIER 1,EN_COURS_INJECTION
2026-04-15,ART-1512,1102.78,ATELIER 1,EN_COURS_INJECTION
2026-02-28,ART-1765,683.81,DEPOT A,EN_COURS_INJECTION
2026-03-05,ART-1277,459.76,DEPOT B,EN_COURS_INJECTION
2026-03-31,ART-1111,1078.12,DEPOT A,EN_COURS_INJECTION
2026-03-05,ART-1320,769.14,DEPOT NORD,EN_COURS_INJECTION
2026-01-31,ART-1043,400.03,DEPOT NORD,EN_COURS_INJECTION
2026-02-15,ART-1747,340.36,MAGASIN CENTRAL,EN_COURS_INJECTION
2026-02-05,ART-1229,20.11,DEPOT A,EN_COURS_INJECTION
2026-02-28,ART-1511,520.57,MAGASIN CENTRAL,EN_COURS_INJECTION
2026-01-15,ART-1320,1303.14,ATELIER 1,EN_COURS_INJECTION
2026-02-28,ART-1292,50.45,ATELIER 1,EN_COURS_INJECTION
2026-01-15,ART-1335,227.42,DEPOT A,EN_COURS_INJECTION
2026-02-28,ART-1354,190.84,DEPOT A,EN_COURS_INJECTION
2026-03-15,ART-1100,696.82,ATELIER 1,EN_COURS_INJECTION
2026-03-05,ART-1132,135.03,ATELIER 1,EN_COURS_INJECTION
2026-01-15,ART-1760,1094.74,ATELIER 1,EN_COURS_INJECTION
2026-04-15,ART-1522,1446.7,DEPOT A,EN_COURS_INJECTION
2026-01-05,ART-1797,588.89,MAGASIN CENTRAL,EN_COURS_INJECTION
2026-03-05,ART-1686,776.29,ATELIER 1,EN_COURS_INJECTION
2026-04-30,ART-1203,1138.81,DEPOT A,EN_COURS_INJECTION
2026-04-30,ART-1516,453.86,MAGASIN CENTRAL,EN_COURS_INJECTION
2026-04-15,ART-1219,460.38,ATELIER 1,EN_COURS_INJECTION
2026-02-28,ART-1717,297.49,MAGASIN CENTRAL,EN_COURS_INJECTION
2026-04-30,ART-1045,706.9,DEPOT NORD,EN_COURS_INJECTION
2026-04-15,ART-1566,378.34,DEPOT B,EN_COURS_INJECTION
2026-04-05,ART-1319,1407.18,DEPOT NORD,EN_COURS_INJECTION
2026-01-15,ART-1628,62.42,DEPOT A,EN_COURS_INJECTION
2026-02-15,ART-1403,928.8,ATELIER 1,EN_COURS_INJECTION
2026-04-15,ART-1714,1217.22,ATELIER 1,EN_COURS_INJECTION
2026-03-05,ART-1511,1068.84,DEPOT B,EN_COURS_INJECTION
2026-04-05,ART-1376,0.0,DEPOT NORD,EN_COURS_INJECTION
2026-01-05,ART-1301,1372.89,MAGASIN CENTRAL,EN_COURS_INJECTION
2026-04-05,ART-1678,1290.43,MAGASIN CENTRAL,EN_COURS_INJECTION
2026-02-05,ART-1171,293.36,DEPOT NORD,EN_COURS_INJECTION
2026-04-30,ART-1198,162.01,DEPOT NORD,EN_COURS_INJECTION
2026-04-15,ART-1274,883.06,ATELIER 1,EN_COURS_INJECTION
2026-02-15,ART-1513,207.77,ATELIER 1,EN_COURS_INJECTION
2026-04-30,ART-1171,83.7,ATELIER 1,EN_COURS_INJECTION
2026-01-05,ART-1120,333.03,DEPOT A,EN_COURS_INJECTION
2026-03-31,ART-1615,1046.21,ATELIER 1,EN_COURS_INJECTION
2026-01-05,ART-1468,469.06,ATELIER 1,EN_COURS_INJECTION
2026-01-31,ART-1488,26.44,DEPOT B,EN_COURS_INJECTION
2026-02-28,ART-1724,1096.16,MAGASIN CENTRAL,EN_COURS_INJECTION
2026-02-28,ART-1774,263.45,DEPOT A,EN_COURS_INJECTION
2026-01-05,ART-1522,1414.88,DEPOT B,EN_COURS_INJECTION
2026-04-30,ART-1676,135.58,DEPOT NORD,EN_COURS_INJECTION
2026-02-05,ART-1335,1224.55,MAGASIN CENTRAL,EN_COURS_INJECTION
2026-01-05,ART-1319,233.01,DEPOT B,EN_COURS_INJECTION
2026-02-28,ART-1087,186.9,DEPOT NORD,EN_COURS_INJECTION
2026-04-30,ART-1668,158.09,DEPOT B,EN_COURS_INJECTION
2026-02-28,ART-1516,813.72,DEPOT B,EN_COURS_INJECTION
2026-01-05,ART-1450,982.32,DEPOT A,EN_COURS_INJECTION
2026-03-31,ART-1218,1431.58,MAGASIN CENTRAL,EN_COURS_INJECTION
2026-03-15,ART-1723,337.21,DEPOT NORD,EN_COURS_INJECTION
2026-03-05,ART-1010,111.39,DEPOT A,EN_COURS_INJECTION
2026-04-15,ART-1488,292.11,DEPOT B,EN_COURS_INJECTION
2026-03-15,ART-1164,1263.31,ATELIER 1,EN_COURS_INJECTION
2026-04-30,ART-1374,224.47,DEPOT B,EN_COURS_INJECTION
2026-04-05,ART-1236,1499.19,DEPOT A,EN_COURS_INJECTION
2026-04-15,ART-1121,507.41,DEPOT B,EN_COURS_INJECTION
2026-01-15,ART-1443,1064.93,DEPOT B,EN_COURS_INJECTION
2026-01-31,ART-1628,1366.37,MAGASIN CENTRAL,EN_COURS_INJECTION
2026-02-05,ART-1541,980.94,MAGASIN CENTRAL,EN_COURS_INJECTION
2026-04-05,ART-1344,1101.15,ATELIER 1,EN_COURS_INJECTION
2026-04-15,ART-1786,612.4,DEPOT A,EN_COURS_INJECTION
2026-01-31,ART-1037,678.13,ATELIER 1,EN_COURS_INJECTION
2026-04-30,ART-1763,986.08,DEPOT A,EN_COURS_INJECTION
2026-01-15,ART-1379,869.07,DEPOT NORD,EN_COURS_INJECTION
2026-01-15,ART-1598,815.09,ATELIER 1,EN_COURS_INJECTION
2026-04-30,ART-1640,213.66,DEPOT NORD,EN_COURS_INJECTION
2026-03-15,ART-1344,1089.55,ATELIER 1,EN_COURS_INJECTION
2026-01-15,ART-1685,261.56,MAGASIN CENTRAL,EN_COURS_INJECTION
2026-04-30,ART-1293,1496.23,DEPOT A,EN_COURS_INJECTION
2026-04-15,ART-1448,627.71,DEPOT B,EN_COURS_INJECTION
2026-03-15,ART-1233,898.86,ATELIER 1,EN_COURS_INJECTION
2026-01-15,ART-1069,847.6,DEPOT NORD,EN_COURS_INJECTION
2026-03-15,ART-1685,1187.05,DEPOT NORD,EN_COURS_INJECTION
2026-02-05,ART-1112,862.35,DEPOT A,EN_COURS_INJECTION
2026-04-15,ART-1546,1062.66,DEPOT B,EN_COURS_INJECTION
2026-02-05,ART-1044,412.29,DEPOT B,EN_COURS_INJECTION
2026-01-05,ART-1006,83.19,ATELIER 1,EN_COURS_INJECTION
2026-01-05,ART-1614,748.65,DEPOT NORD,EN_COURS_INJECTION
2026-01-15,ART-1492,1246.56,DEPOT NORD,EN_COURS_INJECTION
2026-03-15,ART-1342,205.05,DEPOT A,EN_COURS_INJECTION
2026-02-15,ART-1603,276.51,DEPOT A,EN_COURS_INJECTION
2026-04-15,ART-1580,622.1,MAGASIN CENTRAL,EN_COURS_INJECTION
2026-03-31,ART-1690,433.29,DEPOT B,EN_COURS_INJECTION
2026-03-31,ART-1469,986.85,DEPOT NORD,EN_COURS_INJECTION
2026-03-15,ART-1130,1064.5,MAGASIN CENTRAL,EN_COURS_INJECTION
2026-02-28,ART-1075,1303.83,DEPOT NORD,EN_COURS_INJECTION
2026-02-28,ART-1570,1382.43,MAGASIN CENTRAL,EN_COURS_INJECTION
2026-01-31,ART-1029,383.82,DEPOT A,EN_COURS_INJECTION
2026-03-31,ART-1778,266.09,MAGASIN CENTRAL,EN_COURS_INJECTION
2026-02-05,ART-1586,709.09,DEPOT A,EN_COURS_INJECTION
2026-04-30,ART-1760,989.57,DEPOT B,EN_COURS_INJECTION
2026-01-15,ART-1591,1084.6,DEPOT A,EN_COURS_INJECTION
2026-04-30,ART-1590,1029.65,DEPOT B,EN_COURS_INJECTION
2026-04-30,ART-1526,970.89,DEPOT A,EN_COURS_INJECTION
2026-02-05,ART-1638,967.13,MAGASIN CENTRAL,EN_COURS_INJECTION
2026-02-15,ART-1265,167.0,ATELIER 1,EN_COURS_INJECTION
2026-04-15,ART-1018,1415.06,MAGASIN CENTRAL,EN_COURS_INJECTION
2026-03-31,ART-1031,907.2,DEPOT NORD,EN_COURS_INJECTION
2026-01-15,ART-1380,465.47,MAGASIN CENTRAL,EN_COURS_INJECTION
2026-01-05,ART-1796,251.5,DEPOT NORD,EN_COURS_INJECTION
2026-04-05,ART-1153,996.61,ATELIER 1,EN_COURS_INJECTION
2026-03-05,ART-1237,1027.29,DEPOT B,EN_COURS_INJECTION
2026-04-05,ART-1535,222.36,DEPOT B,EN_COURS_INJECTION
2026-04-05,ART-1036,930.67,ATELIER 1,EN_COURS_INJECTION
2026-02-15,ART-1162,1358.3,DEPOT NORD,EN_COURS_INJECTION
2026-02-28,ART-1655,1330.76,DEPOT B,EN_COURS_INJECTION
2026-01-15,ART-1255,101.17,DEPOT B,EN_COURS_INJECTION
2026-04-15,ART-1336,816.01,DEPOT NORD,EN_COURS_INJECTION
2026-02-15,ART-1258,463.46,DEPOT B,EN_COURS_INJECTION
2026-01-15,ART-1153,693.99,MAGASIN CENTRAL,EN_COURS_INJECTION
2026-02-15,ART-1214,1170.33,ATELIER 1,EN_COURS_INJECTION
2026-03-05,ART-1153,345.23,DEPOT B,EN_COURS_INJECTION
2026-04-05,ART-1531,1187.05,ATELIER 1,EN_COURS_INJECTION
2026-04-30,ART-1121,1272.86,MAGASIN CENTRAL,EN_COURS_INJECTION
2026-04-15,ART-1295,190.37,DEPOT A,EN_COURS_INJECTION
2026-01-15,ART-1585,663.0,ATELIER 1,EN_COURS_INJECTION
2026-04-15,ART-1477,120.07,MAGASIN CENTRAL,EN_COURS_INJECTION
2026-04-30,ART-1158,1016.42,DEPOT NORD,EN_COURS_INJECTION
2026-01-15,ART-1052,638.22,DEPOT A,EN_COURS_INJECTION
2026-03-05,ART-1062,1391.96,ATELIER 1,EN_COURS_INJECTION
2026-02-05,ART-1307,1093.08,DEPOT NORD,EN_COURS_INJECTION
2026-01-15,ART-1416,551.49,DEPOT NORD,EN_COURS_INJECTION
2026-04-15,ART-1031,787.34,DEPOT B,EN_COURS_INJECTION
2026-04-15,ART-1152,496.5,DEPOT NORD,EN_COURS_INJECTION
2026-04-05,ART-1396,1365.15,MAGASIN CENTRAL,EN_COURS_INJECTION
2026-02-15,ART-1546,759.09,ATELIER 1,EN_COURS_INJECTION
2026-03-15,ART-1712,302.96,DEPOT A,EN_COURS_INJECTION
2026-01-05,ART-1786,881.33,ATELIER 1,EN_COURS_INJECTION
2026-01-31,ART-1036,461.25,DEPOT A,EN_COURS_INJECTION
2026-04-15,ART-1039,1242.44,ATELIER 1,EN_COURS_INJECTION
2026-04-30,ART-1421,365.48,DEPOT B,EN_COURS_INJECTION
2026-04-15,ART-1238,1013.61,ATELIER 1,EN_COURS_INJECTION
2026-03-05,ART-1772,555.06,DEPOT B,EN_COURS_INJECTION
2026-03-31,ART-1187,715.77,DEPOT NORD,EN_COURS_INJECTION
2026-02-28,ART-1434,1158.62,DEPOT A,EN_COURS_INJECTION
2026-01-31,ART-1758,1027.29,MAGASIN CENTRAL,EN_COURS_INJECTION
2026-03-31,ART-1387,1390.67,DEPOT A,EN_COURS_INJECTION
2026-02-05,ART-1064,722.97,DEPOT A,EN_COURS_INJECTION
2026-02-15,ART-1468,1060.57,DEPOT B,EN_COURS_INJECTION
2026-02-28,ART-1337,819.71,DEPOT B,EN_COURS_INJECTION
2026-04-05,ART-1383,535.77,DEPOT NORD,EN_COURS_INJECTION
2026-01-05,ART-1583,1325.47,DEPOT B,EN_COURS_INJECTION
2026-01-15,ART-1107,1006.77,MAGASIN CENTRAL,EN_COURS_INJECTION
2026-04-30,ART-1697,1209.48,DEPOT A,EN_COURS_INJECTION
2026-03-05,ART-1341,1322.74,DEPOT A,EN_COURS_INJECTION
2026-01-15,ART-1641,1341.74,DEPOT B,EN_COURS_INJECTION
2026-04-15,ART-1644,618.27,MAGASIN CENTRAL,EN_COURS_INJECTION
2026-04-30,ART-1083,1263.66,DEPOT NORD,EN_COURS_INJECTION
2026-03-15,ART-1022,346.3,DEPOT NORD,EN_COURS_INJECTION
2026-01-15,ART-1753,215.18,DEPOT A,EN_COURS_INJECTION
2026-01-15,ART-1113,632.41,DEPOT NORD,EN_COURS_INJECTION
2026-02-15,ART-1282,1135.05,ATELIER 1,EN_COURS_INJECTION
2026-03-15,ART-1499,1110.97,DEPOT NORD,EN_COURS_INJECTION
2026-04-05,ART-1777,822.02,DEPOT NORD,EN_COURS_INJECTION
2026-02-15,ART-1555,353.61,ATELIER 1,EN_COURS_INJECTION
2026-04-15,ART-1196,387.86,ATELIER 1,EN_COURS_INJECTION
2026-03-05,ART-1454,1006.59,DEPOT B,EN_COURS_INJECTION
2026-01-15,ART-1541,1487.13,MAGASIN CENTRAL,EN_COURS_INJECTION
2026-04-30,ART-1093,1301.82,DEPOT B,EN_COURS_INJECTION
2026-02-28,ART-1557,1046.37,DEPOT B,EN_COURS_INJECTION
2026-04-05,ART-1542,1400.51,DEPOT A,EN_COURS_INJECTION
2026-03-15,ART-1414,1040.98,DEPOT NORD,EN_COURS_INJECTION
2026-01-05,ART-1572,86.41,DEPOT NORD,EN_COURS_INJECTION
2026-04-05,ART-1776,1479.18,ATELIER 1,EN_COURS_INJECTION
2026-04-30,ART-1297,459.7,DEPOT NORD,EN_COURS_INJECTION
2026-01-15,ART-1780,607.73,ATELIER 1,EN_COURS_INJECTION
2026-04-05,ART-1276,1303.89,ATELIER 1,EN_COURS_INJECTION
2026-03-31,ART-1447,1206.8,MAGASIN CENTRAL,EN_COURS_INJECTION
2026-01-31,ART-1361,1103.59,DEPOT B,EN_COURS_INJECTION
2026-01-05,ART-1778,678.01,DEPOT NORD,EN_COURS_INJECTION
2026-03-05,ART-1625,242.74,MAGASIN CENTRAL,EN_COURS_INJECTION
2026-04-15,ART-1568,835.67,DEPOT A,EN_COURS_INJECTION
2026-01-31,ART-1594,1191.01,DEPOT NORD,EN_COURS_INJECTION
2026-01-05,ART-1206,892.25,DEPOT A,EN_COURS_INJECTION
2026-02-05,ART-1351,239.93,DEPOT NORD,EN_COURS_INJECTION
2026-03-31,ART-1651,1378.27,DEPOT NORD,EN_COURS_INJECTION
2026-04-05,ART-1246,896.68,ATELIER 1,EN_COURS_INJECTION
2026-03-15,ART-1620,1106.67,DEPOT A,EN_COURS_INJECTION
2026-03-31,ART-1233,778.82,MAGASIN CENTRAL,EN_COURS_INJECTION
2026-04-05,ART-1318,941.83,MAGASIN CENTRAL,EN_COURS_INJECTION
2026-02-28,ART-1187,580.69,DEPOT A,EN_COURS_INJECTION
2026-02-05,ART-1072,1283.72,DEPOT B,EN_COURS_INJECTION
2026-03-15,ART-1735,1031.47,MAGASIN CENTRAL,EN_COURS_INJECTION
2026-01-05,ART-1339,626.12,MAGASIN CENTRAL,EN_COURS_INJECTION
2026-04-15,ART-1517,1292.5,DEPOT NORD,EN_COURS_INJECTION
2026-02-28,ART-1766,889.82,DEPOT A,EN_COURS_INJECTION
2026-03-05,ART-1333,968.04,DEPOT B,EN_COURS_INJECTION
2026-02-28,ART-1677,653.93,DEPOT A,EN_COURS_INJECTION
2026-01-15,ART-1311,794.18,ATELIER 1,EN_COURS_INJECTION
2026-02-05,ART-1708,452.65,ATELIER 1,EN_COURS_INJECTION
2026-01-31,ART-1408,1294.2,DEPOT A,EN_COURS_INJECTION
2026-01-31,ART-1009,1260.59,DEPOT A,EN_COURS_INJECTION
2026-03-31,ART-1360,293.71,MAGASIN CENTRAL,EN_COURS_INJECTION
2026-03-31,ART-1130,499.46,DEPOT A,EN_COURS_INJECTION
2026-03-31,ART-1157,1299.3,DEPOT NORD,EN_COURS_INJECTION
2026-02-05,ART-1214,1088.22,DEPOT A,EN_COURS_INJECTION
2026-04-15,ART-1100,330.13,DEPOT NORD,EN_COURS_INJECTION
2026-01-31,ART-1271,45.92,DEPOT NORD,EN_COURS_INJECTION
2026-03-15,ART-1516,965.29,DEPOT A,EN_COURS_INJECTION
2026-04-05,ART-1143,492.02,DEPOT A,EN_COURS_INJECTION
2026-04-05,ART-1646,1176.36,DEPOT A,EN_COURS_INJECTION
2026-01-15,ART-1469,147.16,DEPOT B,EN_COURS_INJECTION
2026-03-31,ART-1166,287.29,DEPOT A,EN_COURS_INJECTION
2026-04-05,ART-1724,339.49,DEPOT B,EN_COURS_INJECTION
2026-01-31,ART-1254,756.71,DEPOT NORD,EN_COURS_INJECTION
2026-02-28,ART-1140,1004.3,DEPOT A,EN_COURS_INJECTION
2026-04-15,ART-1593,172.61,MAGASIN CENTRAL,EN_COURS_INJECTION
2026-01-15,ART-1735,1350.68,ATELIER 1,EN_COURS_INJECTION
2026-02-15,ART-1634,62.71,ATELIER 1,EN_COURS_INJECTION
2026-02-05,ART-1123,607.81,MAGASIN CENTRAL,EN_COURS_INJECTION
2026-01-31,ART-1451,524.37,ATELIER 1,EN_COURS_INJECTION
2026-03-31,ART-1661,983.89,DEPOT A,EN_COURS_INJECTION
2026-04-30,ART-1718,210.75,ATELIER 1,EN_COURS_INJECTION
2026-03-15,ART-1602,528.13,DEPOT A,EN_COURS_INJECTION
2026-03-15,ART-1622,301.62,MAGASIN CENTRAL,EN_COURS_INJECTION
2026-04-15,ART-1037,1263.43,DEPOT B,EN_COURS_INJECTION
2026-04-05,ART-1248,1456.75,DEPOT NORD,EN_COURS_INJECTION
2026-02-05,ART-1656,1316.3,MAGASIN CENTRAL,EN_COURS_INJECTION
2026-02-05,ART-1124,1122.78,DEPOT A,EN_COURS_INJECTION
2026-04-30,ART-1727,586.31,MAGASIN CENTRAL,EN_COURS_INJECTION
2026-04-30,ART-1285,653.42,ATELIER 1,EN_COURS_INJECTION
2026-02-15,ART-1370,782.68,ATELIER 1,EN_COURS_INJECTION
2026-01-05,ART-1086,769.98,ATELIER 1,EN_COURS_INJECTION
2026-03-15,ART-1025,460.8,DEPOT B,EN_COURS_INJECTION
2026-01-31,ART-1650,791.77,DEPOT A,EN_COURS_INJECTION
2026-01-15,ART-1571,839.24,DEPOT A,EN_COURS_INJECTION
2026-02-28,ART-1601,165.98,DEPOT A,EN_COURS_INJECTION
2026-04-15,ART-1288,333.04,DEPOT A,EN_COURS_INJECTION
2026-04-15,ART-1175,1462.65,ATELIER 1,EN_COURS_INJECTION
2026-01-31,ART-1748,1078.6,DEPOT A,EN_COURS_INJECTION
2026-03-15,ART-1322,357.75,DEPOT NORD,EN_COURS_INJECTION
2026-02-05,ART-1740,1202.59,ATELIER 1,EN_COURS_INJECTION
2026-04-05,ART-1411,431.14,ATELIER 1,EN_COURS_INJECTION
2026-03-05,ART-1649,15.66,DEPOT A,EN_COURS_INJECTION
2026-01-15,ART-1246,186.67,DEPOT NORD,EN_COURS_INJECTION
2026-04-30,ART-1577,710.61,ATELIER 1,EN_COURS_INJECTION
2026-01-15,ART-1590,170.69,DEPOT B,EN_COURS_INJECTION
2026-04-30,ART-1112,223.63,DEPOT A,EN_COURS_INJECTION
2026-03-15,ART-1069,385.56,DEPOT NORD,EN_COURS_INJECTION
2026-01-31,ART-1767,1036.32,DEPOT B,EN_COURS_INJECTION
2026-03-15,ART-1583,1222.73,ATELIER 1,EN_COURS_INJECTION
2026-03-05,ART-1709,1481.5,MAGASIN CENTRAL,EN_COURS_INJECTION
2026-03-31,ART-1419,191.24,DEPOT NORD,EN_COURS_INJECTION
2026-03-15,ART-1538,506.21,ATELIER 1,EN_COURS_INJECTION
2026-04-30,ART-1387,718.07,DEPOT A,EN_COURS_INJECTION
2026-01-05,ART-1609,551.87,ATELIER 1,EN_COURS_INJECTION
2026-02-28,ART-1263,1267.6,ATELIER 1,EN_COURS_INJECTION
2026-03-31,ART-1617,1297.74,DEPOT B,EN_COURS_INJECTION
2026-03-15,ART-1353,738.12,DEPOT NORD,EN_COURS_INJECTION
2026-02-15,ART-1575,1090.61,DEPOT B,EN_COURS_INJECTION
2026-01-31,ART-1374,1429.6,DEPOT A,EN_COURS_INJECTION
2026-04-05,ART-1522,484.82,ATELIER 1,EN_COURS_INJECTION
2026-03-31,ART-1536,35.79,DEPOT NORD,EN_COURS_INJECTION
2026-01-15,ART-1575,1060.0,DEPOT NORD,EN_COURS_INJECTION
2026-04-15,ART-1625,196.43,DEPOT B,EN_COURS_INJECTION
2026-04-15,ART-1148,1300.99,ATELIER 1,EN_COURS_INJECTION
2026-01-15,ART-1437,219.81,DEPOT NORD,EN_COURS_INJECTION
2026-01-15,ART-1445,60.05,DEPOT B,EN_COURS_INJECTION
2026-02-15,ART-1773,514.09,ATELIER 1,EN_COURS_INJECTION
2026-02-28,ART-1135,1298.67,DEPOT A,EN_COURS_INJECTION
2026-04-30,ART-1478,1496.46,DEPOT A,EN_COURS_INJECTION
2026-04-15,ART-1588,1255.41,DEPOT B,EN_COURS_INJECTION
2026-04-30,ART-1409,578.19,,EN_COURS_INJECTION
2026-04-15,ART-1676,1221.51,DEPOT A,EN_COURS_INJECTION
2026-04-05,ART-1364,162.59,ATELIER 1,EN_COURS_INJECTION
2026-03-05,ART-1710,1393.28,ATELIER 1,EN_COURS_INJECTION
2026-01-31,ART-1790,900.8,DEPOT B,EN_COURS_INJECTION
2026-02-28,ART-1123,220.95,MAGASIN CENTRAL,EN_COURS_INJECTION
2026-04-05,ART-1544,1305.54,DEPOT B,EN_COURS_INJECTION
2026-04-15,ART-1362,275.52,MAGASIN CENTRAL,EN_COURS_INJECTION
2026-03-31,ART-1475,43.63,DEPOT B,EN_COURS_INJECTION
2026-03-05,ART-1122,677.92,MAGASIN CENTRAL,EN_COURS_INJECTION
2026-01-15,ART-1010,1088.32,DEPOT B,EN_COURS_INJECTION
2026-04-05,ART-1664,204.84,DEPOT A,EN_COURS_INJECTION
2026-02-15,ART-1512,542.09,DEPOT B,EN_COURS_INJECTION
2026-01-31,ART-1082,337.28,MAGASIN CENTRAL,EN_COURS_INJECTION
2026-01-31,ART-1574,1002.35,MAGASIN CENTRAL,EN_COURS_INJECTION
2026-02-28,ART-1757,795.3,DEPOT A,EN_COURS_INJECTION
2026-01-05,ART-1075,487.6,DEPOT B,EN_COURS_INJECTION
2026-04-15,ART-1075,521.55,ATELIER 1,EN_COURS_INJECTION
2026-01-31,ART-1537,1033.56,DEPOT B,EN_COURS_INJECTION
2026-03-15,ART-1424,624.85,DEPOT A,EN_COURS_INJECTION
2026-02-15,ART-1228,766.25,DEPOT NORD,EN_COURS_INJECTION
2026-02-15,ART-1084,176.3,DEPOT NORD,EN_COURS_INJECTION
2026-04-05,ART-1336,455.22,ATELIER 1,EN_COURS_INJECTION
2026-04-15,ART-1506,176.87,DEPOT A,EN_COURS_INJECTION
2026-04-15,ART-1152,363.95,DEPOT A,EN_COURS_INJECTION
2026-03-05,ART-1013,1352.76,DEPOT A,EN_COURS_INJECTION
2026-04-15,ART-1763,116.64,DEPOT B,EN_COURS_INJECTION
2026-03-31,ART-1692,782.4,DEPOT NORD,EN_COURS_INJECTION
2026-01-31,ART-1082,23.84,,EN_COURS_INJECTION
2026-03-31,ART-1465,162.07,MAGASIN CENTRAL,EN_COURS_INJECTION
2026-02-05,ART-1384,1436.19,DEPOT A,EN_COURS_INJECTION
2026-04-05,ART-1115,888.79,DEPOT B,EN_COURS_INJECTION
2026-02-28,ART-1186,1272.44,DEPOT A,EN_COURS_INJECTION
2026-01-15,ART-1234,1190.5,ATELIER 1,EN_COURS_INJECTION
2026-04-05,ART-1523,1144.35,DEPOT B,EN_COURS_INJECTION
2026-04-30,ART-1214,522.97,DEPOT A,EN_COURS_INJECTION
2026-01-15,ART-1152,669.4,DEPOT B,EN_COURS_INJECTION
2026-02-05,ART-1662,430.24,ATELIER 1,EN_COURS_INJECTION
2026-04-30,ART-1589,947.4,ATELIER 1,EN_COURS_INJECTION
2026-01-31,ART-1569,997.38,MAGASIN CENTRAL,EN_COURS_INJECTION
2026-04-15,ART-1297,223.92,MAGASIN CENTRAL,EN_COURS_INJECTION
2026-03-15,ART-1385,608.85,DEPOT A,EN_COURS_INJECTION
2026-02-05,ART-1306,1375.82,ATELIER 1,EN_COURS_INJECTION
2026-02-05,ART-1719,713.42,MAGASIN CENTRAL,EN_COURS_INJECTION
2026-02-28,ART-1071,7.34,DEPOT NORD,EN_COURS_INJECTION
2026-02-28,ART-1437,240.74,DEPOT NORD,EN_COURS_INJECTION
2026-01-05,ART-1626,965.4,DEPOT B,EN_COURS_INJECTION
2026-03-05,ART-1329,122.02,DEPOT NORD,EN_COURS_INJECTION
2026-01-31,ART-1615,1354.39,ATELIER 1,EN_COURS_INJECTION
2026-01-31,ART-1197,496.94,ATELIER 1,EN_COURS_INJECTION
2026-04-15,ART-1168,393.92,DEPOT NORD,EN_COURS_INJECTION
2026-03-31,ART-1185,886.54,DEPOT B,EN_COURS_INJECTION
2026-01-05,ART-1457,386.1,DEPOT A,EN_COURS_INJECTION
2026-01-05,ART-1325,77.03,MAGASIN CENTRAL,EN_COURS_INJECTION
2026-01-31,ART-1613,1477.12,MAGASIN CENTRAL,EN_COURS_INJECTION
2026-04-15,ART-1685,1317.84,DEPOT B,EN_COURS_INJECTION
2026-03-31,ART-1033,723.56,ATELIER 1,EN_COURS_INJECTION
2026-01-31,ART-1553,625.81,DEPOT A,EN_COURS_INJECTION
2026-02-28,ART-1235,174.95,DEPOT A,EN_COURS_INJECTION
2026-01-31,ART-1258,1018.28,DEPOT A,EN_COURS_INJECTION
2026-04-15,ART-1246,624.81,DEPOT A,EN_COURS_INJECTION
2026-02-15,ART-1463,848.6,DEPOT A,EN_COURS_INJECTION
2026-02-28,ART-1417,929.11,DEPOT B,EN_COURS_INJECTION
2026-04-05,ART-1649,512.98,DEPOT A,EN_COURS_INJECTION
2026-04-15,ART-1060,195.23,DEPOT NORD,EN_COURS_INJECTION
2026-04-30,ART-1245,1170.03,DEPOT NORD,EN_COURS_INJECTION
2026-03-05,ART-1382,695.98,DEPOT NORD,EN_COURS_INJECTION
2026-01-15,ART-1053,1352.7,DEPOT B,EN_COURS_INJECTION
2026-04-05,ART-1607,1211.15,DEPOT A,EN_COURS_INJECTION
2026-03-31,ART-1177,252.72,MAGASIN CENTRAL,EN_COURS_INJECTION
2026-03-31,ART-1776,725.94,ATELIER 1,EN_COURS_INJECTION
2026-03-31,ART-1319,173.1,DEPOT B,EN_COURS_INJECTION
2026-01-31,ART-1331,1217.23,DEPOT A,EN_COURS_INJECTION
2026-03-31,ART-1010,616.21,DEPOT A,EN_COURS_INJECTION
2026-02-05,ART-1668,1077.27,DEPOT A,EN_COURS_INJECTION
2026-02-05,ART-1155,337.18,ATELIER 1,EN_COURS_INJECTION
2026-04-15,ART-1159,87.86,MAGASIN CENTRAL,EN_COURS_INJECTION
2026-04-15,ART-1039,751.48,DEPOT A,EN_COURS_INJECTION
2026-02-05,ART-1651,1364.33,ATELIER 1,EN_COURS_INJECTION
2026-04-15,ART-1575,892.69,DEPOT A,EN_COURS_INJECTION
2026-03-31,ART-1476,291.36,DEPOT B,EN_COURS_INJECTION
2026-03-31,ART-1151,159.49,DEPOT B,EN_COURS_INJECTION
2026-04-15,ART-1318,985.69,DEPOT NORD,EN_COURS_INJECTION
2026-01-15,ART-1351,546.89,DEPOT NORD,EN_COURS_INJECTION
2026-01-05,ART-1549,1406.72,ATELIER 1,EN_COURS_INJECTION
2026-01-31,ART-1236,218.51,DEPOT NORD,EN_COURS_INJECTION
2026-01-15,ART-1468,1236.44,ATELIER 1,EN_COURS_INJECTION
2026-03-15,ART-1055,728.17,DEPOT NORD,EN_COURS_INJECTION
2026-01-05,ART-1229,1064.42,MAGASIN CENTRAL,EN_COURS_INJECTION
2026-01-15,ART-1258,475.21,DEPOT NORD,EN_COURS_INJECTION
2026-02-28,ART-1405,434.26,DEPOT B,EN_COURS_INJECTION
2026-03-15,ART-1188,240.45,DEPOT A,EN_COURS_INJECTION
2026-02-15,ART-1410,350.9,DEPOT A,EN_COURS_INJECTION
2026-03-31,ART-1603,780.82,ATELIER 1,EN_COURS_INJECTION
2026-03-05,ART-1713,1240.26,DEPOT B,EN_COURS_INJECTION
2026-01-15,ART-1701,373.46,MAGASIN CENTRAL,EN_COURS_INJECTION
2026-03-31,ART-1655,97.2,MAGASIN CENTRAL,EN_COURS_INJECTION
2026-03-05,ART-1669,953.2,DEPOT NORD,EN_COURS_INJECTION
2026-01-15,ART-1544,1196.27,ATELIER 1,EN_COURS_INJECTION
2026-01-15,ART-1462,1000.16,DEPOT B,EN_COURS_INJECTION
2026-01-05,ART-1135,1467.94,ATELIER 1,EN_COURS_INJECTION
2026-02-28,ART-1266,918.47,DEPOT A,EN_COURS_INJECTION
2026-04-30,ART-1343,926.78,MAGASIN CENTRAL,EN_COURS_INJECTION
2026-04-05,ART-1687,243.71,DEPOT A,EN_COURS_INJECTION
2026-04-05,ART-1350,233.65,DEPOT NORD,EN_COURS_INJECTION
2026-02-28,ART-1089,1315.99,DEPOT A,EN_COURS_INJECTION
2026-01-31,ART-1177,575.69,DEPOT NORD,EN_COURS_INJECTION
2026-04-15,ART-1025,411.58,DEPOT B,EN_COURS_INJECTION
2026-01-15,ART-1504,561.56,DEPOT A,EN_COURS_INJECTION
2026-04-15,ART-1464,1443.41,ATELIER 1,EN_COURS_INJECTION
2026-04-05,ART-1584,1396.12,ATELIER 1,EN_COURS_INJECTION
2026-03-31,ART-1274,476.41,DEPOT A,EN_COURS_INJECTION
2026-02-15,ART-1024,1489.47,ATELIER 1,EN_COURS_INJECTION
2026-01-31,ART-1692,469.8,DEPOT B,EN_COURS_INJECTION
2026-02-15,ART-1490,1050.36,DEPOT NORD,EN_COURS_INJECTION
2026-02-28,ART-1453,973.93,DEPOT B,EN_COURS_INJECTION
2026-04-15,ART-1484,1393.58,ATELIER 1,EN_COURS_INJECTION
2026-01-15,ART-1394,270.37,DEPOT NORD,EN_COURS_INJECTION
2026-03-31,ART-1086,0.0,ATELIER 1,EN_COURS_INJECTION
2026-02-05,ART-1436,596.58,DEPOT NORD,EN_COURS_INJECTION
2026-03-05,ART-1071,853.03,DEPOT A,EN_COURS_INJECTION
2026-04-30,ART-1283,271.99,DEPOT NORD,EN_COURS_INJECTION
2026-01-15,ART-1267,345.36,DEPOT B,EN_COURS_INJECTION
2026-04-30,ART-1271,1168.71,DEPOT NORD,EN_COURS_INJECTION
2026-01-15,ART-1302,353.46,DEPOT NORD,EN_COURS_INJECTION
2026-02-05,ART-1693,1313.11,DEPOT B,EN_COURS_INJECTION
2026-02-15,ART-1041,198.23,DEPOT B,EN_COURS_INJECTION
2026-04-05,ART-1044,,DEPOT NORD,EN_COURS_INJECTION
2026-03-05,ART-1094,1308.22,DEPOT B,EN_COURS_INJECTION
2026-01-05,ART-1062,1431.64,DEPOT NORD,EN_COURS_INJECTION
2026-03-15,ART-1428,782.9,DEPOT B,EN_COURS_INJECTION
2026-01-05,ART-1148,1077.52,DEPOT NORD,EN_COURS_INJECTION
2026-03-15,ART-1370,629.11,ATELIER 1,EN_COURS_INJECTION
2026-01-31,ART-1172,767.87,DEPOT A,EN_COURS_INJECTION
2026-03-31,ART-1092,,MAGASIN CENTRAL,EN_COURS_INJECTION
2026-01-15,ART-1554,227.85,DEPOT A,EN_COURS_INJECTION
2026-02-15,ART-1447,587.41,ATELIER 1,EN_COURS_INJECTION
2026-01-15,ART-1387,825.54,DEPOT B,EN_COURS_INJECTION
2026-02-28,ART-1153,562.22,DEPOT B,EN_COURS_INJECTION
2026-02-05,ART-1664,1344.38,DEPOT A,EN_COURS_INJECTION
2026-02-28,ART-1146,129.38,MAGASIN CENTRAL,EN_COURS_INJECTION
2026-02-15,ART-1500,1193.45,DEPOT B,EN_COURS_INJECTION
2026-01-31,ART-1039,629.74,DEPOT A,EN_COURS_INJECTION
2026-04-15,ART-1114,1250.42,DEPOT A,EN_COURS_INJECTION
2026-02-28,ART-1403,421.2,DEPOT A,EN_COURS_INJECTION
2026-03-05,ART-1225,832.94,ATELIER 1,EN_COURS_INJECTION
2026-02-05,ART-1334,1163.97,ATELIER 1,EN_COURS_INJECTION
2026-01-31,ART-1650,737.29,MAGASIN CENTRAL,EN_COURS_INJECTION
2026-02-15,ART-1120,229.05,DEPOT A,EN_COURS_INJECTION
2026-04-30,ART-1323,670.42,DEPOT A,EN_COURS_INJECTION
2026-01-15,ART-1132,330.34,DEPOT NORD,EN_COURS_INJECTION
2026-03-15,ART-1609,140.83,ATELIER 1,EN_COURS_INJECTION
2026-02-28,ART-1302,274.68,DEPOT B,EN_COURS_INJECTION
2026-01-05,ART-1422,1245.42,DEPOT NORD,EN_COURS_INJECTION
2026-02-05,ART-1188,554.48,ATELIER 1,EN_COURS_INJECTION
2026-03-31,ART-1608,109.17,DEPOT A,EN_COURS_INJECTION
2026-01-31,ART-1628,534.25,DEPOT B,EN_COURS_INJECTION
2026-01-31,ART-1057,874.19,MAGASIN CENTRAL,EN_COURS_INJECTION
2026-01-05,ART-1025,916.76,ATELIER 1,EN_COURS_INJECTION
2026-02-05,ART-1341,1297.2,DEPOT B,EN_COURS_INJECTION
2026-03-31,ART-1776,1002.97,DEPOT NORD,EN_COURS_INJECTION
2026-01-31,ART-1052,1386.58,MAGASIN CENTRAL,EN_COURS_INJECTION
2026-03-31,ART-1477,171.55,DEPOT B,EN_COURS_INJECTION
2026-04-30,ART-1533,616.6,DEPOT B,EN_COURS_INJECTION
2026-04-15,ART-1255,1122.08,DEPOT NORD,EN_COURS_INJECTION
2026-02-28,ART-1520,890.51,ATELIER 1,EN_COURS_INJECTION
2026-01-15,ART-1576,482.08,ATELIER 1,EN_COURS_INJECTION
2026-04-30,ART-1690,116.77,ATELIER 1,EN_COURS_INJECTION
2026-04-15,ART-1527,1043.79,ATELIER 1,EN_COURS_INJECTION
2026-01-31,ART-1156,271.28,MAGASIN CENTRAL,EN_COURS_INJECTION
2026-01-15,ART-1255,991.54,DEPOT NORD,EN_COURS_INJECTION
2026-03-15,ART-1416,744.11,MAGASIN CENTRAL,EN_COURS_INJECTION
2026-03-05,ART-1477,600.38,DEPOT NORD,EN_COURS_INJECTION
2026-01-05,ART-1516,1470.21,DEPOT B,EN_COURS_INJECTION
2026-04-05,ART-1733,82.56,DEPOT B,EN_COURS_INJECTION
2026-03-31,ART-1534,1150.36,MAGASIN CENTRAL,EN_COURS_INJECTION
2026-02-05,ART-1110,1094.75,DEPOT B,EN_COURS_INJECTION
2026-04-15,ART-1351,1495.43,DEPOT NORD,EN_COURS_INJECTION
2026-03-15,ART-1555,127.4,DEPOT B,EN_COURS_INJECTION
2026-04-15,ART-1112,982.41,DEPOT A,EN_COURS_INJECTION
2026-02-28,ART-1719,21.71,DEPOT A,EN_COURS_INJECTION
2026-03-15,ART-1598,294.39,MAGASIN CENTRAL,EN_COURS_INJECTION
2026-03-31,ART-1148,944.93,MAGASIN CENTRAL,EN_COURS_INJECTION
2026-03-31,ART-1244,155.6,ATELIER 1,EN_COURS_INJECTION
2026-03-31,ART-1249,202.88,DEPOT A,EN_COURS_INJECTION
2026-02-15,ART-1798,585.06,DEPOT NORD,EN_COURS_INJECTION
2026-04-30,ART-1054,427.57,DEPOT B,EN_COURS_INJECTION
2026-01-05,ART-1256,1145.27,ATELIER 1,EN_COURS_INJECTION
2026-02-28,ART-1629,947.0,MAGASIN CENTRAL,EN_COURS_INJECTION
2026-03-15,ART-1559,810.05,ATELIER 1,EN_COURS_INJECTION
2026-04-15,ART-1386,1349.78,ATELIER 1,EN_COURS_INJECTION
2026-04-05,ART-1625,243.43,DEPOT B,EN_COURS_INJECTION
2026-04-15,ART-1307,362.7,ATELIER 1,EN_COURS_INJECTION
2026-02-28,ART-1383,739.51,DEPOT NORD,EN_COURS_INJECTION
2026-03-05,ART-1526,1244.23,MAGASIN CENTRAL,EN_COURS_INJECTION
2026-02-15,ART-1581,1312.84,ATELIER 1,EN_COURS_INJECTION
2026-04-15,ART-1058,969.12,MAGASIN CENTRAL,EN_COURS_INJECTION
2026-02-05,ART-1344,0.0,DEPOT B,EN_COURS_INJECTION
2026-03-31,ART-1788,1075.66,MAGASIN CENTRAL,EN_COURS_INJECTION
2026-03-31,ART-1744,218.93,DEPOT B,EN_COURS_INJECTION
2026-01-15,ART-1613,1355.01,ATELIER 1,EN_COURS_INJECTION
2026-04-15,ART-1600,333.36,DEPOT NORD,EN_COURS_INJECTION
2026-03-31,ART-1622,36.36,MAGASIN CENTRAL,EN_COURS_INJECTION
2026-02-15,ART-1382,263.01,ATELIER 1,EN_COURS_INJECTION
2026-02-05,ART-1515,859.2,ATELIER 1,EN_COURS_INJECTION
2026-02-28,ART-1146,1125.0,DEPOT A,EN_COURS_INJECTION
2026-02-05,ART-1144,896.17,DEPOT B,EN_COURS_INJECTION
2026-04-15,ART-1105,1494.52,MAGASIN CENTRAL,EN_COURS_INJECTION
2026-01-31,ART-1011,164.29,DEPOT A,EN_COURS_INJECTION
2026-04-05,ART-1761,274.89,MAGASIN CENTRAL,EN_COURS_INJECTION
2026-01-05,ART-1370,162.63,MAGASIN CENTRAL,EN_COURS_INJECTION
2026-01-05,ART-1297,0.0,DEPOT B,EN_COURS_INJECTION
2026-01-15,ART-1086,1032.27,DEPOT NORD,EN_COURS_INJECTION
2026-04-15,ART-1317,778.41,DEPOT A,EN_COURS_INJECTION
2026-04-15,ART-1758,472.56,MAGASIN CENTRAL,EN_COURS_INJECTION
2026-03-05,ART-1386,1272.44,DEPOT NORD,EN_COURS_INJECTION
2026-01-31,ART-1510,556.29,ATELIER 1,EN_COURS_INJECTION
2026-02-28,ART-1199,411.93,DEPOT NORD,EN_COURS_INJECTION
2026-02-15,ART-1078,369.6,DEPOT A,EN_COURS_INJECTION
2026-01-15,ART-1703,611.8,ATELIER 1,EN_COURS_INJECTION
2026-01-15,ART-1557,961.53,DEPOT NORD,EN_COURS_INJECTION
2026-03-05,ART-1284,642.45,ATELIER 1,EN_COURS_INJECTION
2026-02-15,ART-1346,828.91,DEPOT NORD,EN_COURS_INJECTION
2026-03-05,ART-1261,155.64,DEPOT B,EN_COURS_INJECTION
2026-04-05,ART-1327,960.84,DEPOT A,EN_COURS_INJECTION
2026-02-28,ART-1326,396.62,,EN_COURS_INJECTION
2026-02-15,ART-1114,360.27,DEPOT B,EN_COURS_INJECTION
2026-02-28,ART-1566,1387.66,ATELIER 1,EN_COURS_INJECTION
2026-04-05,ART-1152,1003.87,ATELIER 1,EN_COURS_INJECTION
2026-02-15,ART-1076,1255.22,DEPOT B,EN_COURS_INJECTION
2026-01-15,ART-1019,310.77,DEPOT B,EN_COURS_INJECTION
2026-04-15,ART-1773,429.3,ATELIER 1,EN_COURS_INJECTION
2026-04-30,ART-1542,1116.31,DEPOT A,EN_COURS_INJECTION
2026-03-05,ART-1492,280.29,ATELIER 1,EN_COURS_INJECTION
2026-02-05,ART-1115,138.2,DEPOT NORD,EN_COURS_INJECTION
2026-03-31,ART-1798,799.28,DEPOT B,EN_COURS_INJECTION
2026-02-05,ART-1595,769.52,DEPOT NORD,EN_COURS_INJECTION
2026-02-15,ART-1067,164.65,DEPOT NORD,EN_COURS_INJECTION
2026-04-05,ART-1358,916.93,DEPOT NORD,EN_COURS_INJECTION
2026-03-31,ART-1783,585.87,DEPOT A,EN_COURS_INJECTION
2026-01-05,ART-1525,1199.47,DEPOT B,EN_COURS_INJECTION
2026-02-28,ART-1392,844.44,DEPOT B,EN_COURS_INJECTION
2026-03-05,ART-1728,1430.17,DEPOT B,EN_COURS_INJECTION
2026-02-28,ART-1010,998.76,DEPOT A,EN_COURS_INJECTION
2026-02-15,ART-1348,1012.19,ATELIER 1,EN_COURS_INJECTION
2026-02-05,ART-1425,294.78,MAGASIN CENTRAL,EN_COURS_INJECTION
2026-04-05,ART-1262,1384.24,MAGASIN CENTRAL,EN_COURS_INJECTION
2026-03-05,ART-1794,913.28,ATELIER 1,EN_COURS_INJECTION
2026-01-15,ART-1694,1286.43,DEPOT B,EN_COURS_INJECTION
2026-04-15,ART-1103,993.57,DEPOT B,EN_COURS_INJECTION
2026-03-05,ART-1287,1427.65,ATELIER 1,EN_COURS_INJECTION
2026-03-31,ART-1468,514.69,DEPOT B,EN_COURS_INJECTION
2026-01-15,ART-1736,1120.79,DEPOT NORD,EN_COURS_INJECTION
2026-01-31,ART-1678,1464.75,DEPOT B,EN_COURS_INJECTION
2026-02-05,ART-1411,164.68,DEPOT NORD,EN_COURS_INJECTION
2026-02-05,ART-1388,142.83,DEPOT B,EN_COURS_INJECTION
2026-01-31,ART-1520,769.29,DEPOT B,EN_COURS_INJECTION
2026-02-05,ART-1714,868.61,DEPOT A,EN_COURS_INJECTION
2026-04-05,ART-1769,1043.39,MAGASIN CENTRAL,EN_COURS_INJECTION
2026-03-15,ART-1652,339.46,DEPOT NORD,EN_COURS_INJECTION
2026-03-31,ART-1765,349.14,DEPOT B,EN_COURS_INJECTION
2026-03-15,ART-1478,1455.91,ATELIER 1,EN_COURS_INJECTION
2026-01-15,ART-1437,654.69,DEPOT A,EN_COURS_INJECTION
2026-03-15,ART-1778,1472.17,MAGASIN CENTRAL,EN_COURS_INJECTION
2026-02-05,ART-1405,780.3,MAGASIN CENTRAL,EN_COURS_INJECTION
2026-03-05,ART-1006,152.52,ATELIER 1,EN_COURS_INJECTION
2026-02-15,ART-1542,92.9,DEPOT B,EN_COURS_INJECTION
2026-01-31,ART-1277,39.75,DEPOT A,EN_COURS_INJECTION
2026-02-15,ART-1150,68.1,DEPOT A,EN_COURS_INJECTION
2026-03-31,ART-1270,190.06,MAGASIN CENTRAL,EN_COURS_INJECTION
2026-04-15,ART-1210,452.29,MAGASIN CENTRAL,EN_COURS_INJECTION
2026-02-15,ART-1122,259.69,ATELIER 1,EN_COURS_INJECTION
2026-01-31,ART-1206,98.98,ATELIER 1,EN_COURS_INJECTION
2026-02-28,ART-1492,1433.43,MAGASIN CENTRAL,EN_COURS_INJECTION
2026-02-05,ART-1648,1278.09,ATELIER 1,EN_COURS_INJECTION
2026-01-15,ART-1461,285.8,DEPOT B,EN_COURS_INJECTION
2026-02-05,ART-1037,745.41,MAGASIN CENTRAL,EN_COURS_INJECTION
2026-03-15,ART-1463,1143.42,DEPOT B,EN_COURS_INJECTION
2026-02-15,ART-1288,978.92,DEPOT A,EN_COURS_INJECTION
2026-01-31,ART-1723,292.01,DEPOT B,EN_COURS_INJECTION
2026-04-30,ART-1457,867.97,DEPOT NORD,EN_COURS_INJECTION
2026-02-15,ART-1343,1030.3,DEPOT NORD,EN_COURS_INJECTION
2026-03-15,ART-1711,556.47,MAGASIN CENTRAL,EN_COURS_INJECTION
2026-04-15,ART-1376,970.26,MAGASIN CENTRAL,EN_COURS_INJECTION
2026-04-15,ART-1547,935.34,MAGASIN CENTRAL,EN_COURS_INJECTION
2026-03-31,ART-1057,1163.14,ATELIER 1,EN_COURS_INJECTION
2026-01-31,ART-1247,1120.92,MAGASIN CENTRAL,EN_COURS_INJECTION
2026-03-05,ART-1412,1408.34,DEPOT NORD,EN_COURS_INJECTION
2026-02-05,ART-1223,486.16,DEPOT NORD,EN_COURS_INJECTION
2026-04-15,ART-1388,1016.43,ATELIER 1,EN_COURS_INJECTION
2026-03-31,ART-1198,66.83,DEPOT A,EN_COURS_INJECTION
2026-02-28,ART-1607,1405.85,DEPOT A,EN_COURS_INJECTION
2026-02-05,ART-1445,1014.53,DEPOT B,EN_COURS_INJECTION
2026-03-05,ART-1063,684.06,MAGASIN CENTRAL,EN_COURS_INJECTION
2026-02-15,ART-1438,397.76,DEPOT A,EN_COURS_INJECTION
2026-04-15,ART-1169,777.96,MAGASIN CENTRAL,EN_COURS_INJECTION
2026-04-05,ART-1551,938.05,MAGASIN CENTRAL,EN_COURS_INJECTION
2026-04-05,ART-1570,1447.04,ATELIER 1,EN_COURS_INJECTION
2026-02-28,ART-1684,928.45,DEPOT A,EN_COURS_INJECTION
2026-01-31,ART-1055,296.88,DEPOT NORD,EN_COURS_INJECTION
2026-02-05,ART-1664,1225.17,DEPOT B,EN_COURS_INJECTION
2026-03-05,ART-1449,564.97,MAGASIN CENTRAL,EN_COURS_INJECTION
2026-01-05,ART-1041,572.39,DEPOT NORD,EN_COURS_INJECTION
2026-01-31,ART-1782,965.45,DEPOT NORD,EN_COURS_INJECTION
2026-04-15,ART-1669,589.96,ATELIER 1,EN_COURS_INJECTION
2026-01-15,ART-1164,26.0,DEPOT B,EN_COURS_INJECTION
2026-01-15,ART-1408,896.25,MAGASIN CENTRAL,EN_COURS_INJECTION
2026-01-15,ART-1353,66.39,DEPOT A,EN_COURS_INJECTION
2026-04-05,ART-1070,1130.16,DEPOT A,EN_COURS_INJECTION
2026-04-05,ART-1011,987.45,DEPOT A,EN_COURS_INJECTION
2026-04-30,ART-1460,211.94,DEPOT B,EN_COURS_INJECTION
2026-02-05,ART-1378,344.29,ATELIER 1,EN_COURS_INJECTION
2026-01-15,ART-1512,1018.87,ATELIER 1,EN_COURS_INJECTION
2026-04-05,ART-1088,292.32,DEPOT NORD,EN_COURS_INJECTION
2026-02-05,ART-1397,266.64,DEPOT NORD,EN_COURS_INJECTION
2026-01-15,ART-1287,121.67,DEPOT NORD,EN_COURS_INJECTION
2026-04-15,ART-1515,190.05,DEPOT NORD,EN_COURS_INJECTION
2026-01-31,ART-1666,102.45,DEPOT B,EN_COURS_INJECTION
2026-02-28,ART-1116,1038.96,ATELIER 1,EN_COURS_INJECTION
2026-01-15,ART-1044,360.94,MAGASIN CENTRAL,EN_COURS_INJECTION
2026-02-15,ART-1296,1211.46,DEPOT A,EN_COURS_INJECTION
2026-04-30,ART-1404,734.12,MAGASIN CENTRAL,EN_COURS_INJECTION
2026-02-28,ART-1655,319.1,DEPOT A,EN_COURS_INJECTION
2026-04-05,ART-1165,564.27,ATELIER 1,EN_COURS_INJECTION
2026-03-05,ART-1032,407.63,ATELIER 1,EN_COURS_INJECTION
2026-01-15,ART-1383,1211.95,DEPOT A,EN_COURS_INJECTION
2026-03-05,ART-1344,403.89,DEPOT A,EN_COURS_INJECTION
2026-04-30,ART-1179,505.17,DEPOT NORD,EN_COURS_INJECTION
2026-01-05,ART-1779,1155.4,DEPOT A,EN_COURS_INJECTION
2026-01-15,ART-1515,495.13,DEPOT NORD,EN_COURS_INJECTION
2026-01-15,ART-1508,170.47,DEPOT A,EN_COURS_INJECTION
2026-03-15,ART-1384,497.23,ATELIER 1,EN_COURS_INJECTION
2026-02-28,ART-1411,101.0,ATELIER 1,EN_COURS_INJECTION
2026-03-31,ART-1595,74.24,DEPOT NORD,EN_COURS_INJECTION
2026-04-15,ART-1347,916.33,DEPOT B,EN_COURS_INJECTION
2026-01-31,ART-1382,616.1,DEPOT A,EN_COURS_INJECTION
2026-03-15,ART-1754,589.07,MAGASIN CENTRAL,EN_COURS_INJECTION
2026-02-05,ART-1242,776.1,DEPOT B,EN_COURS_INJECTION
2026-04-05,ART-1752,1108.8,DEPOT B,EN_COURS_INJECTION
2026-04-15,ART-1603,915.99,DEPOT A,EN_COURS_INJECTION
2026-03-05,ART-1251,1023.56,ATELIER 1,EN_COURS_INJECTION
2026-04-15,ART-1680,11.65,DEPOT B,EN_COURS_INJECTION
2026-03-31,ART-1218,625.93,DEPOT B,EN_COURS_INJECTION
2026-01-15,ART-1565,1103.97,DEPOT NORD,EN_COURS_INJECTION
2026-02-05,ART-1499,546.27,DEPOT B,EN_COURS_INJECTION
2026-03-31,ART-1168,931.49,DEPOT A,EN_COURS_INJECTION
2026-04-30,ART-1316,1005.14,ATELIER 1,EN_COURS_INJECTION
2026-01-05,ART-1274,385.24,DEPOT A,EN_COURS_INJECTION
2026-01-15,ART-1388,30.34,DEPOT A,EN_COURS_INJECTION
2026-03-31,ART-1091,1318.35,DEPOT B,EN_COURS_INJECTION
2026-04-15,ART-1457,1008.98,DEPOT NORD,EN_COURS_INJECTION
2026-02-05,ART-1662,395.12,DEPOT B,EN_COURS_INJECTION
2026-01-15,ART-1008,791.39,DEPOT NORD,EN_COURS_INJECTION
2026-04-30,ART-1567,718.8,DEPOT NORD,EN_COURS_INJECTION
2026-02-05,ART-1631,1218.15,ATELIER 1,EN_COURS_INJECTION
2026-02-28,ART-1035,1255.94,DEPOT NORD,EN_COURS_INJECTION
2026-01-15,ART-1775,515.96,ATELIER 1,EN_COURS_INJECTION
2026-01-31,ART-1106,1463.8,DEPOT NORD,EN_COURS_INJECTION
2026-03-31,ART-1051,480.75,DEPOT A,EN_COURS_INJECTION
2026-03-31,ART-1303,419.32,DEPOT NORD,EN_COURS_INJECTION
2026-01-31,ART-1692,243.5,ATELIER 1,EN_COURS_INJECTION
2026-03-31,ART-1526,1419.45,DEPOT NORD,EN_COURS_INJECTION
2026-02-28,ART-1332,958.92,MAGASIN CENTRAL,EN_COURS_INJECTION
2026-02-15,ART-1351,1253.67,MAGASIN CENTRAL,EN_COURS_INJECTION
2026-02-05,ART-1167,446.82,DEPOT B,EN_COURS_INJECTION
2026-03-05,ART-1388,901.32,DEPOT NORD,EN_COURS_INJECTION
2026-02-05,ART-1500,710.41,DEPOT NORD,EN_COURS_INJECTION
2026-02-05,ART-1165,,DEPOT B,EN_COURS_INJECTION
2026-03-31,ART-1534,35.98,DEPOT A,EN_COURS_INJECTION
2026-03-15,ART-1487,163.43,ATELIER 1,EN_COURS_INJECTION
2026-04-05,ART-1728,855.69,MAGASIN CENTRAL,EN_COURS_INJECTION
2026-01-05,ART-1288,947.8,DEPOT A,EN_COURS_INJECTION
2026-03-15,ART-1385,169.84,MAGASIN CENTRAL,EN_COURS_INJECTION
2026-01-05,ART-1800,1094.49,MAGASIN CENTRAL,EN_COURS_INJECTION
2026-04-15,ART-1545,137.36,DEPOT NORD,EN_COURS_INJECTION
2026-03-31,ART-1659,394.76,DEPOT A,EN_COURS_INJECTION
2026-02-15,ART-1597,1152.68,DEPOT A,EN_COURS_INJECTION
2026-01-15,ART-1455,392.28,DEPOT NORD,EN_COURS_INJECTION
2026-01-15,ART-1126,1170.31,DEPOT NORD,EN_COURS_INJECTION
2026-03-15,ART-1772,466.8,ATELIER 1,EN_COURS_INJECTION
2026-03-05,ART-1630,491.93,DEPOT B,EN_COURS_INJECTION
2026-03-05,ART-1701,1382.02,ATELIER 1,EN_COURS_INJECTION
2026-02-05,ART-1071,639.97,ATELIER 1,EN_COURS_INJECTION
2026-04-15,ART-1384,1310.15,ATELIER 1,EN_COURS_INJECTION
2026-03-05,ART-1453,567.58,ATELIER 1,EN_COURS_INJECTION
2026-04-30,ART-1263,,DEPOT A,EN_COURS_INJECTION
2026-03-31,ART-1460,541.01,DEPOT B,EN_COURS_INJECTION
2026-03-31,ART-1182,1065.96,DEPOT NORD,EN_COURS_INJECTION
2026-01-05,ART-1197,654.69,DEPOT NORD,EN_COURS_INJECTION
2026-02-28,ART-1218,790.68,ATELIER 1,EN_COURS_INJECTION
2026-01-31,ART-1242,633.89,MAGASIN CENTRAL,EN_COURS_INJECTION
2026-03-15,ART-1046,233.62,DEPOT NORD,EN_COURS_INJECTION
2026-02-15,ART-1500,369.31,ATELIER 1,EN_COURS_INJECTION
2026-03-05,ART-1362,234.6,MAGASIN CENTRAL,EN_COURS_INJECTION
2026-02-05,ART-1782,7.05,DEPOT A,EN_COURS_INJECTION
2026-02-28,ART-1059,1074.29,MAGASIN CENTRAL,EN_COURS_INJECTION
2026-03-05,ART-1160,1374.36,MAGASIN CENTRAL,EN_COURS_INJECTION
2026-04-15,ART-1178,1165.03,DEPOT B,EN_COURS_INJECTION
2026-04-05,ART-1205,25.18,MAGASIN CENTRAL,EN_COURS_INJECTION
2026-03-05,ART-1008,1382.21,MAGASIN CENTRAL,EN_COURS_INJECTION
2026-01-31,ART-1648,1094.13,DEPOT NORD,EN_COURS_INJECTION
2026-02-28,ART-1639,1391.02,MAGASIN CENTRAL,EN_COURS_INJECTION
2026-02-05,ART-1743,443.2,DEPOT A,EN_COURS_INJECTION
2026-03-15,ART-1157,1391.45,DEPOT B,EN_COURS_INJECTION
2026-02-15,ART-1719,1465.23,DEPOT A,EN_COURS_INJECTION
2026-04-05,ART-1411,230.26,DEPOT NORD,EN_COURS_INJECTION
2026-04-30,ART-1229,1088.26,DEPOT B,EN_COURS_INJECTION
2026-01-05,ART-1693,755.3,DEPOT B,EN_COURS_INJECTION
2026-02-28,ART-1535,1048.26,DEPOT B,EN_COURS_INJECTION
2026-04-15,ART-1337,400.45,DEPOT NORD,EN_COURS_INJECTION
2026-03-05,ART-1356,42.97,DEPOT B,EN_COURS_INJECTION
2026-02-15,ART-1233,1037.08,DEPOT A,EN_COURS_INJECTION
2026-02-15,ART-1122,1006.33,MAGASIN CENTRAL,EN_COURS_INJECTION
2026-03-31,ART-1119,145.93,DEPOT NORD,EN_COURS_INJECTION
2026-02-05,ART-1676,418.26,DEPOT B,EN_COURS_INJECTION
2026-02-05,ART-1039,723.11,DEPOT B,EN_COURS_INJECTION
2026-04-05,ART-1358,417.79,DEPOT B,EN_COURS_INJECTION
2026-03-31,ART-1261,198.42,ATELIER 1,EN_COURS_INJECTION
2026-02-28,ART-1640,1122.33,DEPOT B,EN_COURS_INJECTION
2026-03-31,ART-1212,709.85,MAGASIN CENTRAL,EN_COURS_INJECTION
2026-01-05,ART-1105,488.83,DEPOT B,EN_COURS_INJECTION
2026-02-05,ART-1207,729.79,DEPOT B,EN_COURS_INJECTION
2026-04-30,ART-1787,140.7,DEPOT A,EN_COURS_INJECTION
2026-02-15,ART-1347,494.16,DEPOT NORD,EN_COURS_INJECTION
2026-01-31,ART-1181,1298.29,MAGASIN CENTRAL,EN_COURS_INJECTION
2026-01-05,ART-1792,116.91,DEPOT B,EN_COURS_INJECTION
2026-04-30,ART-1108,1049.33,MAGASIN CENTRAL,EN_COURS_INJECTION
2026-04-15,ART-1477,776.26,DEPOT NORD,EN_COURS_INJECTION
2026-02-28,ART-1739,1087.87,DEPOT B,EN_COURS_INJECTION
2026-04-30,ART-1699,392.58,DEPOT A,EN_COURS_INJECTION
2026-02-28,ART-1089,1301.09,DEPOT B,EN_COURS_INJECTION
2026-01-31,ART-1415,410.0,DEPOT A,EN_COURS_INJECTION
2026-02-15,ART-1745,0.0,ATELIER 1,EN_COURS_INJECTION
2026-03-31,ART-1260,1113.48,DEPOT A,EN_COURS_INJECTION
2026-01-31,ART-1533,994.04,DEPOT NORD,EN_COURS_INJECTION
2026-01-05,ART-1280,1119.76,DEPOT A,EN_COURS_INJECTION
2026-02-28,ART-1697,1025.66,DEPOT B,EN_COURS_INJECTION
2026-02-28,ART-1068,951.72,DEPOT NORD,EN_COURS_INJECTION
2026-04-15,ART-1389,106.02,MAGASIN CENTRAL,EN_COURS_INJECTION
2026-04-05,ART-1278,1363.54,DEPOT B,EN_COURS_INJECTION
2026-04-15,ART-1488,955.91,ATELIER 1,EN_COURS_INJECTION
2026-02-15,ART-1474,770.97,MAGASIN CENTRAL,EN_COURS_INJECTION
2026-03-05,ART-1594,1373.86,MAGASIN CENTRAL,EN_COURS_INJECTION
2026-04-30,ART-1588,161.45,ATELIER 1,EN_COURS_INJECTION
2026-01-31,ART-1098,1059.16,MAGASIN CENTRAL,EN_COURS_INJECTION
2026-02-15,ART-1800,309.0,DEPOT A,EN_COURS_INJECTION
2026-01-05,ART-1390,1191.44,DEPOT B,EN_COURS_INJECTION
2026-03-31,ART-1726,519.14,ATELIER 1,EN_COURS_INJECTION
2026-01-31,ART-1444,6.7,DEPOT NORD,EN_COURS_INJECTION
2026-02-05,ART-1667,180.03,ATELIER 1,EN_COURS_INJECTION
2026-02-28,ART-1741,716.52,DEPOT B,EN_COURS_INJECTION
2026-01-05,ART-1235,389.03,DEPOT B,EN_COURS_INJECTION
2026-01-31,ART-1315,112.68,DEPOT NORD,EN_COURS_INJECTION
2026-03-05,ART-1290,608.91,DEPOT A,EN_COURS_INJECTION
2026-02-28,ART-1477,893.64,DEPOT NORD,EN_COURS_INJECTION
2026-02-05,ART-1166,434.76,DEPOT NORD,EN_COURS_INJECTION
2026-02-28,ART-1331,736.48,MAGASIN CENTRAL,EN_COURS_INJECTION
2026-02-15,ART-1466,999.98,DEPOT B,EN_COURS_INJECTION
2026-04-30,ART-1173,1431.76,DEPOT B,EN_COURS_INJECTION
2026-01-15,ART-1241,1177.5,DEPOT NORD,EN_COURS_INJECTION
2026-02-05,ART-1037,1430.22,DEPOT NORD,EN_COURS_INJECTION
2026-02-05,ART-1781,497.76,DEPOT B,EN_COURS_INJECTION
2026-02-28,ART-1416,157.51,DEPOT B,EN_COURS_INJECTION
2026-03-05,ART-1303,113.15,DEPOT B,EN_COURS_INJECTION
2026-01-05,ART-1427,627.42,DEPOT B,EN_COURS_INJECTION
2026-03-15,ART-1762,451.74,MAGASIN CENTRAL,EN_COURS_INJECTION
2026-02-05,ART-1264,954.18,DEPOT A,EN_COURS_INJECTION
2026-02-28,ART-1398,363.62,MAGASIN CENTRAL,EN_COURS_INJECTION
2026-04-30,ART-1479,1390.86,DEPOT A,EN_COURS_INJECTION
2026-03-15,ART-1357,341.35,DEPOT B,EN_COURS_INJECTION
2026-02-28,ART-1225,1229.58,DEPOT NORD,EN_COURS_INJECTION
2026-02-05,ART-1654,1290.5,DEPOT NORD,EN_COURS_INJECTION
2026-02-05,ART-1064,612.35,DEPOT B,EN_COURS_INJECTION
2026-03-15,ART-1030,268.29,DEPOT NORD,EN_COURS_INJECTION
2026-04-05,ART-1143,813.79,DEPOT NORD,EN_COURS_INJECTION
2026-03-31,ART-1237,516.1,DEPOT B,EN_COURS_INJECTION
2026-01-15,ART-1528,159.59,ATELIER 1,EN_COURS_INJECTION
2026-04-15,ART-1625,1370.61,DEPOT A,EN_COURS_INJECTION
2026-04-15,ART-1491,1465.58,ATELIER 1,EN_COURS_INJECTION
2026-04-05,ART-1553,677.34,DEPOT B,EN_COURS_INJECTION
2026-01-31,ART-1089,423.34,DEPOT NORD,EN_COURS_INJECTION
2026-02-28,ART-1303,1151.99,DEPOT A,EN_COURS_INJECTION
2026-04-15,ART-1015,1130.21,MAGASIN CENTRAL,EN_COURS_INJECTION
2026-03-05,ART-1030,1440.05,MAGASIN CENTRAL,EN_COURS_INJECTION
2026-04-15,ART-1572,972.99,MAGASIN CENTRAL,EN_COURS_INJECTION
2026-04-30,ART-1054,358.13,MAGASIN CENTRAL,EN_COURS_INJECTION
2026-04-15,ART-1338,144.66,DEPOT NORD,EN_COURS_INJECTION
2026-01-15,ART-1118,783.54,DEPOT A,EN_COURS_INJECTION
2026-04-05,ART-1223,1350.03,ATELIER 1,EN_COURS_INJECTION
2026-03-15,ART-1721,1169.22,DEPOT B,EN_COURS_INJECTION
2026-04-30,ART-1449,1325.87,DEPOT NORD,EN_COURS_INJECTION
2026-01-15,ART-1499,60.88,DEPOT B,EN_COURS_INJECTION
2026-01-15,ART-1680,1116.26,MAGASIN CENTRAL,EN_COURS_INJECTION
2026-02-28,ART-1028,961.05,DEPOT A,EN_COURS_INJECTION
2026-01-05,ART-1037,1092.87,MAGASIN CENTRAL,EN_COURS_INJECTION
2026-04-05,ART-1204,32.92,MAGASIN CENTRAL,EN_COURS_INJECTION
2026-02-05,ART-1408,7.26,DEPOT NORD,EN_COURS_INJECTION
2026-02-28,ART-1507,1123.83,ATELIER 1,EN_COURS_INJECTION
2026-02-15,ART-1499,926.83,DEPOT A,EN_COURS_INJECTION
2026-03-15,ART-1652,341.24,MAGASIN CENTRAL,EN_COURS_INJECTION
2026-02-05,ART-1063,327.29,MAGASIN CENTRAL,EN_COURS_INJECTION
2026-04-05,ART-1248,1021.2,DEPOT A,EN_COURS_INJECTION
2026-02-15,ART-1609,429.75,DEPOT B,EN_COURS_INJECTION
2026-03-31,ART-1784,790.61,DEPOT NORD,EN_COURS_INJECTION
2026-01-31,ART-1337,800.26,DEPOT A,EN_COURS_INJECTION
2026-03-15,ART-1563,74.2,DEPOT NORD,EN_COURS_INJECTION
2026-01-05,ART-1414,790.39,ATELIER 1,EN_COURS_INJECTION
2026-02-05,ART-1633,1188.37,ATELIER 1,EN_COURS_INJECTION
2026-01-31,ART-1439,173.51,DEPOT A,EN_COURS_INJECTION
2026-02-28,ART-1170,61.65,DEPOT A,EN_COURS_INJECTION
2026-04-05,ART-1497,955.08,DEPOT B,EN_COURS_INJECTION
2026-04-15,ART-1539,1158.94,DEPOT NORD,EN_COURS_INJECTION
2026-03-31,ART-1331,1465.21,DEPOT A,EN_COURS_INJECTION
2026-03-31,ART-1659,1239.46,MAGASIN CENTRAL,EN_COURS_INJECTION
2026-03-15,ART-1616,183.43,MAGASIN CENTRAL,EN_COURS_INJECTION
2026-03-15,ART-1356,153.52,MAGASIN CENTRAL,EN_COURS_INJECTION
2026-01-05,ART-1195,1228.0,DEPOT A,EN_COURS_INJECTION
2026-04-30,ART-1549,679.7,ATELIER 1,EN_COURS_INJECTION
2026-04-15,ART-1710,275.62,DEPOT A,EN_COURS_INJECTION
2026-04-30,ART-1507,1277.42,DEPOT A,EN_COURS_INJECTION
2026-03-31,ART-1379,428.1,DEPOT NORD,EN_COURS_INJECTION
2026-03-15,ART-1204,887.52,MAGASIN CENTRAL,EN_COURS_INJECTION
2026-02-15,ART-1528,1081.33,DEPOT B,EN_COURS_INJECTION
2026-02-15,ART-1330,699.59,DEPOT B,EN_COURS_INJECTION
2026-02-28,ART-1087,722.81,MAGASIN CENTRAL,EN_COURS_INJECTION
2026-03-15,ART-1005,1220.99,DEPOT NORD,EN_COURS_INJECTION
2026-01-15,ART-1600,374.72,ATELIER 1,EN_COURS_INJECTION
2026-04-30,ART-1087,125.0,DEPOT NORD,EN_COURS_INJECTION
2026-04-15,ART-1037,704.13,DEPOT NORD,EN_COURS_INJECTION
2026-02-15,ART-1411,587.71,MAGASIN CENTRAL,EN_COURS_INJECTION
2026-02-15,ART-1151,1365.12,ATELIER 1,EN_COURS_INJECTION
2026-04-15,ART-1169,156.98,DEPOT A,EN_COURS_INJECTION
2026-01-15,ART-1390,826.93,DEPOT A,EN_COURS_INJECTION
2026-04-30,ART-1089,924.93,MAGASIN CENTRAL,EN_COURS_INJECTION
2026-03-05,ART-1041,212.83,DEPOT NORD,EN_COURS_INJECTION
2026-01-15,ART-1305,847.35,DEPOT NORD,EN_COURS_INJECTION
2026-03-31,ART-1751,870.74,DEPOT NORD,EN_COURS_INJECTION
2026-02-28,ART-1424,26.84,DEPOT NORD,EN_COURS_INJECTION
2026-01-15,ART-1665,550.89,DEPOT B,EN_COURS_INJECTION
2026-04-15,ART-1221,391.6,MAGASIN CENTRAL,EN_COURS_INJECTION
2026-01-31,ART-1771,946.9,DEPOT NORD,EN_COURS_INJECTION
2026-02-28,ART-1711,1465.84,DEPOT A,EN_COURS_INJECTION
2026-02-05,ART-1066,985.49,ATELIER 1,EN_COURS_INJECTION
2026-04-30,ART-1488,531.55,DEPOT NORD,EN_COURS_INJECTION
2026-02-15,ART-1297,1216.25,DEPOT B,EN_COURS_INJECTION
2026-02-15,ART-1101,896.01,MAGASIN CENTRAL,EN_COURS_INJECTION
2026-04-30,ART-1671,88.49,DEPOT B,EN_COURS_INJECTION
2026-03-05,ART-1479,1297.08,MAGASIN CENTRAL,EN_COURS_INJECTION
2026-02-05,ART-1550,562.4,DEPOT NORD,EN_COURS_INJECTION
2026-04-15,ART-1749,1055.47,ATELIER 1,EN_COURS_INJECTION
2026-02-15,ART-1605,181.32,ATELIER 1,EN_COURS_INJECTION
2026-04-30,ART-1193,777.1,DEPOT NORD,EN_COURS_INJECTION
2026-04-30,ART-1386,986.64,MAGASIN CENTRAL,EN_COURS_INJECTION
2026-03-15,ART-1309,546.38,MAGASIN CENTRAL,EN_COURS_INJECTION
2026-04-05,ART-1190,441.41,ATELIER 1,EN_COURS_INJECTION
2026-03-15,ART-1118,86.33,DEPOT B,EN_COURS_INJECTION
2026-03-31,ART-1577,527.43,ATELIER 1,EN_COURS_INJECTION
2026-04-15,ART-1113,335.76,ATELIER 1,EN_COURS_INJECTION
2026-01-05,ART-1272,916.13,DEPOT NORD,EN_COURS_INJECTION
2026-02-05,ART-1678,933.54,DEPOT A,EN_COURS_INJECTION
2026-03-15,ART-1627,1257.71,DEPOT NORD,EN_COURS_INJECTION
2026-03-31,ART-1217,460.09,ATELIER 1,EN_COURS_INJECTION
2026-04-15,ART-1608,555.28,DEPOT NORD,EN_COURS_INJECTION
2026-01-15,ART-1686,1113.74,ATELIER 1,EN_COURS_INJECTION
2026-03-05,ART-1584,160.99,DEPOT B,EN_COURS_INJECTION
2026-03-15,ART-1049,102.36,DEPOT B,EN_COURS_INJECTION
2026-04-05,ART-1312,999.7,DEPOT B,EN_COURS_INJECTION
2026-04-15,ART-1441,580.31,DEPOT A,EN_COURS_INJECTION
2026-04-30,ART-1524,435.02,MAGASIN CENTRAL,EN_COURS_INJECTION
2026-01-05,ART-1171,1250.55,DEPOT NORD,EN_COURS_INJECTION
2026-04-05,ART-1186,44.83,DEPOT B,EN_COURS_INJECTION
2026-01-15,ART-1753,229.51,DEPOT B,EN_COURS_INJECTION
2026-03-05,ART-1502,797.47,DEPOT NORD,EN_COURS_INJECTION
2026-03-15,ART-1166,239.53,ATELIER 1,EN_COURS_INJECTION
2026-03-15,ART-1770,1222.84,MAGASIN CENTRAL,EN_COURS_INJECTION
2026-04-15,ART-1004,20.74,ATELIER 1,EN_COURS_INJECTION
2026-01-05,ART-1631,1248.9,ATELIER 1,EN_COURS_INJECTION
2026-04-05,ART-1598,1092.05,DEPOT B,EN_COURS_INJECTION
2026-03-31,ART-1391,1298.29,DEPOT A,EN_COURS_INJECTION
2026-02-05,ART-1092,1480.93,DEPOT NORD,EN_COURS_INJECTION
2026-01-31,ART-1776,1152.44,ATELIER 1,EN_COURS_INJECTION
2026-03-15,ART-1749,575.71,DEPOT NORD,EN_COURS_INJECTION
2026-01-15,ART-1308,94.28,MAGASIN CENTRAL,EN_COURS_INJECTION
2026-02-15,ART-1209,857.7,DEPOT NORD,EN_COURS_INJECTION
2026-04-30,ART-1635,1033.75,ATELIER 1,EN_COURS_INJECTION
2026-04-05,ART-1303,1361.37,DEPOT A,EN_COURS_INJECTION
2026-03-05,ART-1189,251.87,ATELIER 1,EN_COURS_INJECTION
2026-02-28,ART-1692,1109.91,ATELIER 1,EN_COURS_INJECTION
2026-04-05,ART-1524,1340.33,DEPOT NORD,EN_COURS_INJECTION
2026-01-15,ART-1204,946.58,MAGASIN CENTRAL,EN_COURS_INJECTION
2026-03-15,ART-1336,1284.21,ATELIER 1,EN_COURS_INJECTION
2026-03-15,ART-1260,1244.21,DEPOT A,EN_COURS_INJECTION
2026-02-15,ART-1564,859.86,ATELIER 1,EN_COURS_INJECTION
2026-01-15,ART-1546,454.58,DEPOT A,EN_COURS_INJECTION
2026-04-05,ART-1166,1342.29,DEPOT B,EN_COURS_INJECTION
2026-03-15,ART-1158,1045.98,DEPOT NORD,EN_COURS_INJECTION
2026-02-05,ART-1670,369.78,DEPOT A,EN_COURS_INJECTION
2026-01-05,ART-1616,1147.64,DEPOT B,EN_COURS_INJECTION
2026-03-15,ART-1128,1376.53,DEPOT A,EN_COURS_INJECTION
2026-02-15,ART-1607,1139.92,ATELIER 1,EN_COURS_INJECTION
2026-03-05,ART-1194,1131.38,DEPOT B,EN_COURS_INJECTION
2026-01-05,ART-1375,597.49,DEPOT NORD,EN_COURS_INJECTION
2026-03-15,ART-1148,171.85,DEPOT B,EN_COURS_INJECTION
2026-03-15,ART-1410,1305.91,ATELIER 1,EN_COURS_INJECTION
2026-04-15,ART-1744,601.79,MAGASIN CENTRAL,EN_COURS_INJECTION
2026-02-05,ART-1539,725.83,DEPOT A,EN_COURS_INJECTION
2026-03-05,ART-1448,378.59,MAGASIN CENTRAL,EN_COURS_INJECTION
2026-02-28,ART-1330,1368.69,DEPOT NORD,EN_COURS_INJECTION
2026-03-05,ART-1533,325.99,DEPOT NORD,EN_COURS_INJECTION
2026-02-28,ART-1469,968.82,ATELIER 1,EN_COURS_INJECTION
2026-01-31,ART-1625,1135.82,DEPOT A,EN_COURS_INJECTION
2026-02-15,ART-1794,1423.48,ATELIER 1,EN_COURS_INJECTION
2026-01-15,ART-1054,895.26,DEPOT B,EN_COURS_INJECTION
2026-02-05,ART-1513,362.38,DEPOT B,EN_COURS_INJECTION
2026-04-15,ART-1595,1215.71,DEPOT B,EN_COURS_INJECTION
2026-02-15,ART-1242,182.41,ATELIER 1,EN_COURS_INJECTION
2026-03-31,ART-1317,424.23,DEPOT NORD,EN_COURS_INJECTION
2026-01-05,ART-1252,961.56,ATELIER 1,EN_COURS_INJECTION
2026-02-05,ART-1229,148.36,MAGASIN CENTRAL,EN_COURS_INJECTION
2026-02-05,ART-1736,764.02,MAGASIN CENTRAL,EN_COURS_INJECTION
2026-03-15,ART-1709,1363.86,MAGASIN CENTRAL,EN_COURS_INJECTION
2026-02-28,ART-1501,1207.87,DEPOT NORD,EN_COURS_INJECTION
2026-02-15,ART-1263,1022.24,MAGASIN CENTRAL,EN_COURS_INJECTION
2026-02-05,ART-1390,602.95,MAGASIN CENTRAL,EN_COURS_INJECTION
2026-04-05,ART-1308,651.9,DEPOT NORD,EN_COURS_INJECTION
2026-04-05,ART-1240,683.31,DEPOT A,EN_COURS_INJECTION
2026-01-31,ART-1563,1403.71,MAGASIN CENTRAL,EN_COURS_INJECTION
2026-04-30,ART-1769,1098.94,DEPOT NORD,EN_COURS_INJECTION
2026-02-15,ART-1048,,DEPOT A,EN_COURS_INJECTION
2026-01-05,ART-1122,1406.86,,EN_COURS_INJECTION
2026-02-28,ART-1125,235.88,DEPOT NORD,EN_COURS_INJECTION
2026-04-05,ART-1064,1312.35,DEPOT NORD,EN_COURS_INJECTION
2026-04-15,ART-1687,253.79,DEPOT NORD,EN_COURS_INJECTION
2026-01-15,ART-1169,861.28,DEPOT B,EN_COURS_INJECTION
2026-04-30,ART-1701,1096.75,DEPOT NORD,EN_COURS_INJECTION
2026-01-05,ART-1042,659.18,DEPOT A,EN_COURS_INJECTION
2026-03-31,ART-1032,1336.39,DEPOT A,EN_COURS_INJECTION
2026-02-05,ART-1260,61.56,ATELIER 1,EN_COURS_INJECTION
2026-02-15,ART-1327,394.16,DEPOT A,EN_COURS_INJECTION
2026-02-15,ART-1093,1461.87,DEPOT A,EN_COURS_INJECTION
2026-01-31,ART-1479,1020.76,DEPOT B,EN_COURS_INJECTION
2026-01-05,ART-1606,369.3,DEPOT A,EN_COURS_INJECTION
2026-03-05,ART-1695,796.45,MAGASIN CENTRAL,EN_COURS_INJECTION
2026-02-28,ART-1578,676.23,DEPOT B,EN_COURS_INJECTION
2026-03-05,ART-1720,1406.72,DEPOT B,EN_COURS_INJECTION
2026-01-05,ART-1060,1010.07,DEPOT NORD,EN_COURS_INJECTION
2026-04-30,ART-1083,1202.03,ATELIER 1,EN_COURS_INJECTION
2026-04-05,ART-1192,1342.72,MAGASIN CENTRAL,EN_COURS_INJECTION
2026-02-28,ART-1669,1446.51,MAGASIN CENTRAL,EN_COURS_INJECTION
2026-04-05,ART-1569,1341.53,MAGASIN CENTRAL,EN_COURS_INJECTION
2026-03-31,ART-1363,250.93,DEPOT NORD,EN_COURS_INJECTION
2026-04-15,ART-1731,534.92,DEPOT B,EN_COURS_INJECTION
2026-02-28,ART-1072,1120.1,DEPOT NORD,EN_COURS_INJECTION
2026-01-05,ART-1337,295.31,DEPOT A,EN_COURS_INJECTION
2026-01-31,ART-1227,544.65,MAGASIN CENTRAL,EN_COURS_INJECTION
2026-01-05,ART-1132,,MAGASIN CENTRAL,EN_COURS_INJECTION
2026-03-15,ART-1402,1070.14,DEPOT B,EN_COURS_INJECTION
2026-01-31,ART-1400,97.67,DEPOT NORD,EN_COURS_INJECTION
2026-03-05,ART-1239,1032.61,DEPOT A,EN_COURS_INJECTION
2026-04-15,ART-1130,1170.06,DEPOT NORD,EN_COURS_INJECTION
2026-02-15,ART-1710,194.83,ATELIER 1,EN_COURS_INJECTION
2026-03-05,ART-1380,359.52,DEPOT NORD,EN_COURS_INJECTION
2026-01-15,ART-1090,607.36,ATELIER 1,EN_COURS_INJECTION
2026-04-05,ART-1014,1311.87,ATELIER 1,EN_COURS_INJECTION
2026-03-05,ART-1523,987.27,MAGASIN CENTRAL,EN_COURS_INJECTION
2026-04-05,ART-1528,868.13,MAGASIN CENTRAL,EN_COURS_INJECTION
2026-02-28,ART-1647,1380.25,MAGASIN CENTRAL,EN_COURS_INJECTION
2026-01-05,ART-1138,975.04,MAGASIN CENTRAL,EN_COURS_INJECTION
2026-03-15,ART-1367,79.58,ATELIER 1,EN_COURS_INJECTION
2026-02-05,ART-1262,705.36,MAGASIN CENTRAL,EN_COURS_INJECTION
2026-03-31,ART-1689,777.45,DEPOT NORD,EN_COURS_INJECTION
2026-04-05,ART-1734,30.2,ATELIER 1,EN_COURS_INJECTION
2026-04-30,ART-1261,143.27,MAGASIN CENTRAL,EN_COURS_INJECTION
2026-01-15,ART-1407,1189.55,ATELIER 1,EN_COURS_INJECTION
2026-01-15,ART-1618,678.95,DEPOT B,EN_COURS_INJECTION
2026-03-31,ART-1557,614.28,DEPOT NORD,EN_COURS_INJECTION
2026-01-05,ART-1365,803.07,DEPOT B,EN_COURS_INJECTION
2026-03-05,ART-1789,156.29,MAGASIN CENTRAL,EN_COURS_INJECTION
2026-02-28,ART-1576,1467.36,ATELIER 1,EN_COURS_INJECTION
2026-02-05,ART-1717,555.8,MAGASIN CENTRAL,EN_COURS_INJECTION
2026-03-15,ART-1651,960.53,ATELIER 1,EN_COURS_INJECTION
2026-04-05,ART-1621,819.47,DEPOT B,EN_COURS_INJECTION
2026-03-15,ART-1023,239.87,DEPOT B,EN_COURS_INJECTION
2026-02-28,ART-1760,1439.11,DEPOT B,EN_COURS_INJECTION
2026-03-15,ART-1212,494.53,ATELIER 1,EN_COURS_INJECTION
2026-03-05,ART-1201,735.0,DEPOT A,EN_COURS_INJECTION
2026-01-05,ART-1473,25.43,ATELIER 1,EN_COURS_INJECTION
2026-03-31,ART-1168,893.01,MAGASIN CENTRAL,EN_COURS_INJECTION
2026-04-15,ART-1131,126.98,DEPOT A,EN_COURS_INJECTION
2026-04-05,ART-1731,673.27,ATELIER 1,EN_COURS_INJECTION
2026-03-05,ART-1041,699.24,DEPOT NORD,EN_COURS_INJECTION
2026-04-15,ART-1139,470.15,ATELIER 1,EN_COURS_INJECTION
2026-02-15,ART-1383,290.28,DEPOT A,EN_COURS_INJECTION
2026-01-05,ART-1270,1315.76,MAGASIN CENTRAL,EN_COURS_INJECTION
2026-03-05,ART-1726,1091.98,DEPOT A,EN_COURS_INJECTION
2026-02-05,ART-1038,680.31,ATELIER 1,EN_COURS_INJECTION
2026-04-30,ART-1733,455.31,DEPOT A,EN_COURS_INJECTION
2026-01-31,ART-1360,1482.97,MAGASIN CENTRAL,EN_COURS_INJECTION
2026-02-15,ART-1476,323.25,DEPOT NORD,EN_COURS_INJECTION
2026-01-15,ART-1605,1316.62,DEPOT B,EN_COURS_INJECTION
2026-04-15,ART-1147,453.14,DEPOT NORD,EN_COURS_INJECTION
2026-01-31,ART-1566,1312.6,MAGASIN CENTRAL,EN_COURS_INJECTION
2026-01-05,ART-1504,358.97,MAGASIN CENTRAL,EN_COURS_INJECTION
2026-03-15,ART-1682,269.53,ATELIER 1,EN_COURS_INJECTION
2026-04-05,ART-1022,1259.13,DEPOT NORD,EN_COURS_INJECTION
2026-01-31,ART-1503,449.83,DEPOT NORD,EN_COURS_INJECTION
2026-01-05,ART-1100,496.84,DEPOT A,EN_COURS_INJECTION
2026-01-31,ART-1474,1038.24,DEPOT NORD,EN_COURS_INJECTION
2026-02-05,ART-1538,1460.6,DEPOT B,EN_COURS_INJECTION
2026-01-15,ART-1034,488.0,DEPOT NORD,EN_COURS_INJECTION
2026-02-05,ART-1701,488.73,DEPOT NORD,EN_COURS_INJECTION
2026-01-15,ART-1586,933.73,DEPOT B,EN_COURS_INJECTION
2026-04-05,ART-1343,44.94,MAGASIN CENTRAL,EN_COURS_INJECTION
2026-01-31,ART-1258,1395.38,DEPOT B,EN_COURS_INJECTION
2026-04-30,ART-1718,397.21,DEPOT B,EN_COURS_INJECTION
2026-01-05,ART-1722,341.82,DEPOT A,EN_COURS_INJECTION
2026-03-31,ART-1286,563.12,DEPOT NORD,EN_COURS_INJECTION
2026-04-05,ART-1651,571.01,DEPOT B,EN_COURS_INJECTION
2026-01-15,ART-1263,871.28,DEPOT A,EN_COURS_INJECTION
2026-01-05,ART-1405,290.81,DEPOT NORD,EN_COURS_INJECTION
2026-02-15,ART-1242,645.66,DEPOT A,EN_COURS_INJECTION
2026-04-15,ART-1125,641.12,ATELIER 1,EN_COURS_INJECTION
2026-03-05,ART-1182,1397.67,MAGASIN CENTRAL,EN_COURS_INJECTION
2026-04-05,ART-1427,290.7,ATELIER 1,EN_COURS_INJECTION
2026-01-31,ART-1359,1071.39,DEPOT A,EN_COURS_INJECTION
2026-04-15,ART-1597,468.11,DEPOT NORD,EN_COURS_INJECTION
2026-03-05,ART-1218,1125.25,ATELIER 1,EN_COURS_INJECTION
2026-04-30,ART-1368,29.27,MAGASIN CENTRAL,EN_COURS_INJECTION
2026-01-31,ART-1075,1325.73,MAGASIN CENTRAL,EN_COURS_INJECTION
2026-03-05,ART-1498,612.65,MAGASIN CENTRAL,EN_COURS_INJECTION
2026-02-15,ART-1532,630.4,DEPOT B,EN_COURS_INJECTION
2026-04-15,ART-1329,559.38,MAGASIN CENTRAL,EN_COURS_INJECTION
2026-04-30,ART-1355,1159.86,DEPOT NORD,EN_COURS_INJECTION
2026-03-31,ART-1452,621.2,DEPOT B,EN_COURS_INJECTION
2026-04-05,ART-1270,682.02,DEPOT A,EN_COURS_INJECTION
2026-01-31,ART-1452,1403.43,DEPOT A,EN_COURS_INJECTION
2026-02-15,ART-1671,781.33,DEPOT A,EN_COURS_INJECTION
2026-01-15,ART-1409,1073.17,MAGASIN CENTRAL,EN_COURS_INJECTION
2026-02-15,ART-1406,1367.61,ATELIER 1,EN_COURS_INJECTION
2026-04-15,ART-1191,111.65,DEPOT A,EN_COURS_INJECTION
2026-03-31,ART-1053,1313.91,DEPOT A,EN_COURS_INJECTION
2026-03-05,ART-1151,1072.16,MAGASIN CENTRAL,EN_COURS_INJECTION
2026-04-15,ART-1082,546.02,DEPOT A,EN_COURS_INJECTION
2026-04-05,ART-1734,1053.15,DEPOT NORD,EN_COURS_INJECTION
2026-01-15,ART-1740,1128.45,DEPOT B,EN_COURS_INJECTION
2026-01-05,ART-1537,553.95,DEPOT B,EN_COURS_INJECTION
2026-02-05,ART-1619,158.57,,EN_COURS_INJECTION
2026-01-31,ART-1554,1368.41,MAGASIN CENTRAL,EN_COURS_INJECTION
2026-01-15,ART-1195,1417.28,DEPOT B,EN_COURS_INJECTION
2026-03-31,ART-1199,327.89,DEPOT NORD,EN_COURS_INJECTION
2026-01-05,ART-1585,762.51,ATELIER 1,EN_COURS_INJECTION
2026-01-05,ART-1704,995.34,ATELIER 1,EN_COURS_INJECTION
2026-01-15,ART-1098,437.47,MAGASIN CENTRAL,EN_COURS_INJECTION
2026-01-31,ART-1092,298.0,ATELIER 1,EN_COURS_INJECTION
2026-04-15,ART-1492,1299.12,MAGASIN CENTRAL,EN_COURS_INJECTION
2026-04-05,ART-1521,136.79,DEPOT NORD,EN_COURS_INJECTION
2026-04-30,ART-1483,968.63,DEPOT NORD,EN_COURS_INJECTION
2026-03-31,ART-1464,1079.41,ATELIER 1,EN_COURS_INJECTION
2026-03-05,ART-1588,1019.71,ATELIER 1,EN_COURS_INJECTION
2026-01-31,ART-1215,875.72,MAGASIN CENTRAL,EN_COURS_INJECTION
2026-03-15,ART-1391,562.96,DEPOT A,EN_COURS_INJECTION
2026-04-05,ART-1209,1135.71,DEPOT B,EN_COURS_INJECTION
2026-04-30,ART-1770,232.32,DEPOT NORD,EN_COURS_INJECTION
2026-01-05,ART-1695,1050.66,ATELIER 1,EN_COURS_INJECTION
2026-01-15,ART-1341,8.24,DEPOT NORD,EN_COURS_INJECTION
2026-01-15,ART-1766,1136.2,DEPOT NORD,EN_COURS_INJECTION
2026-02-15,ART-1664,1371.68,ATELIER 1,EN_COURS_INJECTION
2026-01-15,ART-1567,78.33,ATELIER 1,EN_COURS_INJECTION
2026-02-15,ART-1514,764.47,DEPOT B,EN_COURS_INJECTION
2026-03-05,ART-1335,148.51,DEPOT NORD,EN_COURS_INJECTION
2026-01-05,ART-1523,318.39,ATELIER 1,EN_COURS_INJECTION
2026-03-05,ART-1025,337.84,DEPOT A,EN_COURS_INJECTION
2026-03-15,ART-1026,1349.27,DEPOT NORD,EN_COURS_INJECTION
2026-02-05,ART-1356,485.87,ATELIER 1,EN_COURS_INJECTION
2026-02-28,ART-1513,263.94,DEPOT A,EN_COURS_INJECTION
2026-03-15,ART-1103,1219.71,MAGASIN CENTRAL,EN_COURS_INJECTION
2026-02-28,ART-1040,1265.45,DEPOT B,EN_COURS_INJECTION
2026-02-05,ART-1195,715.2,DEPOT B,EN_COURS_INJECTION
2026-01-05,ART-1142,876.13,DEPOT B,EN_COURS_INJECTION
2026-02-15,ART-1004,949.42,DEPOT A,EN_COURS_INJECTION
2026-01-31,ART-1290,663.84,MAGASIN CENTRAL,EN_COURS_INJECTION
2026-01-05,ART-1783,254.02,DEPOT A,EN_COURS_INJECTION
2026-01-05,ART-1568,1076.48,MAGASIN CENTRAL,EN_COURS_INJECTION
2026-03-31,ART-1184,745.57,ATELIER 1,EN_COURS_INJECTION
2026-03-05,ART-1495,167.07,MAGASIN CENTRAL,EN_COURS_INJECTION
2026-01-05,ART-1344,561.0,DEPOT B,EN_COURS_INJECTION
2026-01-15,ART-1205,876.29,MAGASIN CENTRAL,EN_COURS_INJECTION
2026-02-28,ART-1328,1441.71,MAGASIN CENTRAL,EN_COURS_INJECTION
2026-02-28,ART-1368,874.68,DEPOT A,EN_COURS_INJECTION
2026-03-15,ART-1516,162.47,DEPOT NORD,EN_COURS_INJECTION
2026-04-30,ART-1193,270.54,MAGASIN CENTRAL,EN_COURS_INJECTION
2026-01-05,ART-1061,202.79,DEPOT NORD,EN_COURS_INJECTION
2026-02-15,ART-1156,58.97,DEPOT B,EN_COURS_INJECTION
2026-01-05,ART-1383,311.53,DEPOT B,EN_COURS_INJECTION
2026-02-05,ART-1052,684.94,MAGASIN CENTRAL,EN_COURS_INJECTION
2026-04-30,ART-1460,417.4,DEPOT A,EN_COURS_INJECTION
2026-02-28,ART-1682,1237.59,DEPOT NORD,EN_COURS_INJECTION
2026-01-15,ART-1743,459.53,DEPOT B,EN_COURS_INJECTION
2026-01-05,ART-1602,423.74,DEPOT B,EN_COURS_INJECTION
2026-04-05,ART-1096,1380.53,ATELIER 1,EN_COURS_INJECTION
2026-01-31,ART-1074,75.13,MAGASIN CENTRAL,EN_COURS_INJECTION
2026-02-15,ART-1600,616.84,MAGASIN CENTRAL,EN_COURS_INJECTION
2026-04-05,ART-1421,159.97,MAGASIN CENTRAL,EN_COURS_INJECTION
2026-03-15,ART-1058,851.82,DEPOT NORD,EN_COURS_INJECTION
2026-02-05,ART-1275,1215.73,ATELIER 1,EN_COURS_INJECTION
2026-02-28,ART-1124,1447.79,ATELIER 1,EN_COURS_INJECTION
2026-01-15,ART-1632,1459.13,MAGASIN CENTRAL,EN_COURS_INJECTION
2026-01-05,ART-1624,860.9,DEPOT B,EN_COURS_INJECTION
2026-01-15,ART-1231,751.68,DEPOT NORD,EN_COURS_INJECTION
2026-03-31,ART-1512,1027.29,ATELIER 1,EN_COURS_INJECTION
2026-01-31,ART-1412,200.94,ATELIER 1,EN_COURS_INJECTION
2026-04-15,ART-1319,875.31,MAGASIN CENTRAL,EN_COURS_INJECTION
2026-02-05,ART-1452,807.43,,EN_COURS_INJECTION
2026-03-05,ART-1426,767.19,MAGASIN CENTRAL,EN_COURS_INJECTION
2026-02-15,ART-1298,1240.78,MAGASIN CENTRAL,EN_COURS_INJECTION
2026-01-05,ART-1242,1405.11,MAGASIN CENTRAL,EN_COURS_INJECTION
2026-03-05,ART-1260,303.07,ATELIER 1,EN_COURS_INJECTION
2026-02-15,ART-1765,668.3,DEPOT A,EN_COURS_INJECTION
2026-02-28,ART-1626,1011.69,DEPOT A,EN_COURS_INJECTION
2026-04-15,ART-1171,1371.89,DEPOT NORD,EN_COURS_INJECTION
2026-03-31,ART-1499,1410.71,DEPOT A,EN_COURS_INJECTION
2026-03-05,ART-1418,1165.06,ATELIER 1,EN_COURS_INJECTION
2026-03-15,ART-1693,786.27,DEPOT B,EN_COURS_INJECTION
2026-02-28,ART-1761,420.21,ATELIER 1,EN_COURS_INJECTION
2026-01-05,ART-1770,581.54,DEPOT B,EN_COURS_INJECTION
2026-02-28,ART-1397,1361.19,DEPOT B,EN_COURS_INJECTION
2026-02-15,ART-1796,1228.89,DEPOT NORD,EN_COURS_INJECTION
2026-03-31,ART-1417,95.19,DEPOT A,EN_COURS_INJECTION
2026-04-05,ART-1682,608.52,ATELIER 1,EN_COURS_INJECTION
2026-03-31,ART-1475,1344.69,ATELIER 1,EN_COURS_INJECTION
2026-04-05,ART-1306,248.64,MAGASIN CENTRAL,EN_COURS_INJECTION
2026-02-05,ART-1048,1273.63,DEPOT B,EN_COURS_INJECTION
2026-01-31,ART-1492,104.48,DEPOT A,EN_COURS_INJECTION
2026-04-30,ART-1247,1314.1,MAGASIN CENTRAL,EN_COURS_INJECTION
2026-01-05,ART-1681,334.32,DEPOT B,EN_COURS_INJECTION
2026-04-30,ART-1768,1024.1,ATELIER 1,EN_COURS_INJECTION
2026-01-05,ART-1609,1437.64,DEPOT A,EN_COURS_INJECTION
2026-01-31,ART-1029,419.24,ATELIER 1,EN_COURS_INJECTION
2026-02-05,ART-1722,340.15,DEPOT B,EN_COURS_INJECTION
2026-02-15,ART-1501,274.8,DEPOT A,EN_COURS_INJECTION
2026-02-28,ART-1604,204.5,DEPOT B,EN_COURS_INJECTION
2026-04-15,ART-1443,553.23,MAGASIN CENTRAL,EN_COURS_INJECTION
2026-03-31,ART-1680,691.6,ATELIER 1,EN_COURS_INJECTION
2026-01-05,ART-1358,1341.46,DEPOT NORD,EN_COURS_INJECTION
2026-01-05,ART-1440,367.96,MAGASIN CENTRAL,EN_COURS_INJECTION
2026-01-05,ART-1140,597.25,ATELIER 1,EN_COURS_INJECTION
2026-01-15,ART-1316,115.82,ATELIER 1,EN_COURS_INJECTION
2026-01-05,ART-1407,1077.83,DEPOT A,EN_COURS_INJECTION
2026-02-15,ART-1646,309.24,MAGASIN CENTRAL,EN_COURS_INJECTION
2026-01-05,ART-1351,1101.12,ATELIER 1,EN_COURS_INJECTION
2026-02-05,ART-1385,903.0,ATELIER 1,EN_COURS_INJECTION
2026-01-31,ART-1731,1454.95,DEPOT A,EN_COURS_INJECTION
2026-04-05,ART-1431,550.29,DEPOT B,EN_COURS_INJECTION
2026-03-15,ART-1031,1486.39,DEPOT NORD,EN_COURS_INJECTION
2026-01-31,ART-1026,220.27,MAGASIN CENTRAL,EN_COURS_INJECTION
2026-01-05,ART-1330,84.48,DEPOT B,EN_COURS_INJECTION
2026-02-28,ART-1290,207.54,ATELIER 1,EN_COURS_INJECTION
2026-01-31,ART-1417,233.28,DEPOT NORD,EN_COURS_INJECTION
2026-01-05,ART-1423,626.54,DEPOT A,EN_COURS_INJECTION
2026-03-05,ART-1630,129.44,DEPOT NORD,EN_COURS_INJECTION
2026-03-05,ART-1073,899.23,DEPOT A,EN_COURS_INJECTION
2026-02-28,ART-1587,250.26,DEPOT NORD,EN_COURS_INJECTION
2026-03-15,ART-1561,603.69,DEPOT B,EN_COURS_INJECTION
2026-01-31,ART-1158,1412.08,DEPOT A,EN_COURS_INJECTION
2026-03-05,ART-1228,498.2,DEPOT A,EN_COURS_INJECTION
2026-02-05,ART-1535,226.27,DEPOT NORD,EN_COURS_INJECTION
2026-04-15,ART-1552,560.04,MAGASIN CENTRAL,EN_COURS_INJECTION
2026-02-05,ART-1433,1181.63,DEPOT A,EN_COURS_INJECTION
2026-04-30,ART-1558,1471.65,MAGASIN CENTRAL,EN_COURS_INJECTION
2026-03-05,ART-1305,712.66,DEPOT NORD,EN_COURS_INJECTION
2026-03-15,ART-1412,183.73,DEPOT NORD,EN_COURS_INJECTION
2026-02-05,ART-1249,96.77,ATELIER 1,EN_COURS_INJECTION
2026-03-15,ART-1475,1444.82,DEPOT NORD,EN_COURS_INJECTION
2026-01-15,ART-1299,392.38,DEPOT B,EN_COURS_INJECTION
2026-03-15,ART-1650,1148.24,DEPOT B,EN_COURS_INJECTION
2026-01-05,ART-1516,1183.46,DEPOT NORD,EN_COURS_INJECTION
2026-03-05,ART-1160,763.8,DEPOT B,EN_COURS_INJECTION
2026-02-28,ART-1135,340.68,DEPOT B,EN_COURS_INJECTION
2026-02-15,ART-1306,150.94,DEPOT NORD,EN_COURS_INJECTION
2026-02-05,ART-1422,608.9,DEPOT A,EN_COURS_INJECTION
2026-03-05,ART-1644,1280.36,DEPOT NORD,EN_COURS_INJECTION
2026-04-05,ART-1294,1331.15,ATELIER 1,EN_COURS_INJECTION
2026-02-15,ART-1212,241.48,DEPOT NORD,EN_COURS_INJECTION
2026-03-05,ART-1391,1016.78,MAGASIN CENTRAL,EN_COURS_INJECTION
2026-03-05,ART-1708,527.67,DEPOT A,EN_COURS_INJECTION
2026-02-15,ART-1763,1363.79,DEPOT NORD,EN_COURS_INJECTION
2026-02-15,ART-1515,0.0,DEPOT B,EN_COURS_INJECTION
2026-03-05,ART-1447,414.97,MAGASIN CENTRAL,EN_COURS_INJECTION
2026-02-15,ART-1036,428.41,DEPOT A,EN_COURS_INJECTION
2026-01-15,ART-1350,423.51,ATELIER 1,EN_COURS_INJECTION
2026-04-15,ART-1643,469.23,DEPOT A,EN_COURS_INJECTION
2026-01-05,ART-1389,1073.95,DEPOT NORD,EN_COURS_INJECTION
2026-04-05,ART-1711,1348.04,DEPOT NORD,EN_COURS_INJECTION
2026-02-15,ART-1689,443.34,DEPOT B,EN_COURS_INJECTION
2026-02-15,ART-1577,1396.08,DEPOT B,EN_COURS_INJECTION
2026-03-31,ART-1710,805.72,DEPOT NORD,EN_COURS_INJECTION
2026-02-05,ART-1421,1488.04,DEPOT NORD,EN_COURS_INJECTION
2026-04-15,ART-1693,755.21,DEPOT A,EN_COURS_INJECTION
2026-03-15,ART-1592,157.14,DEPOT NORD,EN_COURS_INJECTION
2026-02-28,ART-1640,563.66,DEPOT NORD,EN_COURS_INJECTION
2026-02-15,ART-1423,158.86,DEPOT A,EN_COURS_INJECTION
2026-03-15,ART-1589,613.17,ATELIER 1,EN_COURS_INJECTION
2026-01-31,ART-1172,178.85,MAGASIN CENTRAL,EN_COURS_INJECTION
2026-03-15,ART-1387,1080.94,DEPOT NORD,EN_COURS_INJECTION
2026-01-15,ART-1635,635.27,ATELIER 1,EN_COURS_INJECTION
2026-03-05,ART-1533,98.0,ATELIER 1,EN_COURS_INJECTION
2026-03-05,ART-1156,1023.49,MAGASIN CENTRAL,EN_COURS_INJECTION
2026-04-30,ART-1606,931.79,MAGASIN CENTRAL,EN_COURS_INJECTION
2026-03-15,ART-1190,0.0,ATELIER 1,EN_COURS_INJECTION
2026-02-05,ART-1511,567.74,DEPOT A,EN_COURS_INJECTION
2026-02-15,ART-1316,1325.7,MAGASIN CENTRAL,EN_COURS_INJECTION
2026-03-15,ART-1726,1319.26,ATELIER 1,EN_COURS_INJECTION
2026-03-15,ART-1110,513.02,DEPOT A,EN_COURS_INJECTION
2026-04-15,ART-1335,1115.13,DEPOT B,EN_COURS_INJECTION
2026-02-28,ART-1681,845.58,ATELIER 1,EN_COURS_INJECTION
2026-03-05,ART-1162,981.07,MAGASIN CENTRAL,EN_COURS_INJECTION
2026-04-05,ART-1718,1341.66,ATELIER 1,EN_COURS_INJECTION
2026-03-31,ART-1706,392.59,DEPOT NORD,EN_COURS_INJECTION
2026-04-05,ART-1552,408.4,MAGASIN CENTRAL,EN_COURS_INJECTION
2026-04-05,ART-1138,1164.51,DEPOT B,EN_COURS_INJECTION
2026-02-05,ART-1730,828.62,ATELIER 1,EN_COURS_INJECTION
2026-03-05,ART-1390,180.94,ATELIER 1,EN_COURS_INJECTION
2026-01-15,ART-1610,129.48,MAGASIN CENTRAL,EN_COURS_INJECTION
2026-04-05,ART-1038,772.29,ATELIER 1,EN_COURS_INJECTION
2026-02-28,ART-1314,355.28,DEPOT A,EN_COURS_INJECTION
2026-03-15,ART-1572,931.82,ATELIER 1,EN_COURS_INJECTION
2026-02-28,ART-1745,627.33,DEPOT B,EN_COURS_INJECTION
2026-03-05,ART-1222,1031.67,DEPOT A,EN_COURS_INJECTION
2026-02-15,ART-1278,813.25,ATELIER 1,EN_COURS_INJECTION
2026-03-31,ART-1403,425.46,DEPOT A,EN_COURS_INJECTION
2026-01-31,ART-1251,1155.04,DEPOT NORD,EN_COURS_INJECTION
2026-01-05,ART-1340,1333.79,DEPOT B,EN_COURS_INJECTION
2026-01-31,ART-1107,625.14,DEPOT B,EN_COURS_INJECTION
2026-03-05,ART-1562,376.9,ATELIER 1,EN_COURS_INJECTION
2026-02-28,ART-1373,1447.85,MAGASIN CENTRAL,EN_COURS_INJECTION
2026-04-05,ART-1157,841.73,DEPOT A,EN_COURS_INJECTION
2026-02-05,ART-1077,1442.03,DEPOT A,EN_COURS_INJECTION
2026-02-05,ART-1513,1381.47,MAGASIN CENTRAL,EN_COURS_INJECTION
2026-04-15,ART-1230,34.14,DEPOT B,EN_COURS_INJECTION
2026-04-05,ART-1037,820.65,MAGASIN CENTRAL,EN_COURS_INJECTION
2026-03-31,ART-1186,1094.58,MAGASIN CENTRAL,EN_COURS_INJECTION
2026-02-15,ART-1388,984.87,ATELIER 1,EN_COURS_INJECTION
2026-02-15,ART-1319,265.76,DEPOT A,EN_COURS_INJECTION
2026-03-31,ART-1128,786.94,DEPOT NORD,EN_COURS_INJECTION
2026-01-05,ART-1198,854.46,DEPOT B,EN_COURS_INJECTION
2026-01-15,ART-1742,376.72,DEPOT NORD,EN_COURS_INJECTION
2026-04-30,ART-1073,305.05,DEPOT B,EN_COURS_INJECTION
2026-01-15,ART-1368,1292.57,DEPOT B,EN_COURS_INJECTION
2026-03-15,ART-1473,952.83,ATELIER 1,EN_COURS_INJECTION
2026-01-31,ART-1241,596.94,MAGASIN CENTRAL,EN_COURS_INJECTION
2026-02-15,ART-1447,1330.65,MAGASIN CENTRAL,EN_COURS_INJECTION
2026-02-28,ART-1649,1310.78,ATELIER 1,EN_COURS_INJECTION
2026-01-31,ART-1418,93.58,ATELIER 1,EN_COURS_INJECTION
2026-02-15,ART-1114,635.45,DEPOT NORD,EN_COURS_INJECTION
2026-02-05,ART-1565,328.41,MAGASIN CENTRAL,EN_COURS_INJECTION
2026-01-31,ART-1204,10.2,DEPOT NORD,EN_COURS_INJECTION
2026-04-05,ART-1588,1185.73,MAGASIN CENTRAL,EN_COURS_INJECTION
2026-04-30,ART-1320,297.52,DEPOT B,EN_COURS_INJECTION
2026-03-31,ART-1144,0.0,MAGASIN CENTRAL,EN_COURS_INJECTION
2026-01-15,ART-1691,977.95,ATELIER 1,EN_COURS_INJECTION
2026-01-31,ART-1627,670.2,ATELIER 1,EN_COURS_INJECTION
2026-01-15,ART-1231,755.79,MAGASIN CENTRAL,EN_COURS_INJECTION
2026-03-05,ART-1616,1187.08,MAGASIN CENTRAL,EN_COURS_INJECTION
2026-04-30,ART-1566,98.09,DEPOT B,EN_COURS_INJECTION
2026-04-05,ART-1754,1248.39,DEPOT A,EN_COURS_INJECTION
2026-02-05,ART-1565,395.76,DEPOT NORD,EN_COURS_INJECTION
2026-01-31,ART-1130,561.15,ATELIER 1,EN_COURS_INJECTION
2026-02-05,ART-1267,171.96,MAGASIN CENTRAL,EN_COURS_INJECTION
2026-04-30,ART-1542,395.26,ATELIER 1,EN_COURS_INJECTION
2026-01-15,ART-1693,57.13,DEPOT A,EN_COURS_INJECTION
2026-03-05,ART-1036,923.05,ATELIER 1,EN_COURS_INJECTION
2026-03-31,ART-1304,1101.34,DEPOT NORD,EN_COURS_INJECTION
2026-01-15,ART-1276,1155.97,DEPOT A,EN_COURS_INJECTION
2026-02-28,ART-1228,1440.9,ATELIER 1,EN_COURS_INJECTION
2026-04-05,ART-1681,287.65,DEPOT A,EN_COURS_INJECTION
2026-04-15,ART-1077,300.18,ATELIER 1,EN_COURS_INJECTION
2026-03-15,ART-1131,222.6,DEPOT B,EN_COURS_INJECTION
2026-04-15,ART-1798,637.21,DEPOT NORD,EN_COURS_INJECTION
2026-04-15,ART-1120,353.24,ATELIER 1,EN_COURS_INJECTION
2026-03-15,ART-1053,224.09,DEPOT B,EN_COURS_INJECTION
2026-01-05,ART-1241,1172.32,ATELIER 1,EN_COURS_INJECTION
2026-03-15,ART-1729,229.75,DEPOT A,EN_COURS_INJECTION
2026-01-05,ART-1124,975.83,DEPOT NORD,EN_COURS_INJECTION
2026-04-15,ART-1091,374.49,DEPOT A,EN_COURS_INJECTION
2026-01-31,ART-1621,1453.1,DEPOT NORD,EN_COURS_INJECTION
2026-02-15,ART-1492,870.52,DEPOT A,EN_COURS_INJECTION
2026-01-31,ART-1332,804.64,DEPOT B,EN_COURS_INJECTION
2026-01-05,ART-1410,1495.77,MAGASIN CENTRAL,EN_COURS_INJECTION
2026-02-28,ART-1610,1142.99,DEPOT B,EN_COURS_INJECTION
2026-03-05,ART-1389,239.61,ATELIER 1,EN_COURS_INJECTION
2026-02-28,ART-1475,41.22,MAGASIN CENTRAL,EN_COURS_INJECTION
2026-04-05,ART-1020,137.25,DEPOT B,EN_COURS_INJECTION
2026-03-05,ART-1737,580.38,MAGASIN CENTRAL,EN_COURS_INJECTION
2026-04-15,ART-1306,1472.55,ATELIER 1,EN_COURS_INJECTION
2026-01-15,ART-1706,413.81,DEPOT NORD,EN_COURS_INJECTION
2026-04-05,ART-1580,1486.43,MAGASIN CENTRAL,EN_COURS_INJECTION
2026-03-05,ART-1745,451.34,DEPOT NORD,EN_COURS_INJECTION
2026-02-15,ART-1385,971.79,DEPOT A,EN_COURS_INJECTION
2026-04-15,ART-1437,152.32,DEPOT A,EN_COURS_INJECTION
2026-04-05,ART-1363,297.52,ATELIER 1,EN_COURS_INJECTION
2026-02-15,ART-1783,1466.98,MAGASIN CENTRAL,EN_COURS_INJECTION
2026-01-31,ART-1327,1430.5,DEPOT B,EN_COURS_INJECTION
2026-03-31,ART-1759,1109.52,DEPOT NORD,EN_COURS_INJECTION
2026-03-31,ART-1134,748.98,MAGASIN CENTRAL,EN_COURS_INJECTION
2026-04-05,ART-1106,72.11,MAGASIN CENTRAL,EN_COURS_INJECTION
2026-04-15,ART-1332,1311.34,DEPOT NORD,EN_COURS_INJECTION
2026-03-31,ART-1167,455.83,MAGASIN CENTRAL,EN_COURS_INJECTION
2026-02-15,ART-1767,1406.15,DEPOT B,EN_COURS_INJECTION
2026-01-05,ART-1516,576.27,DEPOT A,EN_COURS_INJECTION
2026-04-15,ART-1259,1438.7,DEPOT NORD,EN_COURS_INJECTION
2026-03-15,ART-1628,840.93,DEPOT B,EN_COURS_INJECTION
2026-01-15,ART-1143,637.88,DEPOT B,EN_COURS_INJECTION
2026-02-28,ART-1350,433.47,DEPOT NORD,EN_COURS_INJECTION
2026-03-05,ART-1205,0.0,DEPOT NORD,EN_COURS_INJECTION
2026-04-15,ART-1519,428.09,ATELIER 1,EN_COURS_INJECTION
2026-04-05,ART-1482,288.56,DEPOT A,EN_COURS_INJECTION
2026-01-15,ART-1648,1466.78,DEPOT NORD,EN_COURS_INJECTION
2026-02-15,ART-1691,614.11,ATELIER 1,EN_COURS_INJECTION
2026-04-30,ART-1370,253.62,DEPOT A,EN_COURS_INJECTION
2026-02-05,ART-1035,752.46,DEPOT B,EN_COURS_INJECTION
2026-01-15,ART-1552,831.43,DEPOT A,EN_COURS_INJECTION
2026-02-15,ART-1434,1259.1,ATELIER 1,EN_COURS_INJECTION
2026-02-15,ART-1059,1433.29,ATELIER 1,EN_COURS_INJECTION
2026-04-05,ART-1134,678.93,ATELIER 1,EN_COURS_INJECTION
2026-03-31,ART-1620,671.47,ATELIER 1,EN_COURS_INJECTION
2026-04-05,ART-1466,271.73,DEPOT B,EN_COURS_INJECTION
2026-03-15,ART-1613,1394.25,DEPOT NORD,EN_COURS_INJECTION
2026-02-05,ART-1108,1303.37,ATELIER 1,EN_COURS_INJECTION
2026-04-30,ART-1710,1084.46,DEPOT NORD,EN_COURS_INJECTION
2026-03-15,ART-1533,1381.5,DEPOT A,EN_COURS_INJECTION
2026-03-05,ART-1175,1249.4,DEPOT A,EN_COURS_INJECTION
2026-04-30,ART-1477,286.48,DEPOT B,EN_COURS_INJECTION
2026-02-28,ART-1679,1439.37,DEPOT B,EN_COURS_INJECTION
2026-03-05,ART-1659,,DEPOT NORD,EN_COURS_INJECTION
2026-02-05,ART-1351,1468.38,MAGASIN CENTRAL,EN_COURS_INJECTION
2026-01-05,ART-1613,403.67,ATELIER 1,EN_COURS_INJECTION
2026-03-31,ART-1389,1244.34,DEPOT A,EN_COURS_INJECTION
2026-02-05,ART-1540,162.88,DEPOT A,EN_COURS_INJECTION
2026-03-31,ART-1383,1387.44,DEPOT NORD,EN_COURS_INJECTION
2026-02-05,ART-1783,1477.59,ATELIER 1,EN_COURS_INJECTION
2026-03-31,ART-1685,1275.89,DEPOT B,EN_COURS_INJECTION
2026-02-28,ART-1752,1365.8,DEPOT B,EN_COURS_INJECTION
2026-03-15,ART-1214,229.76,DEPOT A,EN_COURS_INJECTION
2026-03-31,ART-1488,843.1,ATELIER 1,EN_COURS_INJECTION
2026-03-15,ART-1570,125.1,DEPOT B,EN_COURS_INJECTION
2026-01-05,ART-1239,1354.56,DEPOT NORD,EN_COURS_INJECTION
2026-01-05,ART-1764,1363.23,DEPOT B,EN_COURS_INJECTION
2026-03-31,ART-1747,1420.78,ATELIER 1,EN_COURS_INJECTION
2026-03-05,ART-1402,10.3,MAGASIN CENTRAL,EN_COURS_INJECTION
2026-03-05,ART-1164,339.66,DEPOT A,EN_COURS_INJECTION
2026-04-15,ART-1402,1119.03,MAGASIN CENTRAL,EN_COURS_INJECTION
2026-04-30,ART-1366,902.49,MAGASIN CENTRAL,EN_COURS_INJECTION
2026-02-05,ART-1533,503.06,ATELIER 1,EN_COURS_INJECTION
2026-04-15,ART-1393,639.27,DEPOT A,EN_COURS_INJECTION
2026-04-15,ART-1547,1099.86,DEPOT NORD,EN_COURS_INJECTION
2026-02-05,ART-1743,873.57,MAGASIN CENTRAL,EN_COURS_INJECTION
2026-02-05,ART-1199,820.8,DEPOT B,EN_COURS_INJECTION
2026-02-15,ART-1570,1184.35,DEPOT NORD,EN_COURS_INJECTION
2026-01-31,ART-1447,458.71,ATELIER 1,EN_COURS_INJECTION
2026-02-28,ART-1575,1145.48,DEPOT A,EN_COURS_INJECTION
2026-02-15,ART-1264,1168.06,DEPOT B,EN_COURS_INJECTION
2026-02-05,ART-1278,85.03,MAGASIN CENTRAL,EN_COURS_INJECTION
2026-04-30,ART-1481,532.64,DEPOT NORD,EN_COURS_INJECTION
2026-02-28,ART-1715,273.27,ATELIER 1,EN_COURS_INJECTION
2026-04-15,ART-1321,365.13,DEPOT NORD,EN_COURS_INJECTION
2026-04-30,ART-1237,972.27,DEPOT NORD,EN_COURS_INJECTION
2026-01-31,ART-1209,1202.76,ATELIER 1,EN_COURS_INJECTION
2026-02-15,ART-1778,525.78,DEPOT A,EN_COURS_INJECTION
2026-02-05,ART-1690,401.6,DEPOT B,EN_COURS_INJECTION
2026-04-05,ART-1345,191.37,DEPOT NORD,EN_COURS_INJECTION
2026-04-15,ART-1558,1417.19,ATELIER 1,EN_COURS_INJECTION
2026-01-31,ART-1679,437.64,DEPOT B,EN_COURS_INJECTION
2026-02-15,ART-1191,514.77,DEPOT NORD,EN_COURS_INJECTION
2026-03-15,ART-1332,1307.47,DEPOT A,EN_COURS_INJECTION
2026-02-15,ART-1625,0.0,DEPOT A,EN_COURS_INJECTION
2026-03-05,ART-1205,628.33,ATELIER 1,EN_COURS_INJECTION
2026-03-15,ART-1234,124.83,DEPOT NORD,EN_COURS_INJECTION
2026-02-05,ART-1735,1081.84,DEPOT NORD,EN_COURS_INJECTION
2026-03-05,ART-1008,1193.44,DEPOT B,EN_COURS_INJECTION
2026-03-15,ART-1469,682.79,DEPOT NORD,EN_COURS_INJECTION
2026-01-15,ART-1173,37.72,MAGASIN CENTRAL,EN_COURS_INJECTION
2026-04-05,ART-1303,1364.18,DEPOT NORD,EN_COURS_INJECTION
2026-04-15,ART-1294,261.09,MAGASIN CENTRAL,EN_COURS_INJECTION
2026-04-15,ART-1653,414.3,ATELIER 1,EN_COURS_INJECTION
2026-01-15,ART-1513,747.84,DEPOT B,EN_COURS_INJECTION
2026-01-15,ART-1281,491.57,DEPOT B,EN_COURS_INJECTION
2026-04-30,ART-1434,131.59,DEPOT NORD,EN_COURS_INJECTION
2026-02-15,ART-1428,813.09,MAGASIN CENTRAL,EN_COURS_INJECTION
2026-04-05,ART-1147,813.74,DEPOT B,EN_COURS_INJECTION
2026-02-15,ART-1597,557.73,ATELIER 1,EN_COURS_INJECTION
2026-02-28,ART-1491,188.49,DEPOT NORD,EN_COURS_INJECTION
2026-04-30,ART-1104,1084.79,ATELIER 1,EN_COURS_INJECTION
2026-01-15,ART-1123,1342.94,MAGASIN CENTRAL,EN_COURS_INJECTION
2026-01-05,ART-1772,162.25,MAGASIN CENTRAL,EN_COURS_INJECTION
2026-04-15,ART-1704,906.61,MAGASIN CENTRAL,EN_COURS_INJECTION
2026-02-15,ART-1611,467.15,MAGASIN CENTRAL,EN_COURS_INJECTION
2026-04-30,ART-1214,659.39,DEPOT B,EN_COURS_INJECTION
2026-01-05,ART-1037,1133.91,DEPOT NORD,EN_COURS_INJECTION
2026-03-15,ART-1282,615.52,DEPOT A,EN_COURS_INJECTION
2026-04-05,ART-1104,1434.99,DEPOT B,EN_COURS_INJECTION
2026-01-31,ART-1190,1039.06,MAGASIN CENTRAL,EN_COURS_INJECTION
2026-04-15,ART-1480,1331.24,DEPOT NORD,EN_COURS_INJECTION
2026-02-28,ART-1743,1470.58,DEPOT NORD,EN_COURS_INJECTION
2026-03-31,ART-1168,645.46,ATELIER 1,EN_COURS_INJECTION
2026-03-15,ART-1019,1335.31,ATELIER 1,EN_COURS_INJECTION
2026-03-05,ART-1710,876.62,DEPOT B,EN_COURS_INJECTION
2026-02-28,ART-1767,1339.16,DEPOT B,EN_COURS_INJECTION
2026-01-15,ART-1492,432.45,ATELIER 1,EN_COURS_INJECTION
2026-04-30,ART-1278,1327.04,DEPOT NORD,EN_COURS_INJECTION
2026-02-28,ART-1384,1064.94,MAGASIN CENTRAL,EN_COURS_INJECTION
2026-04-15,ART-1598,1102.5,MAGASIN CENTRAL,EN_COURS_INJECTION
2026-01-31,ART-1279,56.14,MAGASIN CENTRAL,EN_COURS_INJECTION
2026-03-15,ART-1168,721.15,DEPOT NORD,EN_COURS_INJECTION
2026-04-30,ART-1186,1269.05,MAGASIN CENTRAL,EN_COURS_INJECTION
2026-01-31,ART-1509,70.88,DEPOT A,EN_COURS_INJECTION
2026-03-31,ART-1205,1388.94,ATELIER 1,EN_COURS_INJECTION
2026-01-31,ART-1218,107.72,DEPOT B,EN_COURS_INJECTION
2026-04-30,ART-1071,431.82,ATELIER 1,EN_COURS_INJECTION
2026-03-31,ART-1308,1295.92,ATELIER 1,EN_COURS_INJECTION
2026-03-31,ART-1232,119.05,DEPOT NORD,EN_COURS_INJECTION
2026-04-30,ART-1558,358.05,DEPOT A,EN_COURS_INJECTION
2026-03-15,ART-1024,405.84,DEPOT NORD,EN_COURS_INJECTION
2026-04-15,ART-1800,1252.71,MAGASIN CENTRAL,EN_COURS_INJECTION
2026-03-31,ART-1723,525.75,DEPOT B,EN_COURS_INJECTION
2026-02-05,ART-1001,993.48,DEPOT B,EN_COURS_INJECTION
2026-03-31,ART-1525,1124.27,MAGASIN CENTRAL,EN_COURS_INJECTION
2026-03-05,ART-1778,219.95,ATELIER 1,EN_COURS_INJECTION
2026-03-15,ART-1614,1426.77,DEPOT NORD,EN_COURS_INJECTION
2026-04-30,ART-1607,365.07,DEPOT A,EN_COURS_INJECTION
2026-03-31,ART-1783,1400.27,DEPOT B,EN_COURS_INJECTION
2026-04-15,ART-1312,1102.66,DEPOT A,EN_COURS_INJECTION
2026-03-05,ART-1307,101.69,DEPOT B,EN_COURS_INJECTION
2026-02-05,ART-1527,525.72,DEPOT NORD,EN_COURS_INJECTION
2026-03-15,ART-1090,862.2,DEPOT NORD,EN_COURS_INJECTION
2026-01-05,ART-1233,1308.7,MAGASIN CENTRAL,EN_COURS_INJECTION
2026-01-31,ART-1660,95.17,DEPOT A,EN_COURS_INJECTION
2026-04-15,ART-1077,464.9,DEPOT B,EN_COURS_INJECTION
2026-03-05,ART-1394,1288.36,MAGASIN CENTRAL,EN_COURS_INJECTION
2026-01-15,ART-1043,58.22,ATELIER 1,EN_COURS_INJECTION
2026-03-05,ART-1069,544.0,,EN_COURS_INJECTION
2026-04-15,ART-1349,68.85,ATELIER 1,EN_COURS_INJECTION
2026-03-05,ART-1054,459.28,DEPOT NORD,EN_COURS_INJECTION
2026-02-28,ART-1446,938.11,DEPOT NORD,EN_COURS_INJECTION
2026-01-31,ART-1503,1059.01,MAGASIN CENTRAL,EN_COURS_INJECTION
2026-02-05,ART-1287,1350.49,DEPOT NORD,EN_COURS_INJECTION
2026-04-15,ART-1547,374.19,ATELIER 1,EN_COURS_INJECTION
2026-03-31,ART-1285,681.68,ATELIER 1,EN_COURS_INJECTION
2026-03-31,ART-1558,602.01,DEPOT A,EN_COURS_INJECTION
2026-04-15,ART-1756,740.67,DEPOT A,EN_COURS_INJECTION
2026-02-15,ART-1732,277.6,MAGASIN CENTRAL,EN_COURS_INJECTION
2026-03-15,ART-1008,454.1,DEPOT NORD,EN_COURS_INJECTION
2026-03-15,ART-1294,766.67,DEPOT B,EN_COURS_INJECTION
2026-04-15,ART-1680,484.23,DEPOT NORD,EN_COURS_INJECTION
2026-04-05,ART-1613,1429.35,ATELIER 1,EN_COURS_INJECTION
2026-01-15,ART-1209,1082.13,DEPOT NORD,EN_COURS_INJECTION
2026-04-30,ART-1791,89.74,ATELIER 1,EN_COURS_INJECTION
2026-02-15,ART-1703,250.27,ATELIER 1,EN_COURS_INJECTION
2026-02-15,ART-1679,520.44,MAGASIN CENTRAL,EN_COURS_INJECTION
2026-03-31,ART-1215,284.42,DEPOT NORD,EN_COURS_INJECTION
2026-04-05,ART-1038,768.49,DEPOT NORD,EN_COURS_INJECTION
2026-01-31,ART-1385,271.88,DEPOT NORD,EN_COURS_INJECTION
2026-02-15,ART-1368,1192.79,DEPOT B,EN_COURS_INJECTION
2026-04-15,ART-1041,996.7,DEPOT NORD,EN_COURS_INJECTION
2026-02-28,ART-1554,228.45,DEPOT NORD,EN_COURS_INJECTION
2026-03-05,ART-1338,1450.09,DEPOT NORD,EN_COURS_INJECTION
2026-04-05,ART-1343,1235.98,DEPOT NORD,EN_COURS_INJECTION
2026-03-31,ART-1178,812.17,ATELIER 1,EN_COURS_INJECTION
2026-02-28,ART-1668,833.07,MAGASIN CENTRAL,EN_COURS_INJECTION
2026-03-05,ART-1039,871.48,MAGASIN CENTRAL,EN_COURS_INJECTION
2026-03-05,ART-1171,823.7,DEPOT A,EN_COURS_INJECTION
2026-01-31,ART-1779,382.44,DEPOT NORD,EN_COURS_INJECTION
2026-03-15,ART-1312,1133.91,DEPOT B,EN_COURS_INJECTION
2026-01-31,ART-1251,1003.55,DEPOT A,EN_COURS_INJECTION
2026-04-15,ART-1615,1133.59,DEPOT B,EN_COURS_INJECTION
2026-02-15,ART-1484,344.83,DEPOT A,EN_COURS_INJECTION
2026-01-31,ART-1659,984.67,DEPOT NORD,EN_COURS_INJECTION
2026-03-05,ART-1235,1188.06,DEPOT NORD,EN_COURS_INJECTION
2026-01-31,ART-1157,1064.23,DEPOT B,EN_COURS_INJECTION
2026-02-28,ART-1586,272.33,DEPOT B,EN_COURS_INJECTION
2026-01-31,ART-1753,734.32,ATELIER 1,EN_COURS_INJECTION
2026-02-28,ART-1751,1187.37,MAGASIN CENTRAL,EN_COURS_INJECTION
2026-02-15,ART-1511,125.91,MAGASIN CENTRAL,EN_COURS_INJECTION
2026-04-05,ART-1763,681.81,ATELIER 1,EN_COURS_INJECTION
2026-01-31,ART-1003,1005.03,ATELIER 1,EN_COURS_INJECTION
2026-02-28,ART-1056,432.68,MAGASIN CENTRAL,EN_COURS_INJECTION
2026-01-15,ART-1295,1373.51,DEPOT B,EN_COURS_INJECTION
2026-01-05,ART-1621,299.73,DEPOT A,EN_COURS_INJECTION
2026-01-15,ART-1710,270.84,MAGASIN CENTRAL,EN_COURS_INJECTION
2026-03-31,ART-1133,251.27,ATELIER 1,EN_COURS_INJECTION
2026-01-05,ART-1188,1456.59,DEPOT A,EN_COURS_INJECTION
2026-03-31,ART-1531,76.06,,EN_COURS_INJECTION
2026-04-15,ART-1169,404.3,DEPOT NORD,EN_COURS_INJECTION
2026-04-15,ART-1436,1484.58,ATELIER 1,EN_COURS_INJECTION
2026-02-05,ART-1679,1244.89,DEPOT A,EN_COURS_INJECTION
2026-03-05,ART-1102,867.87,MAGASIN CENTRAL,EN_COURS_INJECTION
2026-02-15,ART-1794,510.57,DEPOT A,EN_COURS_INJECTION
2026-03-31,ART-1602,1022.24,MAGASIN CENTRAL,EN_COURS_INJECTION
2026-01-15,ART-1288,1283.61,DEPOT NORD,EN_COURS_INJECTION
2026-03-15,ART-1798,347.89,DEPOT B,EN_COURS_INJECTION
2026-03-05,ART-1266,795.69,DEPOT NORD,EN_COURS_INJECTION
2026-03-05,ART-1632,1419.69,MAGASIN CENTRAL,EN_COURS_INJECTION
2026-01-31,ART-1370,556.57,MAGASIN CENTRAL,EN_COURS_INJECTION
2026-04-05,ART-1101,0.0,DEPOT NORD,EN_COURS_INJECTION
2026-02-28,ART-1277,1212.57,DEPOT A,EN_COURS_INJECTION
2026-04-30,ART-1400,1423.0,DEPOT B,EN_COURS_INJECTION
2026-01-05,ART-1515,191.22,MAGASIN CENTRAL,EN_COURS_INJECTION
2026-03-31,ART-1449,782.64,DEPOT NORD,EN_COURS_INJECTION
2026-02-28,ART-1493,193.82,MAGASIN CENTRAL,EN_COURS_INJECTION
2026-03-31,ART-1746,1457.22,DEPOT B,EN_COURS_INJECTION
2026-03-15,ART-1415,530.01,ATELIER 1,EN_COURS_INJECTION
2026-01-31,ART-1773,388.1,DEPOT A,EN_COURS_INJECTION
2026-03-05,ART-1738,1271.15,DEPOT A,EN_COURS_INJECTION
2026-04-30,ART-1597,562.78,DEPOT A,EN_COURS_INJECTION
2026-03-31,ART-1325,204.84,DEPOT NORD,EN_COURS_INJECTION
2026-03-31,ART-1414,1316.95,ATELIER 1,EN_COURS_INJECTION
2026-04-30,ART-1275,791.57,ATELIER 1,EN_COURS_INJECTION
2026-02-28,ART-1580,1475.78,ATELIER 1,EN_COURS_INJECTION
2026-02-15,ART-1514,1001.1,DEPOT NORD,EN_COURS_INJECTION
2026-02-05,ART-1785,372.43,DEPOT B,EN_COURS_INJECTION
2026-01-31,ART-1778,587.53,ATELIER 1,EN_COURS_INJECTION
2026-04-05,ART-1351,1460.82,ATELIER 1,EN_COURS_INJECTION
2026-03-05,ART-1704,32.69,DEPOT NORD,EN_COURS_INJECTION
2026-03-15,ART-1286,124.36,DEPOT B,EN_COURS_INJECTION
2026-03-05,ART-1040,168.85,DEPOT B,EN_COURS_INJECTION
2026-03-15,ART-1476,694.73,DEPOT B,EN_COURS_INJECTION
2026-01-05,ART-1693,284.56,ATELIER 1,EN_COURS_INJECTION
2026-02-28,ART-1513,1460.06,ATELIER 1,EN_COURS_INJECTION
2026-02-28,ART-1615,857.31,DEPOT A,EN_COURS_INJECTION
2026-04-05,ART-1290,96.28,DEPOT B,EN_COURS_INJECTION
2026-02-15,ART-1383,121.24,DEPOT B,EN_COURS_INJECTION
2026-03-05,ART-1570,1329.72,DEPOT A,EN_COURS_INJECTION
2026-02-05,ART-1528,929.27,DEPOT A,EN_COURS_INJECTION
2026-04-30,ART-1697,747.44,ATELIER 1,EN_COURS_INJECTION
2026-02-28,ART-1269,1361.37,DEPOT A,EN_COURS_INJECTION
2026-02-28,ART-1566,1030.88,DEPOT B,EN_COURS_INJECTION
2026-04-15,ART-1670,410.63,ATELIER 1,EN_COURS_INJECTION
2026-02-28,ART-1508,716.08,ATELIER 1,EN_COURS_INJECTION
2026-02-28,ART-1720,204.1,DEPOT A,EN_COURS_INJECTION
2026-04-30,ART-1383,1219.73,DEPOT A,EN_COURS_INJECTION
2026-04-15,ART-1683,613.91,ATELIER 1,EN_COURS_INJECTION
2026-01-15,ART-1481,189.16,DEPOT B,EN_COURS_INJECTION
2026-04-30,ART-1471,761.09,DEPOT NORD,EN_COURS_INJECTION
2026-01-31,ART-1340,1363.01,DEPOT A,EN_COURS_INJECTION
2026-02-15,ART-1033,1298.92,DEPOT NORD,EN_COURS_INJECTION
2026-01-31,ART-1373,916.81,DEPOT B,EN_COURS_INJECTION
2026-03-05,ART-1429,442.69,DEPOT B,EN_COURS_INJECTION
2026-03-15,ART-1462,0.0,DEPOT NORD,EN_COURS_INJECTION
2026-04-30,ART-1053,770.8,DEPOT NORD,EN_COURS_INJECTION
2026-02-28,ART-1106,473.85,DEPOT B,EN_COURS_INJECTION
2026-01-31,ART-1381,1158.76,DEPOT B,EN_COURS_INJECTION
2026-03-15,ART-1451,1094.72,DEPOT A,EN_COURS_INJECTION
2026-02-05,ART-1529,270.03,MAGASIN CENTRAL,EN_COURS_INJECTION
2026-04-05,ART-1590,152.79,DEPOT B,EN_COURS_INJECTION
2026-02-28,ART-1422,1023.14,DEPOT A,EN_COURS_INJECTION
2026-04-05,ART-1516,688.1,DEPOT B,EN_COURS_INJECTION
2026-02-05,ART-1615,1199.26,ATELIER 1,EN_COURS_INJECTION
2026-02-15,ART-1206,1140.53,ATELIER 1,EN_COURS_INJECTION
2026-01-05,ART-1213,413.59,MAGASIN CENTRAL,EN_COURS_INJECTION
2026-03-31,ART-1625,51.51,MAGASIN CENTRAL,EN_COURS_INJECTION
2026-01-31,ART-1672,1152.58,ATELIER 1,EN_COURS_INJECTION
2026-01-05,ART-1440,1106.56,DEPOT NORD,EN_COURS_INJECTION
2026-01-31,ART-1451,458.22,DEPOT A,EN_COURS_INJECTION
2026-02-15,ART-1038,793.32,DEPOT B,EN_COURS_INJECTION
2026-02-28,ART-1670,516.54,ATELIER 1,EN_COURS_INJECTION
2026-03-05,ART-1462,897.03,ATELIER 1,EN_COURS_INJECTION
2026-04-30,ART-1611,833.69,MAGASIN CENTRAL,EN_COURS_INJECTION
2026-02-28,ART-1717,783.04,DEPOT A,EN_COURS_INJECTION
2026-03-05,ART-1554,641.9,MAGASIN CENTRAL,EN_COURS_INJECTION
2026-04-15,ART-1398,1258.29,ATELIER 1,EN_COURS_INJECTION
2026-03-05,ART-1653,729.8,DEPOT NORD,EN_COURS_INJECTION
2026-01-05,ART-1586,675.25,DEPOT A,EN_COURS_INJECTION
2026-03-05,ART-1073,539.46,ATELIER 1,EN_COURS_INJECTION
2026-04-15,ART-1471,768.9,MAGASIN CENTRAL,EN_COURS_INJECTION
2026-01-31,ART-1328,611.64,DEPOT NORD,EN_COURS_INJECTION
2026-04-15,ART-1017,690.25,ATELIER 1,EN_COURS_INJECTION
2026-02-05,ART-1368,446.43,MAGASIN CENTRAL,EN_COURS_INJECTION
2026-04-15,ART-1093,823.26,DEPOT B,EN_COURS_INJECTION
2026-02-15,ART-1587,0.0,DEPOT NORD,EN_COURS_INJECTION
2026-02-05,ART-1130,1098.95,MAGASIN CENTRAL,EN_COURS_INJECTION
2026-02-15,ART-1710,877.42,MAGASIN CENTRAL,EN_COURS_INJECTION
2026-02-28,ART-1766,613.01,ATELIER 1,EN_COURS_INJECTION
2026-02-28,ART-1366,310.79,DEPOT B,EN_COURS_INJECTION
2026-02-15,ART-1550,1163.43,DEPOT B,EN_COURS_INJECTION
2026-02-15,ART-1542,1451.15,MAGASIN CENTRAL,EN_COURS_INJECTION
2026-01-05,ART-1298,1071.86,DEPOT A,EN_COURS_INJECTION
2026-02-15,ART-1120,476.9,DEPOT NORD,EN_COURS_INJECTION
2026-02-15,ART-1226,97.0,MAGASIN CENTRAL,EN_COURS_INJECTION
2026-01-31,ART-1600,765.82,DEPOT A,EN_COURS_INJECTION
2026-03-05,ART-1490,1335.1,MAGASIN CENTRAL,EN_COURS_INJECTION
2026-04-30,ART-1777,366.66,ATELIER 1,EN_COURS_INJECTION
2026-02-15,ART-1010,1377.91,DEPOT B,EN_COURS_INJECTION
2026-03-05,ART-1002,1129.74,DEPOT B,EN_COURS_INJECTION
2026-01-31,ART-1389,1342.48,DEPOT NORD,EN_COURS_INJECTION
2026-02-15,ART-1492,279.83,DEPOT NORD,EN_COURS_INJECTION
2026-03-31,ART-1119,989.21,DEPOT B,EN_COURS_INJECTION
2026-04-05,ART-1391,968.92,DEPOT NORD,EN_COURS_INJECTION
2026-03-15,ART-1644,1376.2,ATELIER 1,EN_COURS_INJECTION
2026-03-05,ART-1292,978.41,DEPOT NORD,EN_COURS_INJECTION
2026-01-31,ART-1517,387.67,ATELIER 1,EN_COURS_INJECTION
2026-03-31,ART-1220,65.66,ATELIER 1,EN_COURS_INJECTION
2026-01-15,ART-1011,110.55,MAGASIN CENTRAL,EN_COURS_INJECTION
2026-03-05,ART-1497,260.5,MAGASIN CENTRAL,EN_COURS_INJECTION
2026-04-15,ART-1178,119.15,ATELIER 1,EN_COURS_INJECTION
2026-03-15,ART-1085,460.68,ATELIER 1,EN_COURS_INJECTION
2026-04-30,ART-1754,1273.85,DEPOT A,EN_COURS_INJECTION
2026-02-28,ART-1764,87.97,DEPOT A,EN_COURS_INJECTION
2026-04-15,ART-1228,357.44,ATELIER 1,EN_COURS_INJECTION
2026-03-05,ART-1241,1105.94,ATELIER 1,EN_COURS_INJECTION
2026-02-05,ART-1056,392.27,ATELIER 1,EN_COURS_INJECTION
2026-01-31,ART-1017,246.24,DEPOT B,EN_COURS_INJECTION
2026-04-30,ART-1363,612.16,DEPOT NORD,EN_COURS_INJECTION
2026-01-31,ART-1437,126.96,DEPOT NORD,EN_COURS_INJECTION
2026-03-05,ART-1046,399.51,DEPOT NORD,EN_COURS_INJECTION
2026-01-15,ART-1296,714.15,MAGASIN CENTRAL,EN_COURS_INJECTION
2026-01-05,ART-1184,609.92,ATELIER 1,EN_COURS_INJECTION
2026-03-05,ART-1740,1356.78,DEPOT B,EN_COURS_INJECTION
2026-01-05,ART-1422,26.07,DEPOT A,EN_COURS_INJECTION
2026-02-28,ART-1752,409.53,DEPOT NORD,EN_COURS_INJECTION
2026-02-05,ART-1256,1254.82,DEPOT NORD,EN_COURS_INJECTION
2026-01-31,ART-1797,1366.44,DEPOT A,EN_COURS_INJECTION
2026-01-31,ART-1062,1254.69,MAGASIN CENTRAL,EN_COURS_INJECTION
2026-01-15,ART-1063,1170.34,MAGASIN CENTRAL,EN_COURS_INJECTION
2026-02-15,ART-1445,559.91,DEPOT B,EN_COURS_INJECTION
2026-04-30,ART-1263,1316.21,ATELIER 1,EN_COURS_INJECTION
2026-01-05,ART-1685,207.68,DEPOT NORD,EN_COURS_INJECTION
2026-01-15,ART-1005,1337.65,ATELIER 1,EN_COURS_INJECTION
2026-04-05,ART-1181,1168.94,DEPOT B,EN_COURS_INJECTION
2026-02-28,ART-1390,666.86,MAGASIN CENTRAL,EN_COURS_INJECTION
2026-01-15,ART-1204,354.77,DEPOT B,EN_COURS_INJECTION
2026-02-05,ART-1706,399.06,MAGASIN CENTRAL,EN_COURS_INJECTION
2026-04-30,ART-1490,18.08,MAGASIN CENTRAL,EN_COURS_INJECTION
2026-01-05,ART-1520,616.26,DEPOT B,EN_COURS_INJECTION
2026-03-05,ART-1579,1194.63,DEPOT NORD,EN_COURS_INJECTION
2026-03-15,ART-1161,153.61,DEPOT NORD,EN_COURS_INJECTION
2026-01-31,ART-1264,32.28,MAGASIN CENTRAL,EN_COURS_INJECTION
2026-03-31,ART-1089,547.06,ATELIER 1,EN_COURS_INJECTION
2026-01-05,ART-1039,1464.9,MAGASIN CENTRAL,EN_COURS_INJECTION
2026-04-05,ART-1245,8.39,DEPOT A,EN_COURS_INJECTION
2026-01-31,ART-1287,500.26,DEPOT B,EN_COURS_INJECTION
2026-02-28,ART-1417,1165.8,DEPOT NORD,EN_COURS_INJECTION
2026-03-31,ART-1765,1045.64,DEPOT NORD,EN_COURS_INJECTION
2026-02-28,ART-1271,1367.47,MAGASIN CENTRAL,EN_COURS_INJECTION
2026-02-28,ART-1190,1429.1,DEPOT NORD,EN_COURS_INJECTION
2026-01-05,ART-1555,807.1,DEPOT NORD,EN_COURS_INJECTION
2026-03-31,ART-1265,1400.78,DEPOT B,EN_COURS_INJECTION
2026-03-05,ART-1771,1052.83,DEPOT A,EN_COURS_INJECTION
2026-01-15,ART-1447,475.7,DEPOT B,EN_COURS_INJECTION
2026-02-15,ART-1433,492.13,MAGASIN CENTRAL,EN_COURS_INJECTION
2026-01-15,ART-1286,1010.5,DEPOT NORD,EN_COURS_INJECTION
2026-04-15,ART-1468,1078.64,ATELIER 1,EN_COURS_INJECTION
2026-02-28,ART-1685,923.39,DEPOT NORD,EN_COURS_INJECTION
2026-02-15,ART-1716,1387.24,ATELIER 1,EN_COURS_INJECTION
2026-03-31,ART-1486,429.09,DEPOT B,EN_COURS_INJECTION
2026-02-15,ART-1668,707.03,DEPOT B,EN_COURS_INJECTION
2026-03-05,ART-1764,49.38,ATELIER 1,EN_COURS_INJECTION
2026-03-05,ART-1720,1337.99,DEPOT NORD,EN_COURS_INJECTION
2026-02-05,ART-1280,534.56,MAGASIN CENTRAL,EN_COURS_INJECTION
2026-01-31,ART-1093,1360.79,MAGASIN CENTRAL,EN_COURS_INJECTION
2026-04-05,ART-1347,227.47,MAGASIN CENTRAL,EN_COURS_INJECTION
2026-03-15,ART-1043,1287.59,DEPOT NORD,EN_COURS_INJECTION
2026-03-15,ART-1164,1430.81,MAGASIN CENTRAL,EN_COURS_INJECTION
2026-03-15,ART-1334,338.95,DEPOT NORD,EN_COURS_INJECTION
2026-04-05,ART-1417,409.76,ATELIER 1,EN_COURS_INJECTION
2026-04-05,ART-1053,79.35,DEPOT NORD,EN_COURS_INJECTION
2026-03-05,ART-1726,1156.14,DEPOT NORD,EN_COURS_INJECTION
2026-01-05,ART-1252,824.26,DEPOT NORD,EN_COURS_INJECTION
2026-01-05,ART-1106,17.92,ATELIER 1,EN_COURS_INJECTION
2026-01-15,ART-1598,94.75,DEPOT B,EN_COURS_INJECTION
2026-03-15,ART-1618,140.49,MAGASIN CENTRAL,EN_COURS_INJECTION
2026-03-15,ART-1259,897.58,ATELIER 1,EN_COURS_INJECTION
2026-01-31,ART-1123,1280.19,MAGASIN CENTRAL,EN_COURS_INJECTION
2026-02-28,ART-1736,1243.3,MAGASIN CENTRAL,EN_COURS_INJECTION
2026-02-05,ART-1710,439.1,DEPOT A,EN_COURS_INJECTION
2026-02-28,ART-1022,373.58,ATELIER 1,EN_COURS_INJECTION
2026-02-28,ART-1503,175.5,DEPOT B,EN_COURS_INJECTION
2026-03-15,ART-1765,609.23,DEPOT B,EN_COURS_INJECTION
2026-02-05,ART-1716,1034.75,DEPOT A,EN_COURS_INJECTION
2026-01-15,ART-1325,784.87,MAGASIN CENTRAL,EN_COURS_INJECTION
2026-02-28,ART-1222,282.02,DEPOT A,EN_COURS_INJECTION
2026-02-15,ART-1721,998.07,DEPOT A,EN_COURS_INJECTION
2026-02-15,ART-1057,735.22,ATELIER 1,EN_COURS_INJECTION
2026-02-28,ART-1635,208.86,DEPOT NORD,EN_COURS_INJECTION
2026-02-15,ART-1370,1215.69,DEPOT B,EN_COURS_INJECTION
2026-04-15,ART-1355,1024.22,ATELIER 1,EN_COURS_INJECTION
2026-02-28,ART-1210,805.44,ATELIER 1,EN_COURS_INJECTION
2026-04-30,ART-1800,425.0,MAGASIN CENTRAL,EN_COURS_INJECTION
2026-02-15,ART-1669,1270.92,ATELIER 1,EN_COURS_INJECTION
2026-04-30,ART-1592,1462.66,DEPOT A,EN_COURS_INJECTION
2026-02-28,ART-1720,1274.11,MAGASIN CENTRAL,EN_COURS_INJECTION
2026-02-15,ART-1579,794.26,DEPOT NORD,EN_COURS_INJECTION
2026-03-31,ART-1274,630.23,DEPOT NORD,EN_COURS_INJECTION
2026-02-28,ART-1539,107.58,DEPOT NORD,EN_COURS_INJECTION
2026-01-05,ART-1768,809.82,ATELIER 1,EN_COURS_INJECTION
2026-01-15,ART-1288,613.1,MAGASIN CENTRAL,EN_COURS_INJECTION
2026-02-15,ART-1481,1358.13,ATELIER 1,EN_COURS_INJECTION
2026-03-31,ART-1731,281.41,DEPOT A,EN_COURS_INJECTION
2026-04-15,ART-1080,752.61,DEPOT A,EN_COURS_INJECTION
2026-01-31,ART-1308,1042.54,MAGASIN CENTRAL,EN_COURS_INJECTION
2026-04-30,ART-1659,880.45,DEPOT A,EN_COURS_INJECTION
2026-01-31,ART-1773,1331.93,MAGASIN CENTRAL,EN_COURS_INJECTION
2026-02-15,ART-1563,1066.88,ATELIER 1,EN_COURS_INJECTION
2026-04-05,ART-1242,353.48,MAGASIN CENTRAL,EN_COURS_INJECTION
2026-01-05,ART-1176,953.02,DEPOT B,EN_COURS_INJECTION
2026-02-15,ART-1377,177.73,MAGASIN CENTRAL,EN_COURS_INJECTION
2026-01-15,ART-1664,761.16,ATELIER 1,EN_COURS_INJECTION
2026-01-31,ART-1273,636.46,MAGASIN CENTRAL,EN_COURS_INJECTION
2026-03-15,ART-1092,919.64,ATELIER 1,EN_COURS_INJECTION
2026-04-05,ART-1017,939.36,DEPOT B,EN_COURS_INJECTION
2026-03-05,ART-1737,1265.87,DEPOT A,EN_COURS_INJECTION
2026-01-05,ART-1623,889.83,DEPOT A,EN_COURS_INJECTION
2026-04-30,ART-1559,1308.03,DEPOT A,EN_COURS_INJECTION
2026-03-31,ART-1408,564.8,DEPOT NORD,EN_COURS_INJECTION
2026-04-15,ART-1769,711.25,DEPOT A,EN_COURS_INJECTION
2026-01-31,ART-1323,247.98,DEPOT B,EN_COURS_INJECTION
2026-03-05,ART-1097,20.74,DEPOT A,EN_COURS_INJECTION
2026-03-05,ART-1722,42.16,MAGASIN CENTRAL,EN_COURS_INJECTION
2026-01-31,ART-1185,1295.33,MAGASIN CENTRAL,EN_COURS_INJECTION
2026-01-15,ART-1115,50.82,DEPOT NORD,EN_COURS_INJECTION
2026-03-31,ART-1141,944.18,ATELIER 1,EN_COURS_INJECTION
2026-02-28,ART-1372,1015.95,DEPOT NORD,EN_COURS_INJECTION
2026-03-05,ART-1130,737.07,DEPOT B,EN_COURS_INJECTION
2026-02-28,ART-1241,351.86,ATELIER 1,EN_COURS_INJECTION
2026-01-15,ART-1601,542.54,ATELIER 1,EN_COURS_INJECTION
2026-03-05,ART-1541,997.49,DEPOT A,EN_COURS_INJECTION
2026-04-15,ART-1649,1404.99,DEPOT B,EN_COURS_INJECTION
2026-02-28,ART-1773,15.95,MAGASIN CENTRAL,EN_COURS_INJECTION
2026-03-05,ART-1489,360.83,DEPOT B,EN_COURS_INJECTION
2026-03-05,ART-1193,1187.04,MAGASIN CENTRAL,EN_COURS_INJECTION
2026-01-31,ART-1762,1392.43,DEPOT B,EN_COURS_INJECTION
2026-02-15,ART-1792,1120.77,DEPOT B,EN_COURS_INJECTION
2026-04-30,ART-1494,272.08,DEPOT A,EN_COURS_INJECTION
2026-04-15,ART-1419,1001.72,DEPOT B,EN_COURS_INJECTION
2026-04-15,ART-1335,585.01,DEPOT A,EN_COURS_INJECTION
2026-01-15,ART-1049,1273.62,MAGASIN CENTRAL,EN_COURS_INJECTION
2026-03-15,ART-1205,1476.53,DEPOT NORD,EN_COURS_INJECTION
2026-01-31,ART-1305,372.71,MAGASIN CENTRAL,EN_COURS_INJECTION
2026-04-05,ART-1208,1128.29,DEPOT A,EN_COURS_INJECTION
2026-03-31,ART-1071,900.23,DEPOT B,EN_COURS_INJECTION
2026-04-15,ART-1021,1157.61,DEPOT NORD,EN_COURS_INJECTION
2026-02-28,ART-1395,43.7,MAGASIN CENTRAL,EN_COURS_INJECTION
2026-03-15,ART-1613,1036.91,DEPOT B,EN_COURS_INJECTION
2026-04-05,ART-1057,625.36,DEPOT NORD,EN_COURS_INJECTION
2026-01-05,ART-1400,1093.62,DEPOT NORD,EN_COURS_INJECTION
2026-04-30,ART-1109,1322.3,ATELIER 1,EN_COURS_INJECTION
2026-04-30,ART-1054,913.64,ATELIER 1,EN_COURS_INJECTION
2026-03-05,ART-1122,1282.01,ATELIER 1,EN_COURS_INJECTION
2026-03-05,ART-1420,1353.36,DEPOT A,EN_COURS_INJECTION
2026-03-31,ART-1755,1283.38,DEPOT B,EN_COURS_INJECTION
2026-01-05,ART-1786,595.15,DEPOT NORD,EN_COURS_INJECTION
2026-04-30,ART-1297,158.02,DEPOT A,EN_COURS_INJECTION
2026-04-30,ART-1664,751.08,ATELIER 1,EN_COURS_INJECTION
2026-01-15,ART-1344,1002.45,DEPOT A,EN_COURS_INJECTION
2026-03-05,ART-1796,1050.1,ATELIER 1,EN_COURS_INJECTION
2026-01-31,ART-1320,211.93,ATELIER 1,EN_COURS_INJECTION
2026-01-15,ART-1039,400.26,ATELIER 1,EN_COURS_INJECTION
2026-04-05,ART-1026,1466.18,ATELIER 1,EN_COURS_INJECTION
2026-04-30,ART-1390,496.48,ATELIER 1,EN_COURS_INJECTION
2026-04-15,ART-1043,1239.32,DEPOT B,EN_COURS_INJECTION
2026-02-05,ART-1293,1040.36,MAGASIN CENTRAL,EN_COURS_INJECTION
2026-04-15,ART-1320,977.79,ATELIER 1,EN_COURS_INJECTION
2026-04-05,ART-1656,291.91,DEPOT A,EN_COURS_INJECTION
2026-01-15,ART-1398,288.64,DEPOT A,EN_COURS_INJECTION
2026-01-05,ART-1117,1328.83,DEPOT NORD,EN_COURS_INJECTION
2026-01-15,ART-1415,514.79,DEPOT B,EN_COURS_INJECTION
2026-02-05,ART-1394,,DEPOT B,EN_COURS_INJECTION
2026-03-05,ART-1455,801.11,DEPOT NORD,EN_COURS_INJECTION
2026-04-15,ART-1587,1498.61,ATELIER 1,EN_COURS_INJECTION
2026-02-15,ART-1525,354.8,DEPOT NORD,EN_COURS_INJECTION
2026-02-28,ART-1622,618.03,ATELIER 1,EN_COURS_INJECTION
2026-02-28,ART-1168,1136.51,DEPOT B,EN_COURS_INJECTION
2026-04-05,ART-1745,1273.9,MAGASIN CENTRAL,EN_COURS_INJECTION
2026-04-15,ART-1619,644.11,DEPOT A,EN_COURS_INJECTION
2026-03-05,ART-1763,886.82,MAGASIN CENTRAL,EN_COURS_INJECTION
2026-02-28,ART-1631,372.44,DEPOT NORD,EN_COURS_INJECTION
2026-04-15,ART-1041,431.66,DEPOT A,EN_COURS_INJECTION
2026-02-28,ART-1327,52.49,DEPOT B,EN_COURS_INJECTION
2026-04-15,ART-1244,959.64,MAGASIN CENTRAL,EN_COURS_INJECTION
2026-01-31,ART-1591,634.23,DEPOT NORD,EN_COURS_INJECTION
2026-02-28,ART-1272,531.81,DEPOT B,EN_COURS_INJECTION
2026-02-28,ART-1289,1025.39,MAGASIN CENTRAL,EN_COURS_INJECTION
2026-01-31,ART-1531,1181.03,DEPOT B,EN_COURS_INJECTION
2026-01-05,ART-1645,13.22,ATELIER 1,EN_COURS_INJECTION
2026-03-05,ART-1508,585.24,ATELIER 1,EN_COURS_INJECTION
2026-04-30,ART-1318,960.9,DEPOT B,EN_COURS_INJECTION
2026-03-15,ART-1507,403.1,DEPOT A,EN_COURS_INJECTION
2026-02-05,ART-1748,853.28,DEPOT B,EN_COURS_INJECTION
2026-03-15,ART-1409,1294.78,DEPOT A,EN_COURS_INJECTION
2026-03-05,ART-1487,520.69,MAGASIN CENTRAL,EN_COURS_INJECTION
2026-02-15,ART-1217,368.4,MAGASIN CENTRAL,EN_COURS_INJECTION
2026-03-05,ART-1087,157.76,ATELIER 1,EN_COURS_INJECTION
2026-03-15,ART-1465,416.07,ATELIER 1,EN_COURS_INJECTION
2026-03-31,ART-1205,1031.0,DEPOT B,EN_COURS_INJECTION
2026-03-05,ART-1357,,DEPOT NORD,EN_COURS_INJECTION
2026-03-05,ART-1252,264.16,ATELIER 1,EN_COURS_INJECTION
2026-03-05,ART-1013,1306.13,ATELIER 1,EN_COURS_INJECTION
2026-03-15,ART-1626,1453.52,DEPOT NORD,EN_COURS_INJECTION
2026-03-15,ART-1109,356.83,DEPOT A,EN_COURS_INJECTION
2026-02-15,ART-1628,204.82,ATELIER 1,EN_COURS_INJECTION
2026-01-15,ART-1800,993.16,DEPOT A,EN_COURS_INJECTION
2026-01-15,ART-1081,450.52,MAGASIN CENTRAL,EN_COURS_INJECTION
2026-01-15,ART-1279,47.86,DEPOT A,EN_COURS_INJECTION
2026-04-05,ART-1450,1301.15,MAGASIN CENTRAL,EN_COURS_INJECTION
2026-01-05,ART-1355,1334.88,MAGASIN CENTRAL,EN_COURS_INJECTION
2026-02-05,ART-1797,423.29,DEPOT B,EN_COURS_INJECTION
2026-02-15,ART-1727,689.01,DEPOT B,EN_COURS_INJECTION
2026-01-15,ART-1108,81.58,DEPOT NORD,EN_COURS_INJECTION
2026-04-15,ART-1063,316.67,DEPOT NORD,EN_COURS_INJECTION
2026-04-30,ART-1368,1170.96,DEPOT B,EN_COURS_INJECTION
2026-02-15,ART-1156,537.82,DEPOT A,EN_COURS_INJECTION
2026-03-31,ART-1620,175.84,DEPOT B,EN_COURS_INJECTION
2026-04-30,ART-1274,7.59,DEPOT A,EN_COURS_INJECTION
2026-04-15,ART-1022,1298.57,ATELIER 1,EN_COURS_INJECTION
2026-01-31,ART-1501,412.65,ATELIER 1,EN_COURS_INJECTION
2026-01-15,ART-1585,829.55,DEPOT A,EN_COURS_INJECTION
2026-04-05,ART-1665,418.13,DEPOT NORD,EN_COURS_INJECTION
2026-01-15,ART-1061,534.43,DEPOT A,EN_COURS_INJECTION
2026-03-15,ART-1567,1425.76,DEPOT A,EN_COURS_INJECTION
2026-01-31,ART-1514,498.73,DEPOT A,EN_COURS_INJECTION
2026-01-05,ART-1182,1138.68,DEPOT A,EN_COURS_INJECTION
2026-03-31,ART-1064,612.23,DEPOT A,EN_COURS_INJECTION
2026-01-31,ART-1741,211.93,MAGASIN CENTRAL,EN_COURS_INJECTION
2026-02-15,ART-1617,1070.87,ATELIER 1,EN_COURS_INJECTION
2026-03-31,ART-1524,803.54,ATELIER 1,EN_COURS_INJECTION
2026-04-15,ART-1082,1490.55,DEPOT NORD,EN_COURS_INJECTION
2026-04-30,ART-1119,912.03,ATELIER 1,EN_COURS_INJECTION
2026-02-15,ART-1459,43.19,DEPOT B,EN_COURS_INJECTION
2026-02-28,ART-1335,19.34,ATELIER 1,EN_COURS_INJECTION
2026-02-15,ART-1301,323.53,DEPOT NORD,EN_COURS_INJECTION
2026-03-31,ART-1758,91.95,DEPOT NORD,EN_COURS_INJECTION
2026-01-15,ART-1631,992.5,DEPOT A,EN_COURS_INJECTION
2026-04-05,ART-1008,1115.92,DEPOT B,EN_COURS_INJECTION
2026-04-15,ART-1417,824.13,DEPOT B,EN_COURS_INJECTION
2026-02-05,ART-1151,398.03,DEPOT A,EN_COURS_INJECTION
2026-01-05,ART-1462,1106.43,MAGASIN CENTRAL,EN_COURS_INJECTION
2026-03-15,ART-1610,830.16,DEPOT B,EN_COURS_INJECTION
2026-02-15,ART-1318,1168.29,DEPOT A,EN_COURS_INJECTION
2026-04-30,ART-1196,110.39,DEPOT B,EN_COURS_INJECTION
2026-01-15,ART-1628,7.27,MAGASIN CENTRAL,EN_COURS_INJECTION
2026-01-15,ART-1540,191.36,MAGASIN CENTRAL,EN_COURS_INJECTION
2026-01-15,ART-1708,1390.26,MAGASIN CENTRAL,EN_COURS_INJECTION
2026-02-05,ART-1343,286.16,MAGASIN CENTRAL,EN_COURS_INJECTION
2026-04-05,ART-1576,463.26,DEPOT A,EN_COURS_INJECTION
2026-04-30,ART-1753,1030.06,DEPOT NORD,EN_COURS_INJECTION
2026-04-05,ART-1130,1139.51,ATELIER 1,EN_COURS_INJECTION
2026-03-05,ART-1223,973.43,DEPOT NORD,EN_COURS_INJECTION
2026-03-05,ART-1721,323.02,MAGASIN CENTRAL,EN_COURS_INJECTION
2026-03-05,ART-1167,954.77,DEPOT NORD,EN_COURS_INJECTION
2026-04-30,ART-1496,281.01,DEPOT B,EN_COURS_INJECTION
2026-01-15,ART-1449,531.19,ATELIER 1,EN_COURS_INJECTION
2026-01-31,ART-1281,1498.86,DEPOT B,EN_COURS_INJECTION
2026-01-05,ART-1627,27.33,DEPOT B,EN_COURS_INJECTION
2026-01-15,ART-1430,1390.94,DEPOT NORD,EN_COURS_INJECTION
2026-03-31,ART-1738,973.69,DEPOT NORD,EN_COURS_INJECTION
2026-02-05,ART-1596,668.32,DEPOT A,EN_COURS_INJECTION
2026-01-31,ART-1152,839.12,MAGASIN CENTRAL,EN_COURS_INJECTION
2026-02-05,ART-1799,1295.04,MAGASIN CENTRAL,EN_COURS_INJECTION
2026-03-15,ART-1674,814.53,DEPOT B,EN_COURS_INJECTION
2026-01-15,ART-1469,214.3,DEPOT NORD,EN_COURS_INJECTION
2026-03-31,ART-1141,13.07,DEPOT A,EN_COURS_INJECTION
2026-03-15,ART-1405,994.22,DEPOT B,EN_COURS_INJECTION
2026-02-28,ART-1458,16.76,DEPOT A,EN_COURS_INJECTION
2026-03-05,ART-1322,1366.13,MAGASIN CENTRAL,EN_COURS_INJECTION
2026-01-05,ART-1206,430.24,ATELIER 1,EN_COURS_INJECTION
2026-02-28,ART-1726,1213.53,ATELIER 1,EN_COURS_INJECTION
2026-02-05,ART-1636,1081.16,DEPOT B,EN_COURS_INJECTION
2026-01-31,ART-1270,743.53,MAGASIN CENTRAL,EN_COURS_INJECTION
2026-01-15,ART-1399,764.93,DEPOT A,EN_COURS_INJECTION
2026-01-31,ART-1798,445.57,DEPOT NORD,EN_COURS_INJECTION
2026-04-30,ART-1242,1179.47,DEPOT A,EN_COURS_INJECTION
2026-02-05,ART-1452,842.94,DEPOT A,EN_COURS_INJECTION
2026-03-05,ART-1116,243.85,DEPOT NORD,EN_COURS_INJECTION
2026-01-31,ART-1043,65.67,MAGASIN CENTRAL,EN_COURS_INJECTION
2026-04-05,ART-1468,233.35,DEPOT A,EN_COURS_INJECTION
2026-03-05,ART-1640,1139.84,MAGASIN CENTRAL,EN_COURS_INJECTION
2026-01-15,ART-1779,259.77,DEPOT A,EN_COURS_INJECTION
2026-04-05,ART-1181,1268.95,ATELIER 1,EN_COURS_INJECTION
2026-02-15,ART-1409,459.65,DEPOT A,EN_COURS_INJECTION
2026-02-15,ART-1312,1095.57,DEPOT B,EN_COURS_INJECTION
2026-01-31,ART-1458,152.94,DEPOT NORD,EN_COURS_INJECTION
2026-02-05,ART-1750,865.46,DEPOT B,EN_COURS_INJECTION
2026-01-31,ART-1203,539.61,DEPOT NORD,EN_COURS_INJECTION
2026-03-05,ART-1755,472.03,DEPOT B,EN_COURS_INJECTION
2026-02-05,ART-1055,1011.77,ATELIER 1,EN_COURS_INJECTION
2026-01-15,ART-1629,86.07,DEPOT NORD,EN_COURS_INJECTION
2026-03-31,ART-1482,1187.22,DEPOT A,EN_COURS_INJECTION
2026-04-15,ART-1053,798.04,MAGASIN CENTRAL,EN_COURS_INJECTION
2026-04-05,ART-1180,472.08,MAGASIN CENTRAL,EN_COURS_INJECTION
2026-04-15,ART-1005,646.26,DEPOT A,EN_COURS_INJECTION
2026-02-28,ART-1629,834.8,DEPOT A,EN_COURS_INJECTION
2026-02-05,ART-1257,0.0,DEPOT NORD,EN_COURS_INJECTION
2026-02-28,ART-1690,756.1,DEPOT B,EN_COURS_INJECTION
2026-01-15,ART-1542,908.33,DEPOT NORD,EN_COURS_INJECTION
2026-03-15,ART-1048,1445.23,DEPOT A,EN_COURS_INJECTION
2026-01-15,ART-1794,1107.02,ATELIER 1,EN_COURS_INJECTION
2026-03-05,ART-1700,742.96,DEPOT B,EN_COURS_INJECTION
2026-04-05,ART-1031,913.18,DEPOT B,EN_COURS_INJECTION
2026-04-05,ART-1322,1493.07,DEPOT B,EN_COURS_INJECTION
2026-03-15,ART-1746,643.24,MAGASIN CENTRAL,EN_COURS_INJECTION
2026-02-15,ART-1720,1162.71,ATELIER 1,EN_COURS_INJECTION
2026-03-05,ART-1295,1271.5,MAGASIN CENTRAL,EN_COURS_INJECTION
2026-03-05,ART-1349,764.52,MAGASIN CENTRAL,EN_COURS_INJECTION
2026-04-30,ART-1082,461.58,DEPOT B,EN_COURS_INJECTION
2026-01-31,ART-1240,247.5,ATELIER 1,EN_COURS_INJECTION
2026-01-05,ART-1689,582.84,DEPOT B,EN_COURS_INJECTION
2026-02-28,ART-1709,219.65,ATELIER 1,EN_COURS_INJECTION
2026-01-31,ART-1709,970.29,MAGASIN CENTRAL,EN_COURS_INJECTION
2026-03-31,ART-1613,1190.73,ATELIER 1,EN_COURS_INJECTION
2026-01-05,ART-1619,7.82,DEPOT B,EN_COURS_INJECTION
2026-02-05,ART-1236,954.02,DEPOT A,EN_COURS_INJECTION
2026-04-05,ART-1236,397.34,DEPOT B,EN_COURS_INJECTION
2026-01-31,ART-1504,812.98,DEPOT B,EN_COURS_INJECTION
2026-01-05,ART-1750,1407.48,MAGASIN CENTRAL,EN_COURS_INJECTION
2026-03-31,ART-1644,1400.33,DEPOT B,EN_COURS_INJECTION
2026-02-05,ART-1224,1022.11,DEPOT A,EN_COURS_INJECTION
2026-01-31,ART-1442,1113.92,DEPOT B,EN_COURS_INJECTION
2026-03-05,ART-1294,616.5,DEPOT B,EN_COURS_INJECTION
2026-01-31,ART-1098,43.38,DEPOT B,EN_COURS_INJECTION
2026-03-31,ART-1172,528.9,DEPOT NORD,EN_COURS_INJECTION
2026-01-15,ART-1667,1048.53,MAGASIN CENTRAL,EN_COURS_INJECTION
2026-02-05,ART-1375,833.26,DEPOT NORD,EN_COURS_INJECTION
2026-01-05,ART-1736,602.95,MAGASIN CENTRAL,EN_COURS_INJECTION
2026-02-05,ART-1116,1430.18,DEPOT B,EN_COURS_INJECTION
2026-02-15,ART-1629,409.68,DEPOT NORD,EN_COURS_INJECTION
2026-01-31,ART-1796,754.13,MAGASIN CENTRAL,EN_COURS_INJECTION
2026-03-15,ART-1025,1430.77,DEPOT A,EN_COURS_INJECTION
2026-04-30,ART-1187,1290.24,DEPOT B,EN_COURS_INJECTION
2026-04-30,ART-1211,1246.89,DEPOT A,EN_COURS_INJECTION
2026-02-15,ART-1601,1354.23,DEPOT B,EN_COURS_INJECTION
2026-03-05,ART-1784,1055.32,DEPOT NORD,EN_COURS_INJECTION
2026-02-15,ART-1193,953.87,DEPOT NORD,EN_COURS_INJECTION
2026-03-15,ART-1604,562.01,DEPOT B,EN_COURS_INJECTION
2026-03-15,ART-1313,1316.65,DEPOT B,EN_COURS_INJECTION
2026-04-05,ART-1515,439.07,DEPOT NORD,EN_COURS_INJECTION
2026-04-05,ART-1582,934.64,DEPOT NORD,EN_COURS_INJECTION
2026-04-05,ART-1647,1353.21,MAGASIN CENTRAL,EN_COURS_INJECTION
2026-02-05,ART-1049,638.85,DEPOT A,EN_COURS_INJECTION
2026-01-31,ART-1699,1465.88,ATELIER 1,EN_COURS_INJECTION
2026-04-15,ART-1247,1410.58,ATELIER 1,EN_COURS_INJECTION
2026-03-31,ART-1591,1263.4,DEPOT B,EN_COURS_INJECTION
2026-02-15,ART-1340,740.52,DEPOT B,EN_COURS_INJECTION
2026-04-05,ART-1757,433.55,DEPOT A,EN_COURS_INJECTION
2026-04-05,ART-1059,1266.92,MAGASIN CENTRAL,EN_COURS_INJECTION
2026-04-30,ART-1235,642.26,MAGASIN CENTRAL,EN_COURS_INJECTION
2026-02-05,ART-1126,1365.96,DEPOT B,EN_COURS_INJECTION
2026-02-05,ART-1426,604.72,DEPOT NORD,EN_COURS_INJECTION
2026-01-05,ART-1528,1312.55,DEPOT B,EN_COURS_INJECTION
2026-02-28,ART-1793,392.22,DEPOT A,EN_COURS_INJECTION
2026-01-05,ART-1195,858.97,ATELIER 1,EN_COURS_INJECTION
2026-02-28,ART-1215,881.18,MAGASIN CENTRAL,EN_COURS_INJECTION
2026-01-15,ART-1091,432.87,DEPOT B,EN_COURS_INJECTION
2026-01-31,ART-1511,987.69,DEPOT B,EN_COURS_INJECTION
2026-04-15,ART-1040,924.34,ATELIER 1,EN_COURS_INJECTION
2026-03-15,ART-1598,275.02,DEPOT B,EN_COURS_INJECTION
2026-02-05,ART-1033,1395.87,MAGASIN CENTRAL,EN_COURS_INJECTION
2026-01-15,ART-1720,133.53,DEPOT A,EN_COURS_INJECTION
2026-02-05,ART-1287,347.34,ATELIER 1,EN_COURS_INJECTION
2026-03-15,ART-1412,630.28,MAGASIN CENTRAL,EN_COURS_INJECTION
2026-03-15,ART-1507,730.97,ATELIER 1,EN_COURS_INJECTION
2026-03-15,ART-1252,821.01,DEPOT B,EN_COURS_INJECTION
2026-03-15,ART-1564,637.81,DEPOT NORD,EN_COURS_INJECTION
2026-03-05,ART-1564,759.52,DEPOT NORD,EN_COURS_INJECTION
2026-04-05,ART-1327,1012.33,DEPOT B,EN_COURS_INJECTION
2026-02-05,ART-1400,667.48,ATELIER 1,EN_COURS_INJECTION
2026-01-15,ART-1579,804.33,ATELIER 1,EN_COURS_INJECTION
2026-02-28,ART-1343,168.78,DEPOT B,EN_COURS_INJECTION
2026-03-05,ART-1725,892.63,DEPOT B,EN_COURS_INJECTION
2026-04-05,ART-1018,645.52,MAGASIN CENTRAL,EN_COURS_INJECTION
2026-04-05,ART-1683,587.12,DEPOT B,EN_COURS_INJECTION
2026-03-31,ART-1349,1131.0,ATELIER 1,EN_COURS_INJECTION
2026-04-30,ART-1798,462.24,DEPOT B,EN_COURS_INJECTION
2026-04-05,ART-1782,469.5,DEPOT NORD,EN_COURS_INJECTION
2026-04-30,ART-1321,1444.28,DEPOT A,EN_COURS_INJECTION
2026-01-15,ART-1561,695.59,ATELIER 1,EN_COURS_INJECTION
2026-01-15,ART-1448,796.56,MAGASIN CENTRAL,EN_COURS_INJECTION
2026-03-05,ART-1461,628.25,DEPOT A,EN_COURS_INJECTION
2026-01-05,ART-1619,670.98,MAGASIN CENTRAL,EN_COURS_INJECTION
2026-04-05,ART-1120,308.07,DEPOT B,EN_COURS_INJECTION
2026-04-30,ART-1194,1223.66,DEPOT B,EN_COURS_INJECTION
2026-03-15,ART-1612,1000.56,MAGASIN CENTRAL,EN_COURS_INJECTION
2026-02-05,ART-1472,233.18,DEPOT NORD,EN_COURS_INJECTION
2026-04-15,ART-1208,257.57,DEPOT NORD,EN_COURS_INJECTION
2026-02-28,ART-1761,209.22,MAGASIN CENTRAL,EN_COURS_INJECTION
2026-01-05,ART-1367,761.55,DEPOT B,EN_COURS_INJECTION
2026-04-30,ART-1547,1040.18,DEPOT A,EN_COURS_INJECTION
2026-01-05,ART-1799,515.96,MAGASIN CENTRAL,EN_COURS_INJECTION
2026-02-15,ART-1747,1439.52,DEPOT NORD,EN_COURS_INJECTION
2026-03-05,ART-1028,1280.71,MAGASIN CENTRAL,EN_COURS_INJECTION
2026-01-05,ART-1334,1474.53,DEPOT B,EN_COURS_INJECTION
2026-02-05,ART-1245,902.88,DEPOT B,EN_COURS_INJECTION
2026-01-15,ART-1603,394.34,DEPOT B,EN_COURS_INJECTION
2026-04-15,ART-1669,1163.7,DEPOT B,EN_COURS_INJECTION
2026-02-05,ART-1475,1010.74,MAGASIN CENTRAL,EN_COURS_INJECTION
2026-01-15,ART-1055,821.12,MAGASIN CENTRAL,EN_COURS_INJECTION
2026-03-31,ART-1011,260.52,ATELIER 1,EN_COURS_INJECTION
2026-02-15,ART-1453,1495.41,DEPOT B,EN_COURS_INJECTION
2026-04-05,ART-1294,643.22,DEPOT NORD,EN_COURS_INJECTION
2026-04-05,ART-1337,220.68,DEPOT A,EN_COURS_INJECTION
2026-02-05,ART-1080,1063.8,MAGASIN CENTRAL,EN_COURS_INJECTION
2026-02-28,ART-1327,1499.1,DEPOT B,EN_COURS_INJECTION
2026-04-15,ART-1347,266.76,MAGASIN CENTRAL,EN_COURS_INJECTION
2026-04-30,ART-1187,1302.17,ATELIER 1,EN_COURS_INJECTION
2026-03-31,ART-1038,334.14,DEPOT B,EN_COURS_INJECTION
2026-04-30,ART-1532,363.03,ATELIER 1,EN_COURS_INJECTION
2026-03-05,ART-1657,1094.67,ATELIER 1,EN_COURS_INJECTION
2026-01-15,ART-1357,125.24,DEPOT B,EN_COURS_INJECTION
2026-02-05,ART-1087,837.21,DEPOT B,EN_COURS_INJECTION
2026-03-31,ART-1074,1293.27,ATELIER 1,EN_COURS_INJECTION
2026-04-05,ART-1691,1183.4,DEPOT B,EN_COURS_INJECTION
2026-01-15,ART-1231,884.95,DEPOT A,EN_COURS_INJECTION
2026-02-28,ART-1772,603.51,ATELIER 1,EN_COURS_INJECTION
2026-01-05,ART-1366,1272.88,ATELIER 1,EN_COURS_INJECTION
2026-04-05,ART-1660,363.89,ATELIER 1,EN_COURS_INJECTION
2026-03-15,ART-1307,1266.16,MAGASIN CENTRAL,EN_COURS_INJECTION
2026-02-05,ART-1800,508.29,DEPOT B,EN_COURS_INJECTION
2026-03-15,ART-1745,1134.45,DEPOT NORD,EN_COURS_INJECTION
2026-02-28,ART-1247,161.23,MAGASIN CENTRAL,EN_COURS_INJECTION
2026-02-15,ART-1585,1343.05,ATELIER 1,EN_COURS_INJECTION
2026-01-15,ART-1632,494.99,ATELIER 1,EN_COURS_INJECTION
2026-02-15,ART-1301,1453.5,MAGASIN CENTRAL,EN_COURS_INJECTION
2026-02-15,ART-1373,290.4,DEPOT B,EN_COURS_INJECTION
2026-04-05,ART-1698,188.55,DEPOT B,EN_COURS_INJECTION
2026-03-05,ART-1418,494.53,DEPOT B,EN_COURS_INJECTION
2026-03-05,ART-1376,329.79,DEPOT B,EN_COURS_INJECTION
2026-01-31,ART-1194,377.5,MAGASIN CENTRAL,EN_COURS_INJECTION
2026-02-28,ART-1306,900.93,DEPOT NORD,EN_COURS_INJECTION
2026-02-15,ART-1261,1159.07,MAGASIN CENTRAL,EN_COURS_INJECTION
2026-03-15,ART-1574,1219.77,MAGASIN CENTRAL,EN_COURS_INJECTION
2026-04-30,ART-1031,657.22,DEPOT A,EN_COURS_INJECTION
2026-01-31,ART-1258,74.12,MAGASIN CENTRAL,EN_COURS_INJECTION
2026-02-28,ART-1214,260.31,DEPOT B,EN_COURS_INJECTION
2026-02-28,ART-1524,1062.36,DEPOT A,EN_COURS_INJECTION
2026-02-05,ART-1619,120.9,DEPOT A,EN_COURS_INJECTION
2026-02-15,ART-1036,1267.14,DEPOT B,EN_COURS_INJECTION
2026-01-15,ART-1018,187.09,DEPOT B,EN_COURS_INJECTION
2026-02-15,ART-1240,1246.98,DEPOT B,EN_COURS_INJECTION
2026-01-05,ART-1671,349.45,DEPOT A,EN_COURS_INJECTION
2026-03-31,ART-1584,1373.77,DEPOT NORD,EN_COURS_INJECTION
2026-03-05,ART-1281,1321.22,MAGASIN CENTRAL,EN_COURS_INJECTION
2026-02-15,ART-1307,319.23,DEPOT A,EN_COURS_INJECTION
2026-03-15,ART-1157,1198.84,MAGASIN CENTRAL,EN_COURS_INJECTION
2026-03-31,ART-1008,1011.48,DEPOT B,EN_COURS_INJECTION
2026-02-05,ART-1389,981.71,DEPOT B,EN_COURS_INJECTION
2026-01-31,ART-1259,1340.34,MAGASIN CENTRAL,EN_COURS_INJECTION
2026-03-31,ART-1330,1111.33,DEPOT A,EN_COURS_INJECTION
2026-02-05,ART-1505,949.6,ATELIER 1,EN_COURS_INJECTION
2026-01-05,ART-1444,1237.0,DEPOT B,EN_COURS_INJECTION
2026-03-31,ART-1756,921.6,DEPOT B,EN_COURS_INJECTION
2026-02-28,ART-1546,1145.59,DEPOT A,EN_COURS_INJECTION
2026-03-15,ART-1776,165.36,DEPOT A,EN_COURS_INJECTION
2026-03-31,ART-1177,826.23,ATELIER 1,EN_COURS_INJECTION
2026-01-31,ART-1218,456.13,DEPOT A,EN_COURS_INJECTION
2026-03-15,ART-1333,1152.45,MAGASIN CENTRAL,EN_COURS_INJECTION
2026-03-05,ART-1530,77.39,DEPOT A,EN_COURS_INJECTION
2026-02-28,ART-1260,1109.38,MAGASIN CENTRAL,EN_COURS_INJECTION
2026-03-15,ART-1798,423.49,MAGASIN CENTRAL,EN_COURS_INJECTION
2026-02-15,ART-1774,853.75,DEPOT NORD,EN_COURS_INJECTION
2026-01-15,ART-1010,1002.03,ATELIER 1,EN_COURS_INJECTION
2026-03-05,ART-1207,1471.25,DEPOT A,EN_COURS_INJECTION
2026-04-05,ART-1783,1110.41,MAGASIN CENTRAL,EN_COURS_INJECTION
2026-03-05,ART-1775,370.85,DEPOT NORD,EN_COURS_INJECTION
2026-01-05,ART-1529,594.14,MAGASIN CENTRAL,EN_COURS_INJECTION
2026-01-31,ART-1713,856.96,DEPOT NORD,EN_COURS_INJECTION
2026-04-05,ART-1019,478.58,DEPOT B,EN_COURS_INJECTION
2026-03-31,ART-1137,533.17,MAGASIN CENTRAL,EN_COURS_INJECTION
2026-02-15,ART-1038,1192.7,ATELIER 1,EN_COURS_INJECTION
2026-03-31,ART-1180,1442.01,MAGASIN CENTRAL,EN_COURS_INJECTION
2026-01-05,ART-1007,1120.82,DEPOT A,EN_COURS_INJECTION
2026-04-30,ART-1573,1058.15,MAGASIN CENTRAL,EN_COURS_INJECTION
2026-03-31,ART-1535,331.25,DEPOT NORD,EN_COURS_INJECTION
2026-02-15,ART-1260,751.64,ATELIER 1,EN_COURS_INJECTION
2026-02-28,ART-1488,757.31,DEPOT A,EN_COURS_INJECTION
2026-04-30,ART-1710,1231.21,DEPOT A,EN_COURS_INJECTION
2026-02-05,ART-1372,1349.76,ATELIER 1,EN_COURS_INJECTION
2026-04-30,ART-1317,1377.81,MAGASIN CENTRAL,EN_COURS_INJECTION
2026-02-05,ART-1764,16.19,DEPOT NORD,EN_COURS_INJECTION
2026-01-15,ART-1488,367.54,DEPOT B,EN_COURS_INJECTION
2026-03-31,ART-1146,218.28,ATELIER 1,EN_COURS_INJECTION
2026-02-15,ART-1181,57.07,DEPOT B,EN_COURS_INJECTION
2026-02-15,ART-1240,1137.62,MAGASIN CENTRAL,EN_COURS_INJECTION
2026-03-15,ART-1496,180.91,MAGASIN CENTRAL,EN_COURS_INJECTION
2026-01-31,ART-1015,997.83,DEPOT B,EN_COURS_INJECTION
2026-04-30,ART-1332,148.41,DEPOT NORD,EN_COURS_INJECTION
2026-01-05,ART-1294,1399.57,DEPOT NORD,EN_COURS_INJECTION
2026-03-05,ART-1314,1465.84,MAGASIN CENTRAL,EN_COURS_INJECTION
2026-04-05,ART-1564,545.43,DEPOT NORD,EN_COURS_INJECTION
2026-02-28,ART-1601,1030.06,ATELIER 1,EN_COURS_INJECTION
2026-04-05,ART-1724,937.54,DEPOT NORD,EN_COURS_INJECTION
2026-04-30,ART-1437,1002.9,DEPOT A,EN_COURS_INJECTION
2026-04-05,ART-1422,1029.68,DEPOT A,EN_COURS_INJECTION
2026-02-28,ART-1277,660.9,MAGASIN CENTRAL,EN_COURS_INJECTION
2026-03-31,ART-1470,1392.13,DEPOT B,EN_COURS_INJECTION
2026-01-31,ART-1286,1102.93,DEPOT A,EN_COURS_INJECTION
2026-04-30,ART-1769,1384.02,MAGASIN CENTRAL,EN_COURS_INJECTION
2026-01-31,ART-1289,155.19,DEPOT NORD,EN_COURS_INJECTION
2026-01-05,ART-1781,659.58,DEPOT A,EN_COURS_INJECTION
2026-02-28,ART-1188,721.77,DEPOT B,EN_COURS_INJECTION
2026-01-15,ART-1681,1490.25,MAGASIN CENTRAL,EN_COURS_INJECTION
2026-01-31,ART-1043,1249.13,DEPOT NORD,EN_COURS_INJECTION
2026-03-05,ART-1734,1143.53,DEPOT B,EN_COURS_INJECTION
2026-03-31,ART-1289,869.13,MAGASIN CENTRAL,EN_COURS_INJECTION
2026-04-15,ART-1762,1386.5,DEPOT B,EN_COURS_INJECTION
2026-01-05,ART-1245,370.5,DEPOT A,EN_COURS_INJECTION
2026-03-05,ART-1415,1176.0,DEPOT B,EN_COURS_INJECTION
2026-04-15,ART-1648,1204.28,DEPOT NORD,EN_COURS_INJECTION
2026-03-05,ART-1283,1167.02,DEPOT B,EN_COURS_INJECTION
2026-02-15,ART-1740,507.61,MAGASIN CENTRAL,EN_COURS_INJECTION
2026-03-31,ART-1213,640.0,DEPOT NORD,EN_COURS_INJECTION
2026-04-15,ART-1232,110.91,MAGASIN CENTRAL,EN_COURS_INJECTION
2026-01-15,ART-1580,809.91,MAGASIN CENTRAL,EN_COURS_INJECTION
2026-01-31,ART-1474,658.03,DEPOT NORD,EN_COURS_INJECTION
2026-02-15,ART-1754,246.99,DEPOT NORD,EN_COURS_INJECTION
2026-01-05,ART-1313,1362.2,ATELIER 1,EN_COURS_INJECTION
2026-03-05,ART-1591,388.3,ATELIER 1,EN_COURS_INJECTION
2026-03-05,ART-1360,86.18,MAGASIN CENTRAL,EN_COURS_INJECTION
2026-04-05,ART-1174,363.59,ATELIER 1,EN_COURS_INJECTION
2026-04-30,ART-1756,136.95,MAGASIN CENTRAL,EN_COURS_INJECTION
2026-01-15,ART-1359,689.59,ATELIER 1,EN_COURS_INJECTION
2026-02-15,ART-1110,1186.03,DEPOT A,EN_COURS_INJECTION
2026-02-05,ART-1275,758.54,DEPOT A,EN_COURS_INJECTION
2026-04-30,ART-1235,1140.78,DEPOT B,EN_COURS_INJECTION
2026-04-05,ART-1075,810.81,DEPOT A,EN_COURS_INJECTION
2026-01-05,ART-1525,683.33,ATELIER 1,EN_COURS_INJECTION
2026-01-31,ART-1293,558.62,MAGASIN CENTRAL,EN_COURS_INJECTION
2026-01-05,ART-1262,1269.47,DEPOT B,EN_COURS_INJECTION
2026-04-05,ART-1127,1495.8,DEPOT NORD,EN_COURS_INJECTION
2026-03-15,ART-1419,182.47,DEPOT NORD,EN_COURS_INJECTION
2026-01-15,ART-1331,668.55,DEPOT A,EN_COURS_INJECTION
2026-02-15,ART-1730,257.51,ATELIER 1,EN_COURS_INJECTION
2026-04-15,ART-1094,258.07,DEPOT B,EN_COURS_INJECTION
2026-01-31,ART-1236,908.23,DEPOT A,EN_COURS_INJECTION
2026-02-28,ART-1451,1375.61,DEPOT A,EN_COURS_INJECTION
2026-01-05,ART-1434,81.79,DEPOT NORD,EN_COURS_INJECTION
2026-03-15,ART-1530,1167.82,MAGASIN CENTRAL,EN_COURS_INJECTION
2026-03-05,ART-1330,986.7,DEPOT A,EN_COURS_INJECTION
2026-03-15,ART-1209,504.51,DEPOT A,EN_COURS_INJECTION
2026-02-28,ART-1474,749.65,DEPOT NORD,EN_COURS_INJECTION
2026-04-15,ART-1033,1432.64,ATELIER 1,EN_COURS_INJECTION
2026-01-05,ART-1412,1490.55,MAGASIN CENTRAL,EN_COURS_INJECTION
2026-02-05,ART-1596,410.37,DEPOT NORD,EN_COURS_INJECTION
2026-01-15,ART-1337,633.08,MAGASIN CENTRAL,EN_COURS_INJECTION
2026-02-05,ART-1524,1357.86,DEPOT NORD,EN_COURS_INJECTION
2026-04-15,ART-1352,1281.78,ATELIER 1,EN_COURS_INJECTION
2026-01-15,ART-1160,1302.24,DEPOT B,EN_COURS_INJECTION
2026-04-15,ART-1628,1119.53,DEPOT NORD,EN_COURS_INJECTION
2026-02-15,ART-1483,1065.53,DEPOT B,EN_COURS_INJECTION
2026-01-31,ART-1638,869.17,MAGASIN CENTRAL,EN_COURS_INJECTION
2026-01-31,ART-1558,404.21,DEPOT NORD,EN_COURS_INJECTION
2026-03-31,ART-1031,312.22,DEPOT B,EN_COURS_INJECTION
2026-03-31,ART-1080,166.03,DEPOT A,EN_COURS_INJECTION
2026-01-15,ART-1458,399.69,DEPOT A,EN_COURS_INJECTION
2026-04-30,ART-1580,1159.96,DEPOT NORD,EN_COURS_INJECTION
2026-03-05,ART-1433,341.07,DEPOT A,EN_COURS_INJECTION
2026-02-05,ART-1213,658.78,DEPOT A,EN_COURS_INJECTION
2026-04-15,ART-1309,146.64,MAGASIN CENTRAL,EN_COURS_INJECTION
2026-04-05,ART-1469,1348.81,DEPOT A,EN_COURS_INJECTION
2026-01-31,ART-1625,87.27,DEPOT NORD,EN_COURS_INJECTION
2026-04-30,ART-1640,872.62,DEPOT B,EN_COURS_INJECTION
2026-03-15,ART-1245,249.77,ATELIER 1,EN_COURS_INJECTION
2026-01-31,ART-1632,110.55,DEPOT NORD,EN_COURS_INJECTION
2026-03-31,ART-1449,608.02,ATELIER 1,EN_COURS_INJECTION
2026-02-28,ART-1719,601.67,MAGASIN CENTRAL,EN_COURS_INJECTION
2026-03-15,ART-1428,144.96,DEPOT NORD,EN_COURS_INJECTION
2026-04-15,ART-1578,760.89,DEPOT A,EN_COURS_INJECTION
2026-01-05,ART-1214,75.47,DEPOT NORD,EN_COURS_INJECTION
2026-04-15,ART-1047,1053.92,MAGASIN CENTRAL,EN_COURS_INJECTION
2026-04-15,ART-1338,778.14,MAGASIN CENTRAL,EN_COURS_INJECTION
2026-01-05,ART-1560,365.08,DEPOT A,EN_COURS_INJECTION
2026-04-15,ART-1742,1298.06,DEPOT A,EN_COURS_INJECTION
2026-01-15,ART-1651,1381.77,DEPOT A,EN_COURS_INJECTION
2026-02-15,ART-1027,159.84,ATELIER 1,EN_COURS_INJECTION
2026-04-30,ART-1557,876.65,MAGASIN CENTRAL,EN_COURS_INJECTION
2026-03-15,ART-1357,227.7,DEPOT A,EN_COURS_INJECTION
2026-02-28,ART-1605,394.88,ATELIER 1,EN_COURS_INJECTION
2026-01-05,ART-1425,376.57,DEPOT A,EN_COURS_INJECTION
2026-04-05,ART-1397,935.34,DEPOT A,EN_COURS_INJECTION
2026-01-05,ART-1103,1178.53,DEPOT NORD,EN_COURS_INJECTION
2026-04-05,ART-1106,668.41,ATELIER 1,EN_COURS_INJECTION
2026-02-15,ART-1657,288.04,DEPOT NORD,EN_COURS_INJECTION
2026-01-05,ART-1621,271.43,MAGASIN CENTRAL,EN_COURS_INJECTION
2026-04-15,ART-1450,352.01,MAGASIN CENTRAL,EN_COURS_INJECTION
2026-04-05,ART-1272,1124.63,DEPOT A,EN_COURS_INJECTION
2026-01-15,ART-1596,158.16,DEPOT A,EN_COURS_INJECTION
2026-01-15,ART-1474,1469.14,MAGASIN CENTRAL,EN_COURS_INJECTION
2026-02-28,ART-1049,1304.86,ATELIER 1,EN_COURS_INJECTION
2026-02-05,ART-1467,704.68,MAGASIN CENTRAL,EN_COURS_INJECTION
2026-03-05,ART-1548,408.28,DEPOT B,EN_COURS_INJECTION
2026-02-28,ART-1650,240.66,DEPOT NORD,EN_COURS_INJECTION
2026-01-15,ART-1461,1183.79,DEPOT A,EN_COURS_INJECTION
2026-04-30,ART-1489,940.24,DEPOT A,EN_COURS_INJECTION
2026-04-15,ART-1113,455.39,DEPOT A,EN_COURS_INJECTION
2026-03-31,ART-1461,253.61,MAGASIN CENTRAL,EN_COURS_INJECTION
2026-02-15,ART-1631,1288.09,ATELIER 1,EN_COURS_INJECTION
2026-01-05,ART-1690,1260.54,MAGASIN CENTRAL,EN_COURS_INJECTION
2026-03-31,ART-1029,1016.03,DEPOT B,EN_COURS_INJECTION
2026-02-05,ART-1319,838.28,MAGASIN CENTRAL,EN_COURS_INJECTION
2026-04-05,ART-1091,617.95,DEPOT A,EN_COURS_INJECTION
2026-04-15,ART-1656,652.96,DEPOT B,EN_COURS_INJECTION
2026-03-31,ART-1250,1236.44,DEPOT B,EN_COURS_INJECTION
2026-03-15,ART-1171,121.9,ATELIER 1,EN_COURS_INJECTION
2026-03-05,ART-1778,535.08,DEPOT NORD,EN_COURS_INJECTION
2026-04-15,ART-1570,918.06,MAGASIN CENTRAL,EN_COURS_INJECTION
2026-04-05,ART-1460,240.21,ATELIER 1,EN_COURS_INJECTION
2026-04-30,ART-1770,888.53,DEPOT B,EN_COURS_INJECTION
2026-02-15,ART-1608,654.14,DEPOT NORD,EN_COURS_INJECTION
2026-04-30,ART-1086,655.85,DEPOT B,EN_COURS_INJECTION
2026-04-30,ART-1747,111.43,DEPOT B,EN_COURS_INJECTION
2026-03-31,ART-1435,870.58,DEPOT NORD,EN_COURS_INJECTION
2026-03-31,ART-1537,109.11,MAGASIN CENTRAL,EN_COURS_INJECTION
2026-04-30,ART-1240,1445.43,DEPOT B,EN_COURS_INJECTION
2026-03-05,ART-1395,1424.7,ATELIER 1,EN_COURS_INJECTION
2026-03-15,ART-1390,93.02,MAGASIN CENTRAL,EN_COURS_INJECTION
2026-01-15,ART-1047,473.44,DEPOT A,EN_COURS_INJECTION
2026-04-15,ART-1063,27.86,DEPOT A,EN_COURS_INJECTION
2026-01-15,ART-1423,1048.27,ATELIER 1,EN_COURS_INJECTION
2026-02-05,ART-1286,770.24,DEPOT B,EN_COURS_INJECTION
2026-04-30,ART-1552,1120.84,DEPOT B,EN_COURS_INJECTION
2026-03-31,ART-1769,526.48,DEPOT B,EN_COURS_INJECTION
2026-02-05,ART-1016,962.42,DEPOT NORD,EN_COURS_INJECTION
2026-03-15,ART-1439,550.97,MAGASIN CENTRAL,EN_COURS_INJECTION
2026-04-30,ART-1283,381.79,DEPOT A,EN_COURS_INJECTION
2026-01-31,ART-1418,402.84,DEPOT B,EN_COURS_INJECTION
2026-04-30,ART-1435,703.52,DEPOT B,EN_COURS_INJECTION
2026-04-30,ART-1038,776.09,ATELIER 1,EN_COURS_INJECTION
2026-04-30,ART-1182,49.57,MAGASIN CENTRAL,EN_COURS_INJECTION
2026-01-31,ART-1064,1476.95,DEPOT NORD,EN_COURS_INJECTION
2026-01-05,ART-1357,833.38,DEPOT B,EN_COURS_INJECTION
2026-01-05,ART-1116,373.91,DEPOT NORD,EN_COURS_INJECTION
2026-01-31,ART-1633,1255.47,DEPOT B,EN_COURS_INJECTION
2026-01-05,ART-1678,1390.46,DEPOT NORD,EN_COURS_INJECTION
2026-04-30,ART-1007,415.09,DEPOT B,EN_COURS_INJECTION
2026-03-15,ART-1679,1318.83,ATELIER 1,EN_COURS_INJECTION
2026-03-05,ART-1405,793.13,MAGASIN CENTRAL,EN_COURS_INJECTION
2026-01-05,ART-1785,1388.11,DEPOT A,EN_COURS_INJECTION
2026-03-15,ART-1607,1425.42,MAGASIN CENTRAL,EN_COURS_INJECTION
2026-03-31,ART-1615,1220.41,DEPOT B,EN_COURS_INJECTION
2026-01-15,ART-1797,1223.18,ATELIER 1,EN_COURS_INJECTION
2026-04-30,ART-1623,989.56,MAGASIN CENTRAL,EN_COURS_INJECTION
2026-01-31,ART-1054,273.29,ATELIER 1,EN_COURS_INJECTION
2026-01-15,ART-1280,580.13,DEPOT NORD,EN_COURS_INJECTION
2026-03-31,ART-1012,465.56,MAGASIN CENTRAL,EN_COURS_INJECTION
2026-02-05,ART-1520,1433.55,MAGASIN CENTRAL,EN_COURS_INJECTION
2026-03-05,ART-1208,732.24,MAGASIN CENTRAL,EN_COURS_INJECTION
2026-02-28,ART-1763,1442.74,MAGASIN CENTRAL,EN_COURS_INJECTION
2026-02-15,ART-1141,1438.75,MAGASIN CENTRAL,EN_COURS_INJECTION
2026-02-28,ART-1752,973.22,DEPOT A,EN_COURS_INJECTION
2026-03-05,ART-1635,1005.27,DEPOT A,EN_COURS_INJECTION
2026-01-15,ART-1191,1123.39,DEPOT NORD,EN_COURS_INJECTION
2026-04-30,ART-1247,140.65,ATELIER 1,EN_COURS_INJECTION
2026-03-15,ART-1461,736.23,DEPOT A,EN_COURS_INJECTION
2026-04-15,ART-1769,1210.61,ATELIER 1,EN_COURS_INJECTION
2026-03-31,ART-1797,447.88,DEPOT B,EN_COURS_INJECTION
2026-03-05,ART-1269,268.5,DEPOT NORD,EN_COURS_INJECTION
2026-01-05,ART-1701,43.6,DEPOT A,EN_COURS_INJECTION
2026-01-15,ART-1607,1457.9,DEPOT A,EN_COURS_INJECTION
2026-02-05,ART-1634,1214.53,DEPOT A,EN_COURS_INJECTION
2026-01-15,ART-1766,744.0,MAGASIN CENTRAL,EN_COURS_INJECTION
2026-01-31,ART-1522,29.75,DEPOT B,EN_COURS_INJECTION
2026-03-15,ART-1383,1336.8,ATELIER 1,EN_COURS_INJECTION
2026-04-30,ART-1131,342.0,DEPOT NORD,EN_COURS_INJECTION
2026-03-15,ART-1126,1385.11,DEPOT NORD,EN_COURS_INJECTION
2026-03-15,ART-1774,447.57,DEPOT B,EN_COURS_INJECTION
2026-01-05,ART-1217,1312.9,DEPOT NORD,EN_COURS_INJECTION
2026-01-31,ART-1030,969.69,MAGASIN CENTRAL,EN_COURS_INJECTION
2026-03-31,ART-1340,46.07,DEPOT A,EN_COURS_INJECTION
2026-04-05,ART-1382,962.58,DEPOT NORD,EN_COURS_INJECTION
2026-03-05,ART-1046,9.3,MAGASIN CENTRAL,EN_COURS_INJECTION
2026-04-15,ART-1768,244.18,DEPOT NORD,EN_COURS_INJECTION
2026-03-31,ART-1749,1256.82,DEPOT NORD,EN_COURS_INJECTION
2026-04-15,ART-1467,1364.93,ATELIER 1,EN_COURS_INJECTION
2026-02-15,ART-1673,111.12,MAGASIN CENTRAL,EN_COURS_INJECTION
2026-02-15,ART-1051,787.94,MAGASIN CENTRAL,EN_COURS_INJECTION
2026-02-15,ART-1363,352.84,MAGASIN CENTRAL,EN_COURS_INJECTION
2026-01-31,ART-1280,342.67,DEPOT NORD,EN_COURS_INJECTION
2026-03-31,ART-1378,467.13,ATELIER 1,EN_COURS_INJECTION
2026-02-28,ART-1667,270.72,DEPOT A,EN_COURS_INJECTION
2026-01-15,ART-1581,858.8,DEPOT A,EN_COURS_INJECTION
2026-03-31,ART-1204,1252.65,DEPOT B,EN_COURS_INJECTION
2026-04-30,ART-1065,1011.9,DEPOT A,EN_COURS_INJECTION
2026-01-05,ART-1528,753.71,MAGASIN CENTRAL,EN_COURS_INJECTION
2026-01-15,ART-1195,1196.36,MAGASIN CENTRAL,EN_COURS_INJECTION
2026-02-28,ART-1191,739.41,DEPOT A,EN_COURS_INJECTION
2026-01-31,ART-1453,1464.3,ATELIER 1,EN_COURS_INJECTION
2026-03-05,ART-1789,856.29,ATELIER 1,EN_COURS_INJECTION
2026-02-05,ART-1467,1112.35,DEPOT B,EN_COURS_INJECTION
2026-02-28,ART-1114,1242.85,MAGASIN CENTRAL,EN_COURS_INJECTION
2026-03-31,ART-1282,127.22,DEPOT A,EN_COURS_INJECTION
2026-02-28,ART-1094,1168.85,ATELIER 1,EN_COURS_INJECTION
2026-03-15,ART-1026,1461.46,DEPOT A,EN_COURS_INJECTION
2026-02-28,ART-1444,730.72,MAGASIN CENTRAL,EN_COURS_INJECTION
2026-03-31,ART-1320,259.39,DEPOT A,EN_COURS_INJECTION
2026-02-15,ART-1771,137.14,DEPOT B,EN_COURS_INJECTION
2026-03-31,ART-1241,541.75,DEPOT NORD,EN_COURS_INJECTION
2026-01-05,ART-1547,752.03,ATELIER 1,EN_COURS_INJECTION
2026-01-15,ART-1242,867.59,DEPOT NORD,EN_COURS_INJECTION
2026-02-28,ART-1656,157.5,DEPOT NORD,EN_COURS_INJECTION
2026-04-30,ART-1754,172.94,MAGASIN CENTRAL,EN_COURS_INJECTION
2026-04-15,ART-1114,1016.13,ATELIER 1,EN_COURS_INJECTION
2026-02-28,ART-1582,1196.82,DEPOT A,EN_COURS_INJECTION
2026-02-28,ART-1445,571.96,DEPOT A,EN_COURS_INJECTION
2026-03-31,ART-1336,998.69,ATELIER 1,EN_COURS_INJECTION
2026-01-05,ART-1383,727.36,DEPOT A,EN_COURS_INJECTION
2026-04-15,ART-1634,1150.05,DEPOT B,EN_COURS_INJECTION
2026-04-15,ART-1392,79.37,MAGASIN CENTRAL,EN_COURS_INJECTION
2026-03-15,ART-1414,1294.7,ATELIER 1,EN_COURS_INJECTION
2026-03-15,ART-1569,857.67,MAGASIN CENTRAL,EN_COURS_INJECTION
2026-01-05,ART-1721,900.37,DEPOT B,EN_COURS_INJECTION
2026-02-28,ART-1360,311.82,MAGASIN CENTRAL,EN_COURS_INJECTION
2026-01-31,ART-1410,873.99,DEPOT A,EN_COURS_INJECTION
2026-03-05,ART-1443,554.43,ATELIER 1,EN_COURS_INJECTION
2026-03-05,ART-1392,710.55,ATELIER 1,EN_COURS_INJECTION
2026-04-05,ART-1313,724.32,DEPOT A,EN_COURS_INJECTION
2026-02-15,ART-1231,1278.46,ATELIER 1,EN_COURS_INJECTION
2026-04-15,ART-1096,296.35,DEPOT NORD,EN_COURS_INJECTION
2026-03-31,ART-1307,65.73,MAGASIN CENTRAL,EN_COURS_INJECTION
2026-01-15,ART-1168,826.93,MAGASIN CENTRAL,EN_COURS_INJECTION
2026-04-15,ART-1549,724.38,DEPOT B,EN_COURS_INJECTION
2026-04-05,ART-1228,498.79,DEPOT A,EN_COURS_INJECTION
2026-04-30,ART-1432,1171.58,DEPOT NORD,EN_COURS_INJECTION
2026-04-15,ART-1232,352.92,DEPOT NORD,EN_COURS_INJECTION
2026-03-15,ART-1674,1321.83,MAGASIN CENTRAL,EN_COURS_INJECTION
2026-02-05,ART-1423,1173.78,DEPOT NORD,EN_COURS_INJECTION
2026-04-05,ART-1440,606.54,DEPOT B,EN_COURS_INJECTION
2026-04-05,ART-1270,1170.53,ATELIER 1,EN_COURS_INJECTION
2026-01-05,ART-1732,381.59,DEPOT B,EN_COURS_INJECTION
2026-01-31,ART-1656,803.06,MAGASIN CENTRAL,EN_COURS_INJECTION
2026-04-30,ART-1419,95.7,DEPOT NORD,EN_COURS_INJECTION
2026-03-31,ART-1102,977.27,MAGASIN CENTRAL,EN_COURS_INJECTION
2026-02-28,ART-1380,1264.49,MAGASIN CENTRAL,EN_COURS_INJECTION
2026-02-15,ART-1129,170.47,MAGASIN CENTRAL,EN_COURS_INJECTION
2026-02-15,ART-1271,1453.43,MAGASIN CENTRAL,EN_COURS_INJECTION
2026-03-31,ART-1700,912.34,DEPOT NORD,EN_COURS_INJECTION
2026-02-05,ART-1621,1478.8,DEPOT B,EN_COURS_INJECTION
2026-01-05,ART-1186,332.28,ATELIER 1,EN_COURS_INJECTION
2026-01-15,ART-1348,300.78,ATELIER 1,EN_COURS_INJECTION
2026-01-31,ART-1194,51.72,DEPOT B,EN_COURS_INJECTION
2026-02-05,ART-1625,831.61,DEPOT NORD,EN_COURS_INJECTION
2026-02-28,ART-1230,1272.66,DEPOT B,EN_COURS_INJECTION
2026-03-31,ART-1079,974.39,MAGASIN CENTRAL,EN_COURS_INJECTION
2026-01-05,ART-1121,74.51,ATELIER 1,EN_COURS_INJECTION
2026-01-31,ART-1306,78.79,MAGASIN CENTRAL,EN_COURS_INJECTION
2026-03-15,ART-1352,1334.39,MAGASIN CENTRAL,EN_COURS_INJECTION
2026-01-15,ART-1731,608.0,MAGASIN CENTRAL,EN_COURS_INJECTION
2026-03-15,ART-1572,236.73,MAGASIN CENTRAL,EN_COURS_INJECTION
2026-03-15,ART-1631,315.69,DEPOT A,EN_COURS_INJECTION
2026-01-31,ART-1441,583.82,DEPOT NORD,EN_COURS_INJECTION
2026-04-05,ART-1543,435.69,ATELIER 1,EN_COURS_INJECTION
2026-03-15,ART-1703,150.47,,EN_COURS_INJECTION
2026-03-15,ART-1562,1190.95,MAGASIN CENTRAL,EN_COURS_INJECTION
2026-03-05,ART-1679,506.19,DEPOT A,EN_COURS_INJECTION
2026-01-05,ART-1515,94.36,DEPOT NORD,EN_COURS_INJECTION
2026-03-05,ART-1637,267.74,DEPOT B,EN_COURS_INJECTION
2026-04-15,ART-1118,15.02,DEPOT B,EN_COURS_INJECTION
2026-01-05,ART-1659,665.52,DEPOT NORD,EN_COURS_INJECTION
2026-02-15,ART-1128,493.65,MAGASIN CENTRAL,EN_COURS_INJECTION
2026-04-15,ART-1441,846.15,DEPOT B,EN_COURS_INJECTION
2026-03-31,ART-1265,452.74,DEPOT NORD,EN_COURS_INJECTION
2026-04-15,ART-1013,331.99,ATELIER 1,EN_COURS_INJECTION
2026-04-30,ART-1413,1150.19,DEPOT A,EN_COURS_INJECTION
2026-03-05,ART-1632,1305.82,DEPOT NORD,EN_COURS_INJECTION
2026-04-05,ART-1684,517.04,DEPOT A,EN_COURS_INJECTION
2026-04-15,ART-1128,732.25,DEPOT B,EN_COURS_INJECTION
2026-02-28,ART-1422,1266.49,DEPOT NORD,EN_COURS_INJECTION
2026-04-30,ART-1007,661.97,DEPOT NORD,EN_COURS_INJECTION
2026-04-30,ART-1663,1147.89,DEPOT A,EN_COURS_INJECTION
2026-01-31,ART-1004,186.12,ATELIER 1,EN_COURS_INJECTION
2026-02-05,ART-1491,1339.39,DEPOT NORD,EN_COURS_INJECTION
2026-02-15,ART-1606,1396.92,DEPOT NORD,EN_COURS_INJECTION
2026-03-31,ART-1039,735.18,DEPOT B,EN_COURS_INJECTION
2026-03-31,ART-1400,112.03,DEPOT A,EN_COURS_INJECTION
2026-03-05,ART-1024,259.16,DEPOT B,EN_COURS_INJECTION
2026-01-15,ART-1725,938.65,MAGASIN CENTRAL,EN_COURS_INJECTION
2026-02-05,ART-1200,147.45,ATELIER 1,EN_COURS_INJECTION
2026-04-15,ART-1123,431.65,,EN_COURS_INJECTION
2026-02-05,ART-1391,476.36,MAGASIN CENTRAL,EN_COURS_INJECTION
2026-04-15,ART-1001,253.45,DEPOT B,EN_COURS_INJECTION
2026-03-15,ART-1724,378.52,DEPOT NORD,EN_COURS_INJECTION
2026-04-05,ART-1006,1324.64,DEPOT NORD,EN_COURS_INJECTION
2026-03-05,ART-1192,1303.48,MAGASIN CENTRAL,EN_COURS_INJECTION
2026-04-05,ART-1499,782.84,DEPOT NORD,EN_COURS_INJECTION
2026-01-31,ART-1487,835.4,MAGASIN CENTRAL,EN_COURS_INJECTION
2026-02-05,ART-1194,1451.46,DEPOT A,EN_COURS_INJECTION
2026-03-15,ART-1143,1101.62,DEPOT A,EN_COURS_INJECTION
2026-04-30,ART-1134,85.4,ATELIER 1,EN_COURS_INJECTION
2026-03-31,ART-1634,1473.76,DEPOT NORD,EN_COURS_INJECTION
2026-02-15,ART-1731,1246.26,DEPOT A,EN_COURS_INJECTION
2026-04-15,ART-1528,1206.27,MAGASIN CENTRAL,EN_COURS_INJECTION
2026-01-31,ART-1030,900.55,ATELIER 1,EN_COURS_INJECTION
2026-03-15,ART-1400,1413.57,DEPOT B,EN_COURS_INJECTION
2026-04-15,ART-1542,1016.29,DEPOT NORD,EN_COURS_INJECTION
2026-02-05,ART-1073,964.22,ATELIER 1,EN_COURS_INJECTION
2026-04-30,ART-1433,104.8,ATELIER 1,EN_COURS_INJECTION
2026-02-05,ART-1260,636.87,DEPOT B,EN_COURS_INJECTION
2026-03-05,ART-1445,556.94,ATELIER 1,EN_COURS_INJECTION
2026-01-15,ART-1555,414.51,ATELIER 1,EN_COURS_INJECTION
2026-04-30,ART-1741,588.6,ATELIER 1,EN_COURS_INJECTION
2026-03-05,ART-1321,1244.83,DEPOT B,EN_COURS_INJECTION
2026-04-15,ART-1264,1116.05,ATELIER 1,EN_COURS_INJECTION
2026-03-31,ART-1642,216.63,DEPOT A,EN_COURS_INJECTION
2026-02-15,ART-1337,1079.96,DEPOT A,EN_COURS_INJECTION
2026-01-31,ART-1367,1030.09,DEPOT A,EN_COURS_INJECTION
2026-04-05,ART-1192,397.44,DEPOT B,EN_COURS_INJECTION
2026-01-05,ART-1736,1397.58,ATELIER 1,EN_COURS_INJECTION
2026-02-15,ART-1197,154.12,DEPOT A,EN_COURS_INJECTION
2026-03-15,ART-1775,357.73,DEPOT A,EN_COURS_INJECTION
2026-03-31,ART-1055,1304.2,DEPOT A,EN_COURS_INJECTION
2026-04-05,ART-1027,983.73,DEPOT B,EN_COURS_INJECTION
2026-01-31,ART-1140,446.25,DEPOT B,EN_COURS_INJECTION
2026-04-30,ART-1105,1189.69,DEPOT B,EN_COURS_INJECTION
2026-02-15,ART-1634,1452.33,DEPOT A,EN_COURS_INJECTION
2026-04-15,ART-1569,1058.36,DEPOT B,EN_COURS_INJECTION
2026-02-05,ART-1211,205.53,ATELIER 1,EN_COURS_INJECTION
2026-04-05,ART-1077,828.73,DEPOT A,EN_COURS_INJECTION
2026-01-05,ART-1529,462.25,ATELIER 1,EN_COURS_INJECTION
2026-03-15,ART-1201,1426.07,MAGASIN CENTRAL,EN_COURS_INJECTION
2026-04-15,ART-1560,1452.97,DEPOT A,EN_COURS_INJECTION
2026-04-05,ART-1450,861.07,DEPOT NORD,EN_COURS_INJECTION
2026-02-28,ART-1060,1108.4,DEPOT A,EN_COURS_INJECTION
2026-01-15,ART-1408,517.03,MAGASIN CENTRAL,EN_COURS_INJECTION
2026-01-31,ART-1587,1373.06,DEPOT A,EN_COURS_INJECTION
2026-03-05,ART-1306,290.38,DEPOT NORD,EN_COURS_INJECTION
2026-04-15,ART-1643,948.06,DEPOT B,EN_COURS_INJECTION
2026-01-15,ART-1438,445.35,DEPOT NORD,EN_COURS_INJECTION
2026-02-15,ART-1291,1089.87,ATELIER 1,EN_COURS_INJECTION
2026-02-15,ART-1388,1270.79,DEPOT A,EN_COURS_INJECTION
2026-03-31,ART-1143,403.25,MAGASIN CENTRAL,EN_COURS_INJECTION
2026-04-15,ART-1572,842.53,DEPOT A,EN_COURS_INJECTION
2026-04-05,ART-1442,660.3,DEPOT B,EN_COURS_INJECTION
2026-03-15,ART-1538,162.86,DEPOT A,EN_COURS_INJECTION
2026-03-31,ART-1305,1059.26,MAGASIN CENTRAL,EN_COURS_INJECTION
2026-04-05,ART-1289,194.96,MAGASIN CENTRAL,EN_COURS_INJECTION
2026-02-15,ART-1083,690.09,DEPOT B,EN_COURS_INJECTION
2026-01-05,ART-1204,496.05,MAGASIN CENTRAL,EN_COURS_INJECTION
2026-01-05,ART-1297,493.52,ATELIER 1,EN_COURS_INJECTION
2026-03-05,ART-1548,286.57,DEPOT NORD,EN_COURS_INJECTION
2026-01-15,ART-1167,743.58,DEPOT A,EN_COURS_INJECTION
2026-04-05,ART-1521,168.58,DEPOT B,EN_COURS_INJECTION
2026-01-05,ART-1345,756.73,DEPOT NORD,EN_COURS_INJECTION
2026-04-15,ART-1485,145.08,DEPOT B,EN_COURS_INJECTION
2026-03-15,ART-1299,838.11,DEPOT B,EN_COURS_INJECTION
2026-04-15,ART-1596,1212.56,DEPOT B,EN_COURS_INJECTION
2026-01-15,ART-1276,1232.62,MAGASIN CENTRAL,EN_COURS_INJECTION
2026-04-15,ART-1760,1486.42,MAGASIN CENTRAL,EN_COURS_INJECTION
2026-03-15,ART-1752,954.77,DEPOT B,EN_COURS_INJECTION
2026-02-05,ART-1256,817.45,ATELIER 1,EN_COURS_INJECTION
2026-04-30,ART-1363,1361.49,DEPOT B,EN_COURS_INJECTION
2026-02-05,ART-1319,347.21,DEPOT NORD,EN_COURS_INJECTION
2026-04-15,ART-1631,673.8,DEPOT NORD,EN_COURS_INJECTION
2026-02-28,ART-1764,1456.81,ATELIER 1,EN_COURS_INJECTION
2026-01-15,ART-1407,1305.99,DEPOT A,EN_COURS_INJECTION
2026-02-28,ART-1153,345.16,MAGASIN CENTRAL,EN_COURS_INJECTION
2026-02-28,ART-1133,433.43,ATELIER 1,EN_COURS_INJECTION
2026-03-05,ART-1550,775.55,MAGASIN CENTRAL,EN_COURS_INJECTION
2026-04-05,ART-1676,673.12,DEPOT B,EN_COURS_INJECTION
2026-02-15,ART-1218,1136.55,ATELIER 1,EN_COURS_INJECTION
2026-01-05,ART-1121,850.42,MAGASIN CENTRAL,EN_COURS_INJECTION
2026-02-28,ART-1536,1105.52,DEPOT A,EN_COURS_INJECTION
2026-02-05,ART-1185,237.62,ATELIER 1,EN_COURS_INJECTION
2026-04-05,ART-1672,112.49,DEPOT B,EN_COURS_INJECTION
2026-04-30,ART-1495,51.33,DEPOT B,EN_COURS_INJECTION
2026-03-05,ART-1283,929.93,DEPOT NORD,EN_COURS_INJECTION
2026-01-05,ART-1145,283.48,MAGASIN CENTRAL,EN_COURS_INJECTION
2026-02-28,ART-1088,987.09,DEPOT NORD,EN_COURS_INJECTION
2026-02-05,ART-1441,1393.08,DEPOT A,EN_COURS_INJECTION
2026-03-15,ART-1698,1332.81,MAGASIN CENTRAL,EN_COURS_INJECTION
2026-01-05,ART-1309,1372.7,DEPOT A,EN_COURS_INJECTION
2026-01-31,ART-1605,607.19,ATELIER 1,EN_COURS_INJECTION
2026-03-31,ART-1310,193.79,ATELIER 1,EN_COURS_INJECTION
2026-02-05,ART-1754,787.64,DEPOT B,EN_COURS_INJECTION
2026-03-31,ART-1557,1300.98,MAGASIN CENTRAL,EN_COURS_INJECTION
2026-01-31,ART-1701,557.65,MAGASIN CENTRAL,EN_COURS_INJECTION
2026-02-15,ART-1702,1443.24,MAGASIN CENTRAL,EN_COURS_INJECTION
2026-03-05,ART-1107,1125.23,DEPOT B,EN_COURS_INJECTION
2026-03-15,ART-1717,747.93,ATELIER 1,EN_COURS_INJECTION
2026-02-05,ART-1408,99.91,ATELIER 1,EN_COURS_INJECTION
2026-02-28,ART-1328,177.28,ATELIER 1,EN_COURS_INJECTION
2026-03-31,ART-1504,1251.49,DEPOT B,EN_COURS_INJECTION
2026-01-31,ART-1042,1018.62,DEPOT A,EN_COURS_INJECTION
2026-03-31,ART-1553,1161.19,DEPOT NORD,EN_COURS_INJECTION
2026-03-05,ART-1634,876.34,ATELIER 1,EN_COURS_INJECTION
2026-03-31,ART-1750,20.14,DEPOT NORD,EN_COURS_INJECTION
2026-01-05,ART-1393,37.2,DEPOT NORD,EN_COURS_INJECTION
2026-02-05,ART-1437,924.85,ATELIER 1,EN_COURS_INJECTION
2026-02-05,ART-1252,564.11,ATELIER 1,EN_COURS_INJECTION
2026-03-05,ART-1302,409.86,DEPOT B,EN_COURS_INJECTION
2026-02-28,ART-1634,915.65,DEPOT B,EN_COURS_INJECTION
2026-03-31,ART-1537,143.02,DEPOT NORD,EN_COURS_INJECTION
2026-04-05,ART-1303,332.67,MAGASIN CENTRAL,EN_COURS_INJECTION
2026-01-05,ART-1502,309.79,DEPOT NORD,EN_COURS_INJECTION
2026-03-05,ART-1139,200.02,DEPOT A,EN_COURS_INJECTION
2026-03-15,ART-1713,1227.18,DEPOT B,EN_COURS_INJECTION
2026-01-05,ART-1729,1243.84,ATELIER 1,EN_COURS_INJECTION
2026-02-05,ART-1015,381.92,ATELIER 1,EN_COURS_INJECTION
2026-03-31,ART-1394,289.85,DEPOT B,EN_COURS_INJECTION
2026-03-05,ART-1155,458.54,MAGASIN CENTRAL,EN_COURS_INJECTION
2026-02-05,ART-1288,1011.61,DEPOT A,EN_COURS_INJECTION
2026-04-15,ART-1798,1025.1,DEPOT B,EN_COURS_INJECTION
2026-02-05,ART-1367,115.91,MAGASIN CENTRAL,EN_COURS_INJECTION
2026-02-15,ART-1798,188.05,DEPOT A,EN_COURS_INJECTION
2026-01-15,ART-1199,276.13,DEPOT A,EN_COURS_INJECTION
2026-02-15,ART-1711,1330.65,MAGASIN CENTRAL,EN_COURS_INJECTION
2026-02-05,ART-1104,1067.07,DEPOT A,EN_COURS_INJECTION
2026-03-05,ART-1569,981.38,DEPOT A,EN_COURS_INJECTION
2026-03-15,ART-1249,990.66,MAGASIN CENTRAL,EN_COURS_INJECTION
2026-03-15,ART-1241,1123.39,DEPOT B,EN_COURS_INJECTION
2026-01-05,ART-1210,382.91,DEPOT A,EN_COURS_INJECTION
2026-04-15,ART-1451,656.39,DEPOT B,EN_COURS_INJECTION
2026-02-15,ART-1692,1013.56,DEPOT B,EN_COURS_INJECTION
2026-04-30,ART-1502,1382.22,DEPOT B,EN_COURS_INJECTION
2026-01-31,ART-1374,758.21,DEPOT B,EN_COURS_INJECTION
2026-04-05,ART-1024,1498.84,ATELIER 1,EN_COURS_INJECTION
2026-04-05,ART-1005,947.43,ATELIER 1,EN_COURS_INJECTION
2026-02-05,ART-1051,451.97,ATELIER 1,EN_COURS_INJECTION
2026-01-15,ART-1361,636.57,DEPOT B,EN_COURS_INJECTION
2026-03-15,ART-1040,761.48,DEPOT A,EN_COURS_INJECTION
2026-04-05,ART-1693,319.89,DEPOT NORD,EN_COURS_INJECTION
2026-04-15,ART-1052,1232.71,DEPOT NORD,EN_COURS_INJECTION
2026-01-05,ART-1549,1261.51,DEPOT NORD,EN_COURS_INJECTION
2026-01-05,ART-1595,57.03,ATELIER 1,EN_COURS_INJECTION
2026-01-15,ART-1600,1003.11,DEPOT NORD,EN_COURS_INJECTION
2026-03-05,ART-1093,1202.72,ATELIER 1,EN_COURS_INJECTION
2026-03-15,ART-1226,1025.95,DEPOT B,EN_COURS_INJECTION
2026-02-05,ART-1626,1029.13,DEPOT A,EN_COURS_INJECTION
2026-01-15,ART-1031,901.52,MAGASIN CENTRAL,EN_COURS_INJECTION
2026-02-05,ART-1379,1339.1,ATELIER 1,EN_COURS_INJECTION
2026-02-05,ART-1606,1231.0,ATELIER 1,EN_COURS_INJECTION
2026-04-15,ART-1642,703.38,DEPOT B,EN_COURS_INJECTION
2026-01-15,ART-1630,748.35,MAGASIN CENTRAL,EN_COURS_INJECTION
2026-03-15,ART-1107,545.01,DEPOT B,EN_COURS_INJECTION
2026-03-15,ART-1334,1267.11,ATELIER 1,EN_COURS_INJECTION
2026-02-28,ART-1077,746.35,DEPOT B,EN_COURS_INJECTION
2026-02-28,ART-1617,869.22,ATELIER 1,EN_COURS_INJECTION
2026-03-15,ART-1073,759.33,DEPOT B,EN_COURS_INJECTION
2026-03-31,ART-1365,1022.16,ATELIER 1,EN_COURS_INJECTION
2026-01-05,ART-1055,1027.49,MAGASIN CENTRAL,EN_COURS_INJECTION
2026-03-15,ART-1084,847.91,ATELIER 1,EN_COURS_INJECTION
2026-04-05,ART-1537,1445.08,ATELIER 1,EN_COURS_INJECTION
2026-04-30,ART-1540,1106.18,DEPOT B,EN_COURS_INJECTION
2026-03-15,ART-1234,625.72,DEPOT B,EN_COURS_INJECTION
2026-04-15,ART-1422,419.94,MAGASIN CENTRAL,EN_COURS_INJECTION
2026-03-05,ART-1634,203.28,MAGASIN CENTRAL,EN_COURS_INJECTION
2026-02-15,ART-1402,969.02,DEPOT A,EN_COURS_INJECTION
2026-01-31,ART-1266,431.57,DEPOT NORD,EN_COURS_INJECTION
2026-03-05,ART-1692,526.71,DEPOT NORD,EN_COURS_INJECTION
2026-04-05,ART-1064,919.81,DEPOT A,EN_COURS_INJECTION
2026-04-15,ART-1281,533.47,DEPOT A,EN_COURS_INJECTION
2026-04-30,ART-1555,1318.83,ATELIER 1,EN_COURS_INJECTION
2026-04-15,ART-1613,420.98,MAGASIN CENTRAL,EN_COURS_INJECTION
2026-03-15,ART-1516,448.74,ATELIER 1,EN_COURS_INJECTION
2026-01-15,ART-1411,657.52,DEPOT A,EN_COURS_INJECTION
2026-03-05,ART-1328,1050.39,DEPOT A,EN_COURS_INJECTION
2026-04-30,ART-1195,158.5,ATELIER 1,EN_COURS_INJECTION
2026-01-31,ART-1104,,DEPOT NORD,EN_COURS_INJECTION
2026-02-05,ART-1326,239.36,ATELIER 1,EN_COURS_INJECTION
2026-03-05,ART-1040,1339.41,MAGASIN CENTRAL,EN_COURS_INJECTION
2026-04-15,ART-1013,636.02,DEPOT B,EN_COURS_INJECTION
2026-04-15,ART-1662,936.52,DEPOT B,EN_COURS_INJECTION
2026-04-15,ART-1449,1094.7,DEPOT A,EN_COURS_INJECTION
2026-01-31,ART-1036,759.52,DEPOT NORD,EN_COURS_INJECTION
2026-03-05,ART-1030,590.49,ATELIER 1,EN_COURS_INJECTION
2026-01-05,ART-1506,1078.48,DEPOT NORD,EN_COURS_INJECTION
2026-03-15,ART-1529,474.07,DEPOT NORD,EN_COURS_INJECTION
2026-04-30,ART-1521,68.46,DEPOT A,EN_COURS_INJECTION
2026-01-31,ART-1783,108.34,DEPOT B,EN_COURS_INJECTION
2026-04-05,ART-1268,594.01,DEPOT B,EN_COURS_INJECTION
2026-04-15,ART-1430,240.4,DEPOT NORD,EN_COURS_INJECTION
2026-04-15,ART-1374,1387.07,DEPOT A,EN_COURS_INJECTION
2026-02-15,ART-1624,1049.86,DEPOT A,EN_COURS_INJECTION
2026-03-15,ART-1541,1150.43,ATELIER 1,EN_COURS_INJECTION
2026-02-15,ART-1290,950.2,MAGASIN CENTRAL,EN_COURS_INJECTION
2026-03-05,ART-1374,780.82,ATELIER 1,EN_COURS_INJECTION
2026-03-05,ART-1671,564.41,DEPOT B,EN_COURS_INJECTION
2026-03-15,ART-1413,132.1,ATELIER 1,EN_COURS_INJECTION
2026-02-05,ART-1105,1335.59,DEPOT NORD,EN_COURS_INJECTION
2026-02-28,ART-1496,86.72,MAGASIN CENTRAL,EN_COURS_INJECTION
2026-03-31,ART-1232,918.53,DEPOT B,EN_COURS_INJECTION
2026-03-31,ART-1078,747.16,ATELIER 1,EN_COURS_INJECTION
2026-02-15,ART-1559,22.87,MAGASIN CENTRAL,EN_COURS_INJECTION
2026-02-05,ART-1474,1044.02,DEPOT NORD,EN_COURS_INJECTION
2026-03-05,ART-1727,1088.55,DEPOT A,EN_COURS_INJECTION
2026-03-15,ART-1521,887.85,DEPOT A,EN_COURS_INJECTION
2026-01-31,ART-1754,379.69,DEPOT A,EN_COURS_INJECTION
2026-02-05,ART-1724,1199.53,DEPOT A,EN_COURS_INJECTION
2026-02-15,ART-1594,135.01,DEPOT A,EN_COURS_INJECTION
2026-02-15,ART-1749,456.83,DEPOT A,EN_COURS_INJECTION
2026-04-30,ART-1591,1200.97,DEPOT A,EN_COURS_INJECTION
2026-02-05,ART-1004,971.34,ATELIER 1,EN_COURS_INJECTION
2026-02-28,ART-1276,595.48,MAGASIN CENTRAL,EN_COURS_INJECTION
2026-01-05,ART-1591,994.01,DEPOT B,EN_COURS_INJECTION
2026-04-15,ART-1723,1191.51,DEPOT B,EN_COURS_INJECTION
2026-04-05,ART-1167,699.85,DEPOT A,EN_COURS_INJECTION
2026-04-05,ART-1595,482.03,DEPOT NORD,EN_COURS_INJECTION
2026-03-15,ART-1232,476.77,MAGASIN CENTRAL,EN_COURS_INJECTION
2026-04-05,ART-1092,,DEPOT A,EN_COURS_INJECTION
2026-02-05,ART-1400,329.18,MAGASIN CENTRAL,EN_COURS_INJECTION
2026-04-30,ART-1366,556.57,ATELIER 1,EN_COURS_INJECTION
2026-03-15,ART-1396,744.92,DEPOT B,EN_COURS_INJECTION
2026-02-28,ART-1019,221.24,DEPOT B,EN_COURS_INJECTION
2026-04-05,ART-1351,1450.97,DEPOT NORD,EN_COURS_INJECTION
2026-01-15,ART-1087,450.17,DEPOT B,EN_COURS_INJECTION
2026-01-31,ART-1770,757.43,MAGASIN CENTRAL,EN_COURS_INJECTION
2026-04-30,ART-1138,1069.27,MAGASIN CENTRAL,EN_COURS_INJECTION
2026-03-31,ART-1679,920.43,DEPOT B,EN_COURS_INJECTION
2026-03-05,ART-1298,1421.49,DEPOT B,EN_COURS_INJECTION
2026-02-15,ART-1517,615.21,ATELIER 1,EN_COURS_INJECTION
2026-04-15,ART-1418,187.14,ATELIER 1,EN_COURS_INJECTION
2026-04-15,ART-1397,1354.29,MAGASIN CENTRAL,EN_COURS_INJECTION
2026-04-30,ART-1250,1002.91,DEPOT A,EN_COURS_INJECTION
2026-01-05,ART-1360,1117.05,DEPOT NORD,EN_COURS_INJECTION
2026-02-15,ART-1499,1150.97,DEPOT NORD,EN_COURS_INJECTION
2026-01-05,ART-1136,722.72,DEPOT A,EN_COURS_INJECTION
2026-02-28,ART-1346,66.21,ATELIER 1,EN_COURS_INJECTION
2026-02-05,ART-1698,992.25,ATELIER 1,EN_COURS_INJECTION
2026-03-31,ART-1371,845.21,DEPOT A,EN_COURS_INJECTION
2026-03-15,ART-1641,171.65,DEPOT B,EN_COURS_INJECTION
2026-01-15,ART-1074,1402.8,ATELIER 1,EN_COURS_INJECTION
2026-02-05,ART-1745,1196.3,ATELIER 1,EN_COURS_INJECTION
2026-04-30,ART-1739,1149.4,MAGASIN CENTRAL,EN_COURS_INJECTION
2026-01-05,ART-1009,642.18,DEPOT B,EN_COURS_INJECTION
2026-01-15,ART-1489,152.94,DEPOT A,EN_COURS_INJECTION
2026-03-15,ART-1541,201.83,DEPOT B,EN_COURS_INJECTION
2026-04-05,ART-1723,1368.53,DEPOT A,EN_COURS_INJECTION
2026-04-15,ART-1780,592.09,ATELIER 1,EN_COURS_INJECTION
2026-03-15,ART-1458,160.31,DEPOT NORD,EN_COURS_INJECTION
2026-02-28,ART-1540,961.39,DEPOT NORD,EN_COURS_INJECTION
2026-02-05,ART-1152,1357.88,DEPOT B,EN_COURS_INJECTION
2026-01-05,ART-1046,382.63,DEPOT NORD,EN_COURS_INJECTION
2026-02-28,ART-1742,340.0,DEPOT NORD,EN_COURS_INJECTION
2026-04-30,ART-1159,1018.03,DEPOT B,EN_COURS_INJECTION
2026-03-31,ART-1325,203.11,MAGASIN CENTRAL,EN_COURS_INJECTION
2026-03-15,ART-1768,1221.09,DEPOT NORD,EN_COURS_INJECTION
2026-02-05,ART-1412,1354.59,DEPOT A,EN_COURS_INJECTION
2026-03-31,ART-1514,1428.96,ATELIER 1,EN_COURS_INJECTION
2026-03-15,ART-1032,450.27,ATELIER 1,EN_COURS_INJECTION
2026-01-05,ART-1261,1488.06,DEPOT B,EN_COURS_INJECTION
2026-04-30,ART-1220,1198.46,DEPOT B,EN_COURS_INJECTION
2026-02-28,ART-1239,552.26,DEPOT B,EN_COURS_INJECTION
2026-01-05,ART-1466,751.13,DEPOT B,EN_COURS_INJECTION
2026-02-28,ART-1080,1349.05,ATELIER 1,EN_COURS_INJECTION
2026-02-05,ART-1692,1389.45,DEPOT B,EN_COURS_INJECTION
2026-01-15,ART-1345,1360.37,ATELIER 1,EN_COURS_INJECTION
2026-01-05,ART-1041,1423.28,ATELIER 1,EN_COURS_INJECTION
2026-02-05,ART-1534,858.85,DEPOT NORD,EN_COURS_INJECTION
2026-03-05,ART-1037,785.34,DEPOT NORD,EN_COURS_INJECTION
2026-04-05,ART-1685,283.8,ATELIER 1,EN_COURS_INJECTION
2026-02-28,ART-1177,1433.14,MAGASIN CENTRAL,EN_COURS_INJECTION
2026-01-15,ART-1744,300.55,DEPOT B,EN_COURS_INJECTION
2026-01-31,ART-1526,5.05,DEPOT A,EN_COURS_INJECTION
2026-02-05,ART-1406,1256.5,ATELIER 1,EN_COURS_INJECTION
2026-02-15,ART-1691,1186.84,MAGASIN CENTRAL,EN_COURS_INJECTION
2026-04-30,ART-1250,1394.37,DEPOT A,EN_COURS_INJECTION
2026-04-15,ART-1792,650.74,ATELIER 1,EN_COURS_INJECTION
2026-02-05,ART-1444,526.77,DEPOT A,EN_COURS_INJECTION
2026-01-05,ART-1255,278.05,DEPOT NORD,EN_COURS_INJECTION
2026-04-05,ART-1763,284.59,,EN_COURS_INJECTION
2026-03-31,ART-1098,613.18,DEPOT NORD,EN_COURS_INJECTION
2026-04-15,ART-1004,774.16,DEPOT B,EN_COURS_INJECTION
2026-02-15,ART-1563,538.62,MAGASIN CENTRAL,EN_COURS_INJECTION
2026-01-31,ART-1477,1483.34,DEPOT NORD,EN_COURS_INJECTION
2026-04-05,ART-1547,82.17,MAGASIN CENTRAL,EN_COURS_INJECTION
2026-01-15,ART-1733,1496.65,DEPOT A,EN_COURS_INJECTION
2026-02-05,ART-1551,810.47,DEPOT A,EN_COURS_INJECTION
2026-03-05,ART-1682,924.78,DEPOT B,EN_COURS_INJECTION
2026-04-05,ART-1279,1145.95,DEPOT A,EN_COURS_INJECTION
2026-01-05,ART-1153,1091.8,ATELIER 1,EN_COURS_INJECTION
2026-01-31,ART-1524,679.29,ATELIER 1,EN_COURS_INJECTION
2026-03-05,ART-1798,528.32,DEPOT B,EN_COURS_INJECTION
2026-01-31,ART-1593,1136.03,ATELIER 1,EN_COURS_INJECTION
2026-02-28,ART-1257,1151.75,DEPOT A,EN_COURS_INJECTION
2026-01-05,ART-1234,1265.44,DEPOT B,EN_COURS_INJECTION
2026-01-05,ART-1613,1240.04,DEPOT A,EN_COURS_INJECTION
2026-01-31,ART-1182,1281.96,DEPOT A,EN_COURS_INJECTION
2026-04-15,ART-1327,1246.02,MAGASIN CENTRAL,EN_COURS_INJECTION
2026-02-15,ART-1649,537.57,DEPOT B,EN_COURS_INJECTION
2026-02-15,ART-1567,650.51,DEPOT B,EN_COURS_INJECTION
2026-02-05,ART-1160,944.64,ATELIER 1,EN_COURS_INJECTION
2026-03-05,ART-1385,1020.44,DEPOT B,EN_COURS_INJECTION
2026-02-05,ART-1382,250.43,DEPOT B,EN_COURS_INJECTION
2026-03-15,ART-1173,1333.79,ATELIER 1,EN_COURS_INJECTION
2026-04-15,ART-1638,712.18,DEPOT NORD,EN_COURS_INJECTION
2026-02-05,ART-1654,445.49,DEPOT B,EN_COURS_INJECTION
2026-02-05,ART-1076,178.14,DEPOT A,EN_COURS_INJECTION
2026-01-15,ART-1654,481.61,DEPOT A,EN_COURS_INJECTION
2026-04-30,ART-1334,1422.5,DEPOT A,EN_COURS_INJECTION
2026-01-05,ART-1656,919.17,DEPOT A,EN_COURS_INJECTION
2026-04-30,ART-1255,860.42,ATELIER 1,EN_COURS_INJECTION
2026-01-31,ART-1575,1104.69,ATELIER 1,EN_COURS_INJECTION
2026-04-05,ART-1191,994.23,MAGASIN CENTRAL,EN_COURS_INJECTION
2026-02-15,ART-1296,957.15,ATELIER 1,EN_COURS_INJECTION
2026-02-05,ART-1219,1348.74,DEPOT B,EN_COURS_INJECTION
2026-02-05,ART-1481,838.13,MAGASIN CENTRAL,EN_COURS_INJECTION
2026-02-05,ART-1069,1396.65,ATELIER 1,EN_COURS_INJECTION
2026-04-05,ART-1175,388.62,DEPOT A,EN_COURS_INJECTION
2026-03-15,ART-1518,189.2,DEPOT A,EN_COURS_INJECTION
2026-01-15,ART-1731,391.68,DEPOT NORD,EN_COURS_INJECTION
2026-04-05,ART-1547,984.68,DEPOT A,EN_COURS_INJECTION
2026-02-15,ART-1457,1161.12,DEPOT A,EN_COURS_INJECTION
2026-02-15,ART-1220,1024.27,DEPOT A,EN_COURS_INJECTION
2026-04-30,ART-1701,806.65,MAGASIN CENTRAL,EN_COURS_INJECTION
2026-03-05,ART-1047,583.01,MAGASIN CENTRAL,EN_COURS_INJECTION
2026-03-15,ART-1303,144.83,MAGASIN CENTRAL,EN_COURS_INJECTION
2026-01-05,ART-1753,1459.66,MAGASIN CENTRAL,EN_COURS_INJECTION
2026-01-15,ART-1454,1419.96,DEPOT NORD,EN_COURS_INJECTION
2026-01-15,ART-1260,905.87,ATELIER 1,EN_COURS_INJECTION
2026-04-05,ART-1166,263.27,MAGASIN CENTRAL,EN_COURS_INJECTION
2026-01-15,ART-1715,727.3,DEPOT NORD,EN_COURS_INJECTION
2026-03-31,ART-1317,566.87,DEPOT A,EN_COURS_INJECTION
2026-04-30,ART-1355,793.74,DEPOT B,EN_COURS_INJECTION
2026-02-15,ART-1228,1257.92,DEPOT B,EN_COURS_INJECTION
2026-03-15,ART-1565,1307.77,DEPOT B,EN_COURS_INJECTION
2026-03-31,ART-1214,752.13,ATELIER 1,EN_COURS_INJECTION
2026-02-05,ART-1214,1194.06,ATELIER 1,EN_COURS_INJECTION
2026-03-15,ART-1347,1184.51,DEPOT A,EN_COURS_INJECTION
2026-03-05,ART-1115,661.37,MAGASIN CENTRAL,EN_COURS_INJECTION
2026-03-15,ART-1497,588.41,DEPOT B,EN_COURS_INJECTION
2026-03-05,ART-1027,278.96,DEPOT A,EN_COURS_INJECTION
2026-04-15,ART-1103,882.77,MAGASIN CENTRAL,EN_COURS_INJECTION
2026-01-15,ART-1730,657.14,ATELIER 1,EN_COURS_INJECTION
2026-02-15,ART-1691,721.4,DEPOT B,EN_COURS_INJECTION
2026-01-05,ART-1110,195.45,ATELIER 1,EN_COURS_INJECTION
2026-01-15,ART-1484,1446.66,DEPOT NORD,EN_COURS_INJECTION
2026-03-05,ART-1443,888.15,DEPOT B,EN_COURS_INJECTION
2026-01-05,ART-1163,613.86,DEPOT B,EN_COURS_INJECTION
2026-03-15,ART-1297,63.44,DEPOT A,EN_COURS_INJECTION
2026-04-05,ART-1630,923.1,MAGASIN CENTRAL,EN_COURS_INJECTION
2026-04-05,ART-1004,48.11,MAGASIN CENTRAL,EN_COURS_INJECTION
2026-03-05,ART-1092,1225.24,ATELIER 1,EN_COURS_INJECTION
2026-03-31,ART-1587,947.58,DEPOT A,EN_COURS_INJECTION
2026-01-15,ART-1347,621.9,MAGASIN CENTRAL,EN_COURS_INJECTION
2026-03-31,ART-1080,301.39,ATELIER 1,EN_COURS_INJECTION
2026-02-05,ART-1242,565.37,MAGASIN CENTRAL,EN_COURS_INJECTION
2026-03-05,ART-1253,1436.93,DEPOT A,EN_COURS_INJECTION
2026-01-31,ART-1285,1467.61,MAGASIN CENTRAL,EN_COURS_INJECTION
2026-04-30,ART-1408,164.98,DEPOT A,EN_COURS_INJECTION
2026-03-31,ART-1780,1286.16,DEPOT NORD,EN_COURS_INJECTION
2026-01-15,ART-1670,1303.02,MAGASIN CENTRAL,EN_COURS_INJECTION
2026-02-28,ART-1691,1332.53,ATELIER 1,EN_COURS_INJECTION
2026-04-30,ART-1651,702.47,DEPOT B,EN_COURS_INJECTION
2026-04-30,ART-1343,1126.35,DEPOT NORD,EN_COURS_INJECTION
2026-02-15,ART-1165,995.13,DEPOT NORD,EN_COURS_INJECTION
2026-01-05,ART-1562,771.02,DEPOT NORD,EN_COURS_INJECTION
2026-04-15,ART-1369,1260.52,DEPOT A,EN_COURS_INJECTION
2026-03-15,ART-1489,699.96,DEPOT NORD,EN_COURS_INJECTION
2026-03-05,ART-1584,1087.59,DEPOT A,EN_COURS_INJECTION
2026-01-15,ART-1163,1020.81,DEPOT B,EN_COURS_INJECTION
2026-02-15,ART-1630,1434.44,DEPOT A,EN_COURS_INJECTION
2026-04-15,ART-1113,123.77,MAGASIN CENTRAL,EN_COURS_INJECTION
2026-04-05,ART-1358,373.12,MAGASIN CENTRAL,EN_COURS_INJECTION
2026-03-15,ART-1795,1023.98,DEPOT A,EN_COURS_INJECTION
2026-04-15,ART-1499,1328.57,MAGASIN CENTRAL,EN_COURS_INJECTION
2026-03-31,ART-1227,766.09,DEPOT NORD,EN_COURS_INJECTION
2026-03-05,ART-1546,462.9,DEPOT B,EN_COURS_INJECTION
2026-02-15,ART-1629,149.94,ATELIER 1,EN_COURS_INJECTION
2026-01-31,ART-1658,31.12,DEPOT B,EN_COURS_INJECTION
2026-02-15,ART-1242,268.98,DEPOT B,EN_COURS_INJECTION
2026-04-05,ART-1772,1057.66,DEPOT A,EN_COURS_INJECTION
2026-02-05,ART-1437,1307.95,DEPOT B,EN_COURS_INJECTION
2026-01-15,ART-1103,562.24,ATELIER 1,EN_COURS_INJECTION
2026-03-15,ART-1011,1454.53,DEPOT A,EN_COURS_INJECTION
2026-02-05,ART-1475,511.67,DEPOT B,EN_COURS_INJECTION
2026-02-05,ART-1146,1275.88,DEPOT NORD,EN_COURS_INJECTION
2026-03-15,ART-1405,790.78,ATELIER 1,EN_COURS_INJECTION
2026-04-30,ART-1604,1007.11,DEPOT B,EN_COURS_INJECTION
2026-04-05,ART-1279,1011.6,MAGASIN CENTRAL,EN_COURS_INJECTION
2026-04-30,ART-1015,1467.07,DEPOT NORD,EN_COURS_INJECTION
2026-02-15,ART-1732,374.67,DEPOT A,EN_COURS_INJECTION
2026-03-15,ART-1303,168.5,DEPOT A,EN_COURS_INJECTION
2026-01-05,ART-1247,1209.12,DEPOT NORD,EN_COURS_INJECTION
2026-02-05,ART-1678,453.04,DEPOT NORD,EN_COURS_INJECTION
2026-01-15,ART-1605,823.05,ATELIER 1,EN_COURS_INJECTION
2026-04-15,ART-1732,1458.24,DEPOT NORD,EN_COURS_INJECTION
2026-02-15,ART-1277,174.89,DEPOT NORD,EN_COURS_INJECTION
2026-04-05,ART-1618,1439.83,DEPOT A,EN_COURS_INJECTION
2026-02-15,ART-1378,952.07,DEPOT B,EN_COURS_INJECTION
2026-04-30,ART-1430,248.07,MAGASIN CENTRAL,EN_COURS_INJECTION
2026-01-05,ART-1280,556.25,ATELIER 1,EN_COURS_INJECTION
2026-03-31,ART-1556,1163.32,DEPOT B,EN_COURS_INJECTION
2026-01-15,ART-1363,1160.59,DEPOT A,EN_COURS_INJECTION
2026-03-15,ART-1544,1288.98,DEPOT A,EN_COURS_INJECTION
2026-03-05,ART-1411,271.53,DEPOT NORD,EN_COURS_INJECTION
2026-03-15,ART-1264,1164.62,DEPOT NORD,EN_COURS_INJECTION
2026-02-28,ART-1106,1368.13,ATELIER 1,EN_COURS_INJECTION
2026-01-31,ART-1287,121.06,ATELIER 1,EN_COURS_INJECTION
2026-04-15,ART-1298,1398.24,DEPOT NORD,EN_COURS_INJECTION
2026-01-31,ART-1416,1315.62,DEPOT B,EN_COURS_INJECTION
2026-04-30,ART-1463,450.83,DEPOT NORD,EN_COURS_INJECTION
2026-02-28,ART-1399,864.57,DEPOT B,EN_COURS_INJECTION
2026-03-05,ART-1234,840.57,DEPOT NORD,EN_COURS_INJECTION
2026-01-15,ART-1533,216.74,DEPOT B,EN_COURS_INJECTION
2026-01-05,ART-1036,714.62,ATELIER 1,EN_COURS_INJECTION
2026-03-15,ART-1181,644.14,DEPOT B,EN_COURS_INJECTION
2026-03-15,ART-1704,507.08,DEPOT NORD,EN_COURS_INJECTION
2026-02-28,ART-1149,1205.83,DEPOT NORD,EN_COURS_INJECTION
2026-03-31,ART-1070,1292.87,DEPOT A,EN_COURS_INJECTION
2026-03-05,ART-1117,308.64,ATELIER 1,EN_COURS_INJECTION
2026-03-31,ART-1158,771.82,DEPOT NORD,EN_COURS_INJECTION
2026-01-05,ART-1409,1382.19,DEPOT B,EN_COURS_INJECTION
2026-03-31,ART-1703,55.97,DEPOT B,EN_COURS_INJECTION
2026-02-28,ART-1358,1198.54,MAGASIN CENTRAL,EN_COURS_INJECTION
2026-02-28,ART-1794,714.82,DEPOT A,EN_COURS_INJECTION
2026-03-31,ART-1176,397.52,DEPOT B,EN_COURS_INJECTION
2026-02-15,ART-1077,585.31,DEPOT B,EN_COURS_INJECTION
2026-02-05,ART-1503,1465.87,MAGASIN CENTRAL,EN_COURS_INJECTION
2026-02-28,ART-1645,1236.72,MAGASIN CENTRAL,EN_COURS_INJECTION
2026-01-31,ART-1592,1032.46,DEPOT A,EN_COURS_INJECTION
2026-04-15,ART-1198,197.95,MAGASIN CENTRAL,EN_COURS_INJECTION
2026-03-15,ART-1605,1204.39,DEPOT B,EN_COURS_INJECTION
2026-01-05,ART-1437,990.2,ATELIER 1,EN_COURS_INJECTION
2026-01-31,ART-1327,973.34,DEPOT NORD,EN_COURS_INJECTION
2026-04-30,ART-1708,271.39,MAGASIN CENTRAL,EN_COURS_INJECTION
2026-01-31,ART-1386,1103.5,DEPOT NORD,EN_COURS_INJECTION
2026-04-15,ART-1288,493.55,ATELIER 1,EN_COURS_INJECTION
2026-02-28,ART-1531,691.37,DEPOT A,EN_COURS_INJECTION
2026-01-31,ART-1086,551.88,DEPOT NORD,EN_COURS_INJECTION
2026-02-05,ART-1429,795.97,MAGASIN CENTRAL,EN_COURS_INJECTION
2026-01-31,ART-1312,947.11,DEPOT A,EN_COURS_INJECTION
2026-03-15,ART-1391,1226.37,ATELIER 1,EN_COURS_INJECTION
2026-01-05,ART-1796,507.52,ATELIER 1,EN_COURS_INJECTION
2026-03-05,ART-1688,337.17,DEPOT B,EN_COURS_INJECTION
2026-02-15,ART-1703,1103.26,DEPOT NORD,EN_COURS_INJECTION
2026-04-15,ART-1526,1385.74,DEPOT NORD,EN_COURS_INJECTION
2026-02-28,ART-1420,129.51,ATELIER 1,EN_COURS_INJECTION
2026-03-05,ART-1486,687.29,DEPOT NORD,EN_COURS_INJECTION
2026-04-05,ART-1652,251.38,MAGASIN CENTRAL,EN_COURS_INJECTION
2026-04-15,ART-1050,985.45,DEPOT B,EN_COURS_INJECTION
2026-02-05,ART-1051,62.57,DEPOT A,EN_COURS_INJECTION
2026-01-05,ART-1285,874.11,DEPOT B,EN_COURS_INJECTION
2026-03-31,ART-1783,877.48,MAGASIN CENTRAL,EN_COURS_INJECTION
2026-01-05,ART-1253,370.5,MAGASIN CENTRAL,EN_COURS_INJECTION
2026-02-28,ART-1330,522.11,DEPOT B,EN_COURS_INJECTION
2026-04-05,ART-1666,1368.16,MAGASIN CENTRAL,EN_COURS_INJECTION
2026-02-28,ART-1373,1154.77,DEPOT A,EN_COURS_INJECTION
2026-02-28,ART-1514,458.63,DEPOT NORD,EN_COURS_INJECTION
2026-04-05,ART-1613,765.64,DEPOT B,EN_COURS_INJECTION
2026-03-15,ART-1771,0.0,DEPOT B,EN_COURS_INJECTION
2026-02-05,ART-1703,925.09,DEPOT NORD,EN_COURS_INJECTION
2026-03-15,ART-1219,606.52,DEPOT B,EN_COURS_INJECTION
2026-01-05,ART-1533,793.96,,EN_COURS_INJECTION
2026-01-05,ART-1756,1186.86,DEPOT A,EN_COURS_INJECTION
2026-03-15,ART-1434,830.32,DEPOT NORD,EN_COURS_INJECTION
2026-04-15,ART-1697,1335.99,DEPOT A,EN_COURS_INJECTION
2026-04-05,ART-1137,389.99,ATELIER 1,EN_COURS_INJECTION
2026-02-05,ART-1692,1159.25,DEPOT A,EN_COURS_INJECTION
2026-02-28,ART-1687,1343.49,DEPOT NORD,EN_COURS_INJECTION
2026-04-15,ART-1194,677.6,MAGASIN CENTRAL,EN_COURS_INJECTION
2026-04-15,ART-1698,212.61,ATELIER 1,EN_COURS_INJECTION
2026-04-05,ART-1698,520.48,DEPOT A,EN_COURS_INJECTION
2026-01-15,ART-1661,1463.86,DEPOT A,EN_COURS_INJECTION
2026-01-31,ART-1515,1271.38,DEPOT A,EN_COURS_INJECTION
2026-04-15,ART-1752,330.29,DEPOT B,EN_COURS_INJECTION
2026-02-28,ART-1554,1485.33,ATELIER 1,EN_COURS_INJECTION
2026-04-05,ART-1676,825.56,MAGASIN CENTRAL,EN_COURS_INJECTION
2026-02-05,ART-1619,328.32,MAGASIN CENTRAL,EN_COURS_INJECTION
2026-02-28,ART-1185,1017.51,DEPOT NORD,EN_COURS_INJECTION
2026-04-15,ART-1686,336.55,DEPOT B,EN_COURS_INJECTION
2026-04-30,ART-1297,1353.13,MAGASIN CENTRAL,EN_COURS_INJECTION
2026-01-31,ART-1211,551.46,DEPOT NORD,EN_COURS_INJECTION
2026-03-05,ART-1529,326.77,DEPOT B,EN_COURS_INJECTION
2026-04-30,ART-1305,350.96,DEPOT NORD,EN_COURS_INJECTION
2026-04-05,ART-1066,243.99,MAGASIN CENTRAL,EN_COURS_INJECTION
2026-04-30,ART-1571,65.71,DEPOT A,EN_COURS_INJECTION
2026-01-15,ART-1438,1451.25,ATELIER 1,EN_COURS_INJECTION
2026-03-31,ART-1760,174.92,DEPOT B,EN_COURS_INJECTION
2026-04-15,ART-1620,463.54,ATELIER 1,EN_COURS_INJECTION
2026-04-30,ART-1150,1026.43,DEPOT NORD,EN_COURS_INJECTION
2026-03-31,ART-1603,1080.18,DEPOT A,EN_COURS_INJECTION
2026-03-15,ART-1658,731.94,MAGASIN CENTRAL,EN_COURS_INJECTION
2026-01-31,ART-1666,33.87,DEPOT NORD,EN_COURS_INJECTION
2026-04-30,ART-1745,674.56,DEPOT A,EN_COURS_INJECTION
2026-03-31,ART-1133,900.64,DEPOT B,EN_COURS_INJECTION
2026-01-05,ART-1225,928.5,DEPOT A,EN_COURS_INJECTION
2026-01-15,ART-1089,1269.87,ATELIER 1,EN_COURS_INJECTION
2026-02-15,ART-1731,159.41,DEPOT B,EN_COURS_INJECTION
2026-01-15,ART-1414,892.22,DEPOT B,EN_COURS_INJECTION
2026-03-31,ART-1336,379.85,DEPOT B,EN_COURS_INJECTION
2026-02-05,ART-1706,1093.92,DEPOT A,EN_COURS_INJECTION
2026-01-05,ART-1382,77.66,DEPOT NORD,EN_COURS_INJECTION
2026-01-05,ART-1634,770.65,DEPOT B,EN_COURS_INJECTION
2026-02-15,ART-1094,294.32,DEPOT A,EN_COURS_INJECTION
2026-04-30,ART-1735,911.9,ATELIER 1,EN_COURS_INJECTION
2026-03-05,ART-1472,352.36,DEPOT NORD,EN_COURS_INJECTION
2026-02-28,ART-1292,972.68,DEPOT B,EN_COURS_INJECTION
2026-03-15,ART-1092,700.8,DEPOT A,EN_COURS_INJECTION
2026-03-15,ART-1630,986.33,DEPOT A,EN_COURS_INJECTION
2026-01-31,ART-1453,767.3,DEPOT NORD,EN_COURS_INJECTION
2026-02-15,ART-1309,158.71,MAGASIN CENTRAL,EN_COURS_INJECTION
2026-04-05,ART-1347,1464.6,DEPOT NORD,EN_COURS_INJECTION
2026-02-05,ART-1316,1104.35,DEPOT NORD,EN_COURS_INJECTION
2026-02-05,ART-1777,1144.84,ATELIER 1,EN_COURS_INJECTION
2026-04-05,ART-1413,514.18,DEPOT NORD,EN_COURS_INJECTION
2026-01-15,ART-1304,700.38,DEPOT B,EN_COURS_INJECTION
2026-01-15,ART-1363,600.55,DEPOT B,EN_COURS_INJECTION
2026-04-30,ART-1504,534.87,DEPOT NORD,EN_COURS_INJECTION
2026-04-30,ART-1740,1491.11,DEPOT B,EN_COURS_INJECTION
2026-04-15,ART-1165,870.01,MAGASIN CENTRAL,EN_COURS_INJECTION
2026-01-15,ART-1389,276.19,DEPOT A,EN_COURS_INJECTION
2026-03-15,ART-1642,190.25,MAGASIN CENTRAL,EN_COURS_INJECTION
2026-02-15,ART-1121,1491.72,DEPOT A,EN_COURS_INJECTION
2026-02-28,ART-1354,574.55,MAGASIN CENTRAL,EN_COURS_INJECTION
2026-03-15,ART-1703,22.33,MAGASIN CENTRAL,EN_COURS_INJECTION
2026-04-05,ART-1701,1266.41,ATELIER 1,EN_COURS_INJECTION
2026-02-15,ART-1461,875.45,MAGASIN CENTRAL,EN_COURS_INJECTION
2026-03-31,ART-1225,114.74,MAGASIN CENTRAL,EN_COURS_INJECTION
2026-02-28,ART-1623,901.2,DEPOT B,EN_COURS_INJECTION
2026-03-31,ART-1277,24.71,DEPOT A,EN_COURS_INJECTION
2026-04-05,ART-1305,1123.85,DEPOT B,EN_COURS_INJECTION
2026-04-05,ART-1319,1459.34,MAGASIN CENTRAL,EN_COURS_INJECTION
2026-02-15,ART-1107,20.32,DEPOT A,EN_COURS_INJECTION
2026-02-15,ART-1518,279.31,DEPOT B,EN_COURS_INJECTION
2026-01-31,ART-1021,708.97,ATELIER 1,EN_COURS_INJECTION
2026-04-05,ART-1258,1113.63,MAGASIN CENTRAL,EN_COURS_INJECTION
2026-04-15,ART-1652,684.55,,EN_COURS_INJECTION
2026-01-31,ART-1466,1008.02,MAGASIN CENTRAL,EN_COURS_INJECTION
2026-04-05,ART-1608,925.09,DEPOT B,EN_COURS_INJECTION
2026-03-31,ART-1109,1083.27,DEPOT NORD,EN_COURS_INJECTION
2026-04-05,ART-1074,18.84,DEPOT B,EN_COURS_INJECTION
2026-03-05,ART-1454,325.65,MAGASIN CENTRAL,EN_COURS_INJECTION
2026-02-15,ART-1446,758.29,DEPOT A,EN_COURS_INJECTION
2026-03-15,ART-1695,1167.66,MAGASIN CENTRAL,EN_COURS_INJECTION
2026-01-15,ART-1062,1088.41,ATELIER 1,EN_COURS_INJECTION
2026-04-30,ART-1487,1487.92,ATELIER 1,EN_COURS_INJECTION
2026-04-05,ART-1316,638.43,DEPOT B,EN_COURS_INJECTION
2026-04-05,ART-1440,527.5,ATELIER 1,EN_COURS_INJECTION
2026-02-15,ART-1314,976.19,DEPOT B,EN_COURS_INJECTION
2026-03-31,ART-1590,656.64,DEPOT NORD,EN_COURS_INJECTION
2026-02-05,ART-1339,1449.65,DEPOT NORD,EN_COURS_INJECTION
2026-02-15,ART-1788,279.13,DEPOT NORD,EN_COURS_INJECTION
2026-01-31,ART-1656,951.79,DEPOT B,EN_COURS_INJECTION
2026-02-05,ART-1294,8.41,ATELIER 1,EN_COURS_INJECTION
2026-01-31,ART-1307,148.23,ATELIER 1,EN_COURS_INJECTION
2026-01-15,ART-1398,185.83,DEPOT B,EN_COURS_INJECTION
2026-02-28,ART-1002,1061.55,DEPOT A,EN_COURS_INJECTION
2026-02-15,ART-1134,240.18,ATELIER 1,EN_COURS_INJECTION
2026-04-15,ART-1315,1156.82,ATELIER 1,EN_COURS_INJECTION
2026-04-30,ART-1504,985.33,DEPOT B,EN_COURS_INJECTION
2026-02-15,ART-1738,1403.66,ATELIER 1,EN_COURS_INJECTION
2026-03-05,ART-1054,1149.69,MAGASIN CENTRAL,EN_COURS_INJECTION
2026-01-31,ART-1076,1458.71,MAGASIN CENTRAL,EN_COURS_INJECTION
2026-03-05,ART-1042,1257.78,MAGASIN CENTRAL,EN_COURS_INJECTION
2026-04-30,ART-1582,467.27,DEPOT B,EN_COURS_INJECTION
2026-04-05,ART-1283,83.49,ATELIER 1,EN_COURS_INJECTION
2026-02-28,ART-1560,1483.96,DEPOT A,EN_COURS_INJECTION
2026-04-05,ART-1435,1323.31,DEPOT B,EN_COURS_INJECTION
2026-04-30,ART-1419,34.5,MAGASIN CENTRAL,EN_COURS_INJECTION
2026-03-31,ART-1088,1134.98,DEPOT B,EN_COURS_INJECTION
2026-02-05,ART-1377,288.68,DEPOT B,EN_COURS_INJECTION
2026-02-28,ART-1283,429.37,DEPOT B,EN_COURS_INJECTION
2026-02-15,ART-1135,348.83,DEPOT NORD,EN_COURS_INJECTION
2026-03-15,ART-1437,96.66,DEPOT A,EN_COURS_INJECTION
2026-03-31,ART-1411,1198.42,DEPOT A,EN_COURS_INJECTION
2026-01-31,ART-1639,768.81,MAGASIN CENTRAL,EN_COURS_INJECTION
2026-03-31,ART-1612,195.57,MAGASIN CENTRAL,EN_COURS_INJECTION
2026-01-31,ART-1662,816.68,DEPOT NORD,EN_COURS_INJECTION
2026-02-05,ART-1171,115.6,ATELIER 1,EN_COURS_INJECTION
2026-04-15,ART-1311,893.48,DEPOT B,EN_COURS_INJECTION
2026-03-31,ART-1086,119.51,DEPOT A,EN_COURS_INJECTION
2026-04-05,ART-1374,1204.4,DEPOT NORD,EN_COURS_INJECTION
2026-01-05,ART-1234,594.87,,EN_COURS_INJECTION
2026-02-28,ART-1272,400.95,ATELIER 1,EN_COURS_INJECTION
2026-04-05,ART-1354,434.12,DEPOT B,EN_COURS_INJECTION
2026-04-30,ART-1161,266.29,ATELIER 1,EN_COURS_INJECTION
2026-02-28,ART-1674,98.73,DEPOT B,EN_COURS_INJECTION
2026-03-15,ART-1436,113.14,DEPOT NORD,EN_COURS_INJECTION
2026-04-15,ART-1718,1013.64,MAGASIN CENTRAL,EN_COURS_INJECTION
2026-01-31,ART-1742,1347.77,MAGASIN CENTRAL,EN_COURS_INJECTION
2026-03-15,ART-1085,40.63,DEPOT NORD,EN_COURS_INJECTION
2026-02-28,ART-1673,140.85,DEPOT B,EN_COURS_INJECTION
2026-02-05,ART-1474,0.0,DEPOT B,EN_COURS_INJECTION
2026-02-15,ART-1099,1133.58,MAGASIN CENTRAL,EN_COURS_INJECTION
2026-04-30,ART-1130,675.08,MAGASIN CENTRAL,EN_COURS_INJECTION
2026-04-05,ART-1591,517.48,DEPOT B,EN_COURS_INJECTION
2026-04-15,ART-1109,1042.03,MAGASIN CENTRAL,EN_COURS_INJECTION
2026-02-15,ART-1027,543.95,DEPOT B,EN_COURS_INJECTION
2026-01-31,ART-1560,636.56,MAGASIN CENTRAL,EN_COURS_INJECTION
2026-03-31,ART-1136,0.0,DEPOT NORD,EN_COURS_INJECTION
2026-01-05,ART-1217,834.86,ATELIER 1,EN_COURS_INJECTION
2026-03-31,ART-1548,620.27,DEPOT A,EN_COURS_INJECTION
2026-01-31,ART-1027,394.55,ATELIER 1,EN_COURS_INJECTION
2026-01-05,ART-1280,909.67,DEPOT NORD,EN_COURS_INJECTION
2026-01-15,ART-1076,294.16,DEPOT B,EN_COURS_INJECTION
2026-04-15,ART-1763,1456.55,MAGASIN CENTRAL,EN_COURS_INJECTION
2026-04-05,ART-1211,1206.4,ATELIER 1,EN_COURS_INJECTION
2026-02-05,ART-1327,1017.73,MAGASIN CENTRAL,EN_COURS_INJECTION
2026-02-28,ART-1010,1018.66,MAGASIN CENTRAL,EN_COURS_INJECTION
2026-04-30,ART-1542,140.44,DEPOT B,EN_COURS_INJECTION
2026-03-15,ART-1120,105.69,ATELIER 1,EN_COURS_INJECTION
2026-02-28,ART-1498,607.78,DEPOT NORD,EN_COURS_INJECTION
2026-01-15,ART-1729,55.27,DEPOT B,EN_COURS_INJECTION
2026-02-28,ART-1572,907.73,DEPOT A,EN_COURS_INJECTION
2026-02-15,ART-1682,742.62,MAGASIN CENTRAL,EN_COURS_INJECTION
2026-04-05,ART-1537,531.55,DEPOT NORD,EN_COURS_INJECTION
2026-03-15,ART-1585,963.17,DEPOT A,EN_COURS_INJECTION
2026-03-31,ART-1325,709.02,DEPOT B,EN_COURS_INJECTION
2026-04-30,ART-1316,1388.43,ATELIER 1,EN_COURS_INJECTION
2026-01-05,ART-1259,652.77,DEPOT A,EN_COURS_INJECTION
2026-04-15,ART-1792,743.7,DEPOT NORD,EN_COURS_INJECTION
2026-02-05,ART-1182,378.16,MAGASIN CENTRAL,EN_COURS_INJECTION
2026-04-15,ART-1350,394.85,DEPOT A,EN_COURS_INJECTION
2026-04-30,ART-1128,1344.8,MAGASIN CENTRAL,EN_COURS_INJECTION
2026-02-28,ART-1265,402.1,ATELIER 1,EN_COURS_INJECTION
2026-02-15,ART-1425,856.58,DEPOT NORD,EN_COURS_INJECTION
2026-04-15,ART-1768,1176.12,DEPOT B,EN_COURS_INJECTION
2026-01-15,ART-1059,963.18,DEPOT A,EN_COURS_INJECTION
2026-01-05,ART-1426,360.15,DEPOT A,EN_COURS_INJECTION
2026-03-31,ART-1505,969.49,DEPOT B,EN_COURS_INJECTION
2026-04-15,ART-1800,1284.94,ATELIER 1,EN_COURS_INJECTION
2026-04-30,ART-1188,1249.11,MAGASIN CENTRAL,EN_COURS_INJECTION
2026-03-15,ART-1077,1124.84,DEPOT NORD,EN_COURS_INJECTION
2026-03-05,ART-1096,77.63,DEPOT B,EN_COURS_INJECTION
2026-02-28,ART-1439,237.4,MAGASIN CENTRAL,EN_COURS_INJECTION
2026-01-31,ART-1148,596.76,DEPOT B,EN_COURS_INJECTION
2026-01-05,ART-1229,895.0,DEPOT A,EN_COURS_INJECTION
2026-01-31,ART-1459,691.53,MAGASIN CENTRAL,EN_COURS_INJECTION
2026-02-05,ART-1461,31.56,DEPOT A,EN_COURS_INJECTION
2026-03-15,ART-1501,1215.41,DEPOT B,EN_COURS_INJECTION
2026-02-15,ART-1275,252.31,ATELIER 1,EN_COURS_INJECTION
2026-02-28,ART-1671,1002.89,DEPOT B,EN_COURS_INJECTION
2026-04-30,ART-1740,873.76,ATELIER 1,EN_COURS_INJECTION
2026-02-05,ART-1287,1071.66,DEPOT B,EN_COURS_INJECTION
2026-04-05,ART-1795,566.8,DEPOT A,EN_COURS_INJECTION
2026-02-05,ART-1477,547.47,DEPOT NORD,EN_COURS_INJECTION
2026-04-15,ART-1746,68.34,DEPOT NORD,EN_COURS_INJECTION
2026-01-15,ART-1797,475.19,DEPOT B,EN_COURS_INJECTION
2026-03-15,ART-1064,939.2,DEPOT A,EN_COURS_INJECTION
2026-03-31,ART-1250,1445.51,DEPOT NORD,EN_COURS_INJECTION
2026-02-28,ART-1521,15.35,ATELIER 1,EN_COURS_INJECTION
2026-04-30,ART-1108,1076.0,ATELIER 1,EN_COURS_INJECTION
2026-04-05,ART-1248,1166.06,ATELIER 1,EN_COURS_INJECTION
2026-02-15,ART-1660,1179.01,DEPOT NORD,EN_COURS_INJECTION
2026-02-28,ART-1568,769.16,DEPOT B,EN_COURS_INJECTION
2026-02-15,ART-1538,1062.52,ATELIER 1,EN_COURS_INJECTION
2026-01-05,ART-1710,896.5,DEPOT A,EN_COURS_INJECTION
2026-04-30,ART-1767,1310.2,ATELIER 1,EN_COURS_INJECTION
2026-03-15,ART-1619,929.92,DEPOT B,EN_COURS_INJECTION
2026-03-15,ART-1786,391.52,DEPOT B,EN_COURS_INJECTION
2026-02-28,ART-1479,658.21,DEPOT A,EN_COURS_INJECTION
2026-04-30,ART-1036,1181.89,ATELIER 1,EN_COURS_INJECTION
2026-01-31,ART-1574,1325.88,DEPOT A,EN_COURS_INJECTION
2026-01-05,ART-1601,395.14,DEPOT A,EN_COURS_INJECTION
2026-02-05,ART-1394,501.52,DEPOT NORD,EN_COURS_INJECTION
2026-02-15,ART-1455,659.85,MAGASIN CENTRAL,EN_COURS_INJECTION
2026-01-15,ART-1706,1280.73,ATELIER 1,EN_COURS_INJECTION
2026-02-15,ART-1507,431.56,DEPOT NORD,EN_COURS_INJECTION
2026-03-05,ART-1697,781.37,DEPOT B,EN_COURS_INJECTION
2026-04-05,ART-1142,1055.39,ATELIER 1,EN_COURS_INJECTION
2026-02-28,ART-1273,1070.87,,EN_COURS_INJECTION
2026-03-05,ART-1134,189.01,MAGASIN CENTRAL,EN_COURS_INJECTION
2026-01-15,ART-1782,1198.45,MAGASIN CENTRAL,EN_COURS_INJECTION
2026-01-15,ART-1031,130.71,DEPOT NORD,EN_COURS_INJECTION
2026-04-30,ART-1272,56.2,DEPOT B,EN_COURS_INJECTION
2026-01-15,ART-1664,522.73,MAGASIN CENTRAL,EN_COURS_INJECTION
2026-04-15,ART-1441,679.85,DEPOT NORD,EN_COURS_INJECTION
2026-02-05,ART-1318,896.17,DEPOT A,EN_COURS_INJECTION
2026-04-30,ART-1005,286.97,DEPOT NORD,EN_COURS_INJECTION
2026-02-15,ART-1015,193.02,ATELIER 1,EN_COURS_INJECTION
2026-02-05,ART-1443,1252.89,DEPOT B,EN_COURS_INJECTION
2026-01-15,ART-1353,708.85,DEPOT B,EN_COURS_INJECTION
2026-04-30,ART-1134,1014.25,DEPOT NORD,EN_COURS_INJECTION
2026-04-05,ART-1281,973.01,DEPOT NORD,EN_COURS_INJECTION
2026-02-28,ART-1214,1257.93,DEPOT NORD,EN_COURS_INJECTION
2026-02-05,ART-1530,532.09,DEPOT B,EN_COURS_INJECTION
2026-04-30,ART-1559,74.38,ATELIER 1,EN_COURS_INJECTION
2026-01-31,ART-1536,942.64,DEPOT NORD,EN_COURS_INJECTION
2026-02-15,ART-1448,676.33,DEPOT NORD,EN_COURS_INJECTION
2026-02-28,ART-1140,1449.18,DEPOT A,EN_COURS_INJECTION
2026-03-31,ART-1692,378.12,DEPOT A,EN_COURS_INJECTION
2026-04-15,ART-1180,1073.12,ATELIER 1,EN_COURS_INJECTION
2026-02-28,ART-1745,281.78,DEPOT A,EN_COURS_INJECTION
2026-04-15,ART-1634,902.5,MAGASIN CENTRAL,EN_COURS_INJECTION
2026-01-31,ART-1550,459.06,DEPOT NORD,EN_COURS_INJECTION
2026-01-31,ART-1663,1399.77,DEPOT NORD,EN_COURS_INJECTION
2026-02-05,ART-1042,1413.75,DEPOT B,EN_COURS_INJECTION
2026-03-31,ART-1182,1337.8,ATELIER 1,EN_COURS_INJECTION
2026-04-15,ART-1642,1067.4,DEPOT A,EN_COURS_INJECTION
2026-04-30,ART-1393,414.73,DEPOT B,EN_COURS_INJECTION
2026-01-15,ART-1743,509.97,ATELIER 1,EN_COURS_INJECTION
2026-04-05,ART-1099,910.61,MAGASIN CENTRAL,EN_COURS_INJECTION
2026-01-15,ART-1665,510.03,MAGASIN CENTRAL,EN_COURS_INJECTION
2026-04-05,ART-1225,1181.56,MAGASIN CENTRAL,EN_COURS_INJECTION
2026-04-15,ART-1745,136.33,MAGASIN CENTRAL,EN_COURS_INJECTION
2026-01-15,ART-1301,1313.21,DEPOT NORD,EN_COURS_INJECTION
2026-03-15,ART-1682,1427.5,DEPOT B,EN_COURS_INJECTION
2026-03-15,ART-1320,435.41,DEPOT B,EN_COURS_INJECTION
2026-04-05,ART-1685,1046.72,DEPOT A,EN_COURS_INJECTION
2026-03-31,ART-1665,986.14,DEPOT A,EN_COURS_INJECTION
2026-04-30,ART-1126,1398.28,ATELIER 1,EN_COURS_INJECTION
2026-03-15,ART-1249,1007.02,DEPOT B,EN_COURS_INJECTION
2026-04-15,ART-1374,1237.75,DEPOT NORD,EN_COURS_INJECTION
2026-02-28,ART-1502,1316.3,ATELIER 1,EN_COURS_INJECTION
2026-01-15,ART-1300,839.15,DEPOT B,EN_COURS_INJECTION
2026-04-30,ART-1238,604.17,ATELIER 1,EN_COURS_INJECTION
2026-01-15,ART-1634,174.78,DEPOT A,EN_COURS_INJECTION
2026-04-15,ART-1792,931.04,MAGASIN CENTRAL,EN_COURS_INJECTION
2026-03-15,ART-1757,698.9,DEPOT NORD,EN_COURS_INJECTION
2026-03-31,ART-1340,1344.08,DEPOT NORD,EN_COURS_INJECTION
2026-04-15,ART-1745,382.46,DEPOT B,EN_COURS_INJECTION
2026-04-05,ART-1541,1122.61,DEPOT A,EN_COURS_INJECTION
2026-03-05,ART-1728,972.16,DEPOT A,EN_COURS_INJECTION
2026-03-05,ART-1239,513.48,DEPOT NORD,EN_COURS_INJECTION
2026-04-15,ART-1313,1223.13,DEPOT NORD,EN_COURS_INJECTION
2026-04-15,ART-1276,558.06,MAGASIN CENTRAL,EN_COURS_INJECTION
2026-03-05,ART-1458,914.4,DEPOT NORD,EN_COURS_INJECTION
2026-04-05,ART-1677,229.95,ATELIER 1,EN_COURS_INJECTION
2026-02-05,ART-1332,827.94,ATELIER 1,EN_COURS_INJECTION
2026-02-05,ART-1082,325.48,ATELIER 1,EN_COURS_INJECTION
2026-02-05,ART-1499,720.9,DEPOT NORD,EN_COURS_INJECTION
2026-03-05,ART-1743,244.05,DEPOT B,EN_COURS_INJECTION
2026-04-30,ART-1011,947.8,DEPOT NORD,EN_COURS_INJECTION
2026-01-31,ART-1523,282.62,DEPOT A,EN_COURS_INJECTION
2026-04-15,ART-1156,772.59,MAGASIN CENTRAL,EN_COURS_INJECTION
2026-03-15,ART-1420,496.83,DEPOT NORD,EN_COURS_INJECTION
2026-01-31,ART-1724,739.76,MAGASIN CENTRAL,EN_COURS_INJECTION
2026-03-31,ART-1582,1297.41,DEPOT NORD,EN_COURS_INJECTION
2026-03-31,ART-1481,1314.65,DEPOT B,EN_COURS_INJECTION
2026-04-05,ART-1565,707.5,DEPOT A,EN_COURS_INJECTION
2026-01-31,ART-1053,561.34,DEPOT A,EN_COURS_INJECTION
2026-01-15,ART-1086,161.47,DEPOT B,EN_COURS_INJECTION
2026-01-05,ART-1512,73.01,ATELIER 1,EN_COURS_INJECTION
2026-01-31,ART-1316,129.61,DEPOT A,EN_COURS_INJECTION
2026-01-05,ART-1266,190.45,DEPOT B,EN_COURS_INJECTION
2026-03-31,ART-1067,236.58,ATELIER 1,EN_COURS_INJECTION
2026-04-15,ART-1561,974.96,DEPOT NORD,EN_COURS_INJECTION
2026-02-15,ART-1753,673.93,DEPOT A,EN_COURS_INJECTION
2026-04-15,ART-1489,823.5,DEPOT A,EN_COURS_INJECTION
2026-03-31,ART-1616,644.59,DEPOT NORD,EN_COURS_INJECTION
2026-02-15,ART-1134,50.34,DEPOT A,EN_COURS_INJECTION
2026-03-31,ART-1063,908.29,ATELIER 1,EN_COURS_INJECTION
2026-01-05,ART-1013,1108.35,ATELIER 1,EN_COURS_INJECTION
2026-02-28,ART-1160,1214.37,DEPOT NORD,EN_COURS_INJECTION
2026-01-05,ART-1639,799.81,MAGASIN CENTRAL,EN_COURS_INJECTION
2026-03-31,ART-1443,46.19,MAGASIN CENTRAL,EN_COURS_INJECTION
2026-04-05,ART-1607,1354.73,MAGASIN CENTRAL,EN_COURS_INJECTION
2026-04-05,ART-1613,311.79,DEPOT NORD,EN_COURS_INJECTION
2026-03-05,ART-1272,908.75,DEPOT B,EN_COURS_INJECTION
2026-02-15,ART-1690,1292.82,MAGASIN CENTRAL,EN_COURS_INJECTION
2026-02-05,ART-1085,381.8,DEPOT NORD,EN_COURS_INJECTION
2026-02-05,ART-1356,1455.74,DEPOT B,EN_COURS_INJECTION
2026-04-05,ART-1536,1280.85,DEPOT NORD,EN_COURS_INJECTION
2026-03-15,ART-1336,117.7,DEPOT NORD,EN_COURS_INJECTION
2026-04-30,ART-1025,254.57,DEPOT NORD,EN_COURS_INJECTION
2026-01-05,ART-1737,1290.96,DEPOT A,EN_COURS_INJECTION
2026-02-05,ART-1284,1203.03,DEPOT A,EN_COURS_INJECTION
2026-01-15,ART-1750,1106.74,ATELIER 1,EN_COURS_INJECTION
2026-01-05,ART-1488,568.39,ATELIER 1,EN_COURS_INJECTION
2026-01-15,ART-1042,525.87,DEPOT A,EN_COURS_INJECTION
2026-03-05,ART-1666,689.82,DEPOT B,EN_COURS_INJECTION
2026-02-15,ART-1650,1430.26,DEPOT B,EN_COURS_INJECTION
2026-03-15,ART-1578,1258.0,DEPOT B,EN_COURS_INJECTION
2026-04-05,ART-1589,1342.39,DEPOT B,EN_COURS_INJECTION
2026-01-15,ART-1504,539.98,DEPOT B,EN_COURS_INJECTION
2026-01-31,ART-1110,641.98,ATELIER 1,EN_COURS_INJECTION
2026-03-15,ART-1643,661.37,ATELIER 1,EN_COURS_INJECTION
2026-03-05,ART-1650,169.73,DEPOT B,EN_COURS_INJECTION
2026-01-15,ART-1196,1016.12,MAGASIN CENTRAL,EN_COURS_INJECTION
2026-03-05,ART-1230,1229.23,DEPOT B,EN_COURS_INJECTION
2026-04-05,ART-1298,607.25,DEPOT A,EN_COURS_INJECTION
2026-03-31,ART-1177,532.1,DEPOT A,EN_COURS_INJECTION
2026-04-30,ART-1225,48.79,DEPOT NORD,EN_COURS_INJECTION
2026-01-05,ART-1502,1306.23,,EN_COURS_INJECTION
2026-01-15,ART-1631,74.74,MAGASIN CENTRAL,EN_COURS_INJECTION
2026-04-05,ART-1503,127.59,DEPOT B,EN_COURS_INJECTION
2026-04-30,ART-1303,0.0,ATELIER 1,EN_COURS_INJECTION
2026-02-28,ART-1390,888.68,DEPOT A,EN_COURS_INJECTION
2026-04-30,ART-1184,1088.31,DEPOT B,EN_COURS_INJECTION
2026-01-05,ART-1056,55.26,DEPOT A,EN_COURS_INJECTION
2026-03-15,ART-1159,1122.81,DEPOT A,EN_COURS_INJECTION
2026-01-15,ART-1048,1030.24,ATELIER 1,EN_COURS_INJECTION
2026-01-05,ART-1290,1274.69,MAGASIN CENTRAL,EN_COURS_INJECTION
2026-01-15,ART-1528,529.51,MAGASIN CENTRAL,EN_COURS_INJECTION
2026-02-28,ART-1266,1063.8,DEPOT B,EN_COURS_INJECTION
2026-01-15,ART-1313,523.97,DEPOT NORD,EN_COURS_INJECTION
2026-02-28,ART-1118,1411.69,ATELIER 1,EN_COURS_INJECTION
2026-04-30,ART-1250,647.84,MAGASIN CENTRAL,EN_COURS_INJECTION
2026-04-30,ART-1793,625.67,DEPOT A,EN_COURS_INJECTION
2026-03-15,ART-1492,926.72,,EN_COURS_INJECTION
2026-02-28,ART-1637,75.59,DEPOT A,EN_COURS_INJECTION
2026-02-28,ART-1138,629.6,MAGASIN CENTRAL,EN_COURS_INJECTION
2026-01-05,ART-1495,,DEPOT B,EN_COURS_INJECTION
2026-02-05,ART-1212,580.41,MAGASIN CENTRAL,EN_COURS_INJECTION
2026-02-28,ART-1041,968.94,DEPOT A,EN_COURS_INJECTION
2026-04-05,ART-1069,1119.62,DEPOT NORD,EN_COURS_INJECTION
2026-02-15,ART-1393,890.07,MAGASIN CENTRAL,EN_COURS_INJECTION
2026-01-15,ART-1598,813.91,DEPOT A,EN_COURS_INJECTION
2026-02-05,ART-1072,401.28,MAGASIN CENTRAL,EN_COURS_INJECTION
2026-04-15,ART-1346,253.2,DEPOT NORD,EN_COURS_INJECTION
2026-03-15,ART-1667,17.89,MAGASIN CENTRAL,EN_COURS_INJECTION
2026-04-15,ART-1035,1027.48,DEPOT B,EN_COURS_INJECTION
2026-03-15,ART-1004,160.49,DEPOT NORD,EN_COURS_INJECTION
2026-03-31,ART-1677,,DEPOT NORD,EN_COURS_INJECTION
2026-01-31,ART-1158,1081.36,DEPOT B,EN_COURS_INJECTION
2026-02-28,ART-1056,481.2,DEPOT A,EN_COURS_INJECTION
2026-02-28,ART-1797,1221.88,DEPOT NORD,EN_COURS_INJECTION
2026-01-15,ART-1032,1314.21,MAGASIN CENTRAL,EN_COURS_INJECTION
2026-01-31,ART-1657,1143.1,MAGASIN CENTRAL,EN_COURS_INJECTION
2026-02-28,ART-1657,366.21,MAGASIN CENTRAL,EN_COURS_INJECTION
2026-02-15,ART-1269,1194.99,DEPOT A,EN_COURS_INJECTION
2026-02-28,ART-1092,497.76,MAGASIN CENTRAL,EN_COURS_INJECTION
2026-02-15,ART-1453,216.52,ATELIER 1,EN_COURS_INJECTION
2026-04-05,ART-1409,1418.79,DEPOT NORD,EN_COURS_INJECTION
2026-04-15,ART-1345,355.1,MAGASIN CENTRAL,EN_COURS_INJECTION
2026-02-05,ART-1027,900.2,MAGASIN CENTRAL,EN_COURS_INJECTION
2026-01-05,ART-1655,1499.79,ATELIER 1,EN_COURS_INJECTION
2026-03-15,ART-1772,182.58,MAGASIN CENTRAL,EN_COURS_INJECTION
2026-01-05,ART-1743,1005.15,DEPOT NORD,EN_COURS_INJECTION
2026-04-30,ART-1483,740.95,MAGASIN CENTRAL,EN_COURS_INJECTION
2026-01-05,ART-1167,1421.12,ATELIER 1,EN_COURS_INJECTION
2026-01-05,ART-1493,1353.44,ATELIER 1,EN_COURS_INJECTION
2026-01-05,ART-1567,200.63,MAGASIN CENTRAL,EN_COURS_INJECTION
2026-04-30,ART-1505,927.26,DEPOT B,EN_COURS_INJECTION
2026-01-31,ART-1271,507.9,ATELIER 1,EN_COURS_INJECTION
2026-03-15,ART-1667,1356.7,ATELIER 1,EN_COURS_INJECTION
2026-04-15,ART-1514,779.37,MAGASIN CENTRAL,EN_COURS_INJECTION
2026-04-15,ART-1113,631.83,DEPOT NORD,EN_COURS_INJECTION
2026-01-05,ART-1493,1359.16,MAGASIN CENTRAL,EN_COURS_INJECTION
2026-01-15,ART-1435,44.83,ATELIER 1,EN_COURS_INJECTION
2026-04-30,ART-1452,518.62,DEPOT NORD,EN_COURS_INJECTION
2026-02-15,ART-1006,402.89,DEPOT NORD,EN_COURS_INJECTION
2026-04-05,ART-1330,1476.89,DEPOT NORD,EN_COURS_INJECTION
2026-03-31,ART-1738,470.8,MAGASIN CENTRAL,EN_COURS_INJECTION
2026-03-31,ART-1262,710.63,DEPOT B,EN_COURS_INJECTION
2026-03-15,ART-1658,566.86,DEPOT NORD,EN_COURS_INJECTION
2026-01-31,ART-1540,329.1,ATELIER 1,EN_COURS_INJECTION
2026-01-05,ART-1790,289.13,MAGASIN CENTRAL,EN_COURS_INJECTION
2026-03-15,ART-1679,790.59,DEPOT B,EN_COURS_INJECTION
2026-04-30,ART-1047,1054.94,MAGASIN CENTRAL,EN_COURS_INJECTION
2026-02-15,ART-1438,1455.28,ATELIER 1,EN_COURS_INJECTION
2026-04-30,ART-1290,89.06,DEPOT A,EN_COURS_INJECTION
2026-04-05,ART-1737,1351.07,DEPOT B,EN_COURS_INJECTION
2026-03-05,ART-1298,784.21,DEPOT B,EN_COURS_INJECTION
2026-01-05,ART-1229,1144.56,ATELIER 1,EN_COURS_INJECTION
2026-02-28,ART-1180,475.06,DEPOT B,EN_COURS_INJECTION
2026-04-05,ART-1643,603.62,DEPOT B,EN_COURS_INJECTION
2026-02-15,ART-1618,1128.42,DEPOT B,EN_COURS_INJECTION
2026-03-05,ART-1699,1244.74,DEPOT B,EN_COURS_INJECTION
2026-01-15,ART-1754,614.02,DEPOT A,EN_COURS_INJECTION
2026-03-15,ART-1344,554.72,DEPOT B,EN_COURS_INJECTION
2026-02-05,ART-1165,154.24,ATELIER 1,EN_COURS_INJECTION
2026-03-31,ART-1324,793.51,DEPOT B,EN_COURS_INJECTION
2026-01-15,ART-1130,848.0,DEPOT NORD,EN_COURS_INJECTION
2026-03-05,ART-1144,982.09,DEPOT A,EN_COURS_INJECTION
2026-02-05,ART-1703,622.31,MAGASIN CENTRAL,EN_COURS_INJECTION
2026-03-05,ART-1716,1089.2,DEPOT B,EN_COURS_INJECTION
2026-03-05,ART-1253,852.96,ATELIER 1,EN_COURS_INJECTION
2026-03-15,ART-1068,661.85,MAGASIN CENTRAL,EN_COURS_INJECTION
2026-01-15,ART-1707,985.96,DEPOT A,EN_COURS_INJECTION
2026-03-15,ART-1537,635.93,ATELIER 1,EN_COURS_INJECTION
2026-04-15,ART-1438,1472.64,MAGASIN CENTRAL,EN_COURS_INJECTION
2026-03-31,ART-1562,558.79,MAGASIN CENTRAL,EN_COURS_INJECTION
2026-03-31,ART-1296,920.66,DEPOT A,EN_COURS_INJECTION
2026-01-15,ART-1701,815.46,DEPOT B,EN_COURS_INJECTION
2026-03-31,ART-1580,894.6,DEPOT B,EN_COURS_INJECTION
2026-02-28,ART-1004,1043.78,DEPOT A,EN_COURS_INJECTION
2026-02-28,ART-1457,970.03,ATELIER 1,EN_COURS_INJECTION
2026-03-31,ART-1474,104.13,ATELIER 1,EN_COURS_INJECTION
2026-01-31,ART-1037,315.1,MAGASIN CENTRAL,EN_COURS_INJECTION
2026-02-05,ART-1190,997.54,DEPOT B,EN_COURS_INJECTION
2026-01-31,ART-1351,159.79,DEPOT A,EN_COURS_INJECTION
2026-04-15,ART-1670,790.2,MAGASIN CENTRAL,EN_COURS_INJECTION
2026-04-30,ART-1081,1265.93,ATELIER 1,EN_COURS_INJECTION
2026-04-30,ART-1240,567.29,MAGASIN CENTRAL,EN_COURS_INJECTION
2026-03-05,ART-1236,581.27,DEPOT B,EN_COURS_INJECTION
2026-04-05,ART-1690,714.05,DEPOT NORD,EN_COURS_INJECTION
2026-03-05,ART-1742,1122.59,MAGASIN CENTRAL,EN_COURS_INJECTION
2026-03-05,ART-1519,168.34,ATELIER 1,EN_COURS_INJECTION
2026-03-05,ART-1566,1319.43,ATELIER 1,EN_COURS_INJECTION
2026-04-05,ART-1031,904.74,ATELIER 1,EN_COURS_INJECTION
2026-03-31,ART-1711,517.84,DEPOT B,EN_COURS_INJECTION
2026-03-31,ART-1316,862.64,DEPOT NORD,EN_COURS_INJECTION
2026-01-05,ART-1167,1072.9,DEPOT B,EN_COURS_INJECTION
2026-01-05,ART-1645,282.78,DEPOT B,EN_COURS_INJECTION
2026-02-28,ART-1523,1456.12,DEPOT NORD,EN_COURS_INJECTION
2026-02-15,ART-1698,288.77,DEPOT NORD,EN_COURS_INJECTION
2026-04-05,ART-1564,1338.83,ATELIER 1,EN_COURS_INJECTION
2026-01-15,ART-1534,563.85,DEPOT A,EN_COURS_INJECTION
2026-01-31,ART-1583,1053.22,DEPOT NORD,EN_COURS_INJECTION
2026-03-05,ART-1275,73.78,DEPOT A,EN_COURS_INJECTION
2026-02-28,ART-1645,732.64,ATELIER 1,EN_COURS_INJECTION
2026-04-30,ART-1491,1110.74,DEPOT A,EN_COURS_INJECTION
2026-02-28,ART-1748,1177.07,MAGASIN CENTRAL,EN_COURS_INJECTION
2026-02-15,ART-1070,294.6,ATELIER 1,EN_COURS_INJECTION
2026-01-05,ART-1383,328.7,ATELIER 1,EN_COURS_INJECTION
2026-02-28,ART-1668,174.68,ATELIER 1,EN_COURS_INJECTION
2026-02-15,ART-1588,464.64,,EN_COURS_INJECTION
2026-03-15,ART-1483,426.78,MAGASIN CENTRAL,EN_COURS_INJECTION
2026-03-15,ART-1800,1370.29,ATELIER 1,EN_COURS_INJECTION
2026-01-05,ART-1057,984.16,ATELIER 1,EN_COURS_INJECTION
2026-02-28,ART-1662,234.39,ATELIER 1,EN_COURS_INJECTION
2026-02-28,ART-1245,872.28,DEPOT NORD,EN_COURS_INJECTION
2026-04-15,ART-1691,885.21,DEPOT B,EN_COURS_INJECTION
2026-02-05,ART-1718,119.61,DEPOT A,EN_COURS_INJECTION
2026-01-31,ART-1332,163.42,DEPOT NORD,EN_COURS_INJECTION
2026-03-05,ART-1051,10.81,DEPOT A,EN_COURS_INJECTION
2026-04-30,ART-1162,304.05,ATELIER 1,EN_COURS_INJECTION
2026-02-28,ART-1490,1160.34,DEPOT NORD,EN_COURS_INJECTION
2026-03-05,ART-1367,1098.32,DEPOT B,EN_COURS_INJECTION
2026-03-31,ART-1622,766.04,ATELIER 1,EN_COURS_INJECTION
2026-02-05,ART-1387,748.96,MAGASIN CENTRAL,EN_COURS_INJECTION
2026-01-15,ART-1011,82.18,DEPOT NORD,EN_COURS_INJECTION
2026-04-30,ART-1651,555.43,MAGASIN CENTRAL,EN_COURS_INJECTION
2026-03-15,ART-1432,1206.84,DEPOT B,EN_COURS_INJECTION
2026-01-31,ART-1586,1358.91,MAGASIN CENTRAL,EN_COURS_INJECTION
2026-01-05,ART-1472,1004.1,ATELIER 1,EN_COURS_INJECTION
2026-04-05,ART-1761,1213.94,DEPOT NORD,EN_COURS_INJECTION
2026-02-15,ART-1033,841.35,ATELIER 1,EN_COURS_INJECTION
2026-04-30,ART-1325,315.25,DEPOT B,EN_COURS_INJECTION
2026-01-05,ART-1409,1342.36,DEPOT A,EN_COURS_INJECTION
2026-02-28,ART-1788,919.59,DEPOT NORD,EN_COURS_INJECTION
2026-01-31,ART-1648,771.08,MAGASIN CENTRAL,EN_COURS_INJECTION
2026-01-05,ART-1376,12.78,ATELIER 1,EN_COURS_INJECTION
2026-03-05,ART-1475,1254.6,DEPOT NORD,EN_COURS_INJECTION
2026-02-05,ART-1282,1236.05,DEPOT B,EN_COURS_INJECTION
2026-03-15,ART-1003,1313.57,DEPOT A,EN_COURS_INJECTION
2026-04-05,ART-1654,976.36,DEPOT B,EN_COURS_INJECTION
2026-04-05,ART-1162,995.57,DEPOT NORD,EN_COURS_INJECTION
2026-03-31,ART-1726,379.2,MAGASIN CENTRAL,EN_COURS_INJECTION
2026-04-15,ART-1464,797.03,DEPOT A,EN_COURS_INJECTION
2026-02-05,ART-1785,776.14,MAGASIN CENTRAL,EN_COURS_INJECTION
2026-02-15,ART-1313,203.76,DEPOT NORD,EN_COURS_INJECTION
2026-02-05,ART-1531,1317.56,DEPOT NORD,EN_COURS_INJECTION
2026-03-15,ART-1568,59.45,MAGASIN CENTRAL,EN_COURS_INJECTION
2026-04-15,ART-1446,117.19,ATELIER 1,EN_COURS_INJECTION
2026-03-05,ART-1746,1401.59,DEPOT A,EN_COURS_INJECTION
2026-04-05,ART-1681,927.33,MAGASIN CENTRAL,EN_COURS_INJECTION
2026-01-31,ART-1541,180.23,ATELIER 1,EN_COURS_INJECTION
2026-04-30,ART-1228,354.88,MAGASIN CENTRAL,EN_COURS_INJECTION
2026-02-05,ART-1030,1040.66,DEPOT B,EN_COURS_INJECTION
2026-02-05,ART-1075,1109.76,DEPOT A,EN_COURS_INJECTION
2026-02-15,ART-1564,210.9,DEPOT A,EN_COURS_INJECTION
2026-01-15,ART-1273,286.9,ATELIER 1,EN_COURS_INJECTION
2026-03-31,ART-1143,1372.82,DEPOT NORD,EN_COURS_INJECTION
2026-04-30,ART-1108,1096.87,ATELIER 1,EN_COURS_INJECTION
2026-01-15,ART-1331,1485.54,DEPOT NORD,EN_COURS_INJECTION
2026-03-31,ART-1446,1005.49,DEPOT A,EN_COURS_INJECTION
2026-02-28,ART-1627,636.47,DEPOT A,EN_COURS_INJECTION
2026-02-05,ART-1293,15.76,DEPOT NORD,EN_COURS_INJECTION
2026-02-05,ART-1024,1496.72,ATELIER 1,EN_COURS_INJECTION
2026-02-15,ART-1255,1308.53,ATELIER 1,EN_COURS_INJECTION
2026-01-15,ART-1047,627.3,ATELIER 1,EN_COURS_INJECTION
2026-01-05,ART-1043,473.97,DEPOT B,EN_COURS_INJECTION
2026-04-30,ART-1222,245.17,ATELIER 1,EN_COURS_INJECTION
2026-01-05,ART-1719,1110.18,DEPOT NORD,EN_COURS_INJECTION
2026-04-30,ART-1458,1310.23,ATELIER 1,EN_COURS_INJECTION
2026-01-05,ART-1125,1471.11,DEPOT NORD,EN_COURS_INJECTION
2026-03-05,ART-1443,1476.49,DEPOT NORD,EN_COURS_INJECTION
2026-02-15,ART-1461,754.76,ATELIER 1,EN_COURS_INJECTION
2026-04-05,ART-1439,409.32,DEPOT A,EN_COURS_INJECTION
2026-01-05,ART-1648,374.88,MAGASIN CENTRAL,EN_COURS_INJECTION
2026-02-28,ART-1698,201.2,DEPOT NORD,EN_COURS_INJECTION
2026-01-15,ART-1116,855.28,MAGASIN CENTRAL,EN_COURS_INJECTION
2026-01-15,ART-1713,1295.73,ATELIER 1,EN_COURS_INJECTION
2026-01-31,ART-1408,1399.29,DEPOT B,EN_COURS_INJECTION
2026-04-15,ART-1394,303.54,MAGASIN CENTRAL,EN_COURS_INJECTION
2026-02-15,ART-1709,1240.25,DEPOT B,EN_COURS_INJECTION
2026-01-15,ART-1310,608.2,DEPOT NORD,EN_COURS_INJECTION
2026-03-15,ART-1062,1373.31,DEPOT NORD,EN_COURS_INJECTION
2026-01-05,ART-1059,1134.28,MAGASIN CENTRAL,EN_COURS_INJECTION
2026-01-05,ART-1046,1318.11,MAGASIN CENTRAL,EN_COURS_INJECTION
2026-03-05,ART-1203,526.09,DEPOT A,EN_COURS_INJECTION
2026-03-15,ART-1535,818.11,DEPOT NORD,EN_COURS_INJECTION
2026-01-05,ART-1203,597.08,DEPOT NORD,EN_COURS_INJECTION
2026-03-05,ART-1002,1006.13,ATELIER 1,EN_COURS_INJECTION
2026-03-05,ART-1167,820.08,DEPOT A,EN_COURS_INJECTION
2026-01-31,ART-1731,926.62,MAGASIN CENTRAL,EN_COURS_INJECTION
2026-01-15,ART-1378,341.1,ATELIER 1,EN_COURS_INJECTION
2026-01-15,ART-1258,897.59,DEPOT B,EN_COURS_INJECTION
2026-02-28,ART-1125,113.21,DEPOT A,EN_COURS_INJECTION
2026-02-28,ART-1698,240.86,ATELIER 1,EN_COURS_INJECTION
2026-03-31,ART-1160,164.46,DEPOT A,EN_COURS_INJECTION
2026-03-05,ART-1414,1233.68,DEPOT A,EN_COURS_INJECTION
2026-04-05,ART-1425,129.11,MAGASIN CENTRAL,EN_COURS_INJECTION
2026-04-05,ART-1794,436.66,DEPOT NORD,EN_COURS_INJECTION
2026-02-15,ART-1551,330.58,DEPOT A,EN_COURS_INJECTION
2026-02-05,ART-1724,952.82,ATELIER 1,EN_COURS_INJECTION
2026-03-15,ART-1115,25.62,DEPOT A,EN_COURS_INJECTION
2026-03-31,ART-1184,1051.18,MAGASIN CENTRAL,EN_COURS_INJECTION
2026-02-15,ART-1279,846.75,ATELIER 1,EN_COURS_INJECTION
2026-03-15,ART-1491,1395.75,ATELIER 1,EN_COURS_INJECTION
2026-01-31,ART-1774,662.4,DEPOT B,EN_COURS_INJECTION
2026-03-15,ART-1581,412.27,DEPOT NORD,EN_COURS_INJECTION
2026-04-05,ART-1075,107.76,ATELIER 1,EN_COURS_INJECTION
2026-04-30,ART-1332,1239.97,DEPOT B,EN_COURS_INJECTION
2026-03-31,ART-1500,1026.36,DEPOT NORD,EN_COURS_INJECTION
2026-02-28,ART-1200,876.47,DEPOT A,EN_COURS_INJECTION
2026-03-15,ART-1193,1223.68,MAGASIN CENTRAL,EN_COURS_INJECTION
2026-04-05,ART-1145,590.0,MAGASIN CENTRAL,EN_COURS_INJECTION
2026-01-05,ART-1094,760.67,MAGASIN CENTRAL,EN_COURS_INJECTION
2026-04-15,ART-1484,98.75,DEPOT A,EN_COURS_INJECTION
2026-03-15,ART-1220,1424.08,DEPOT A,EN_COURS_INJECTION
2026-02-15,ART-1081,167.62,DEPOT B,EN_COURS_INJECTION
2026-03-05,ART-1149,1460.57,MAGASIN CENTRAL,EN_COURS_INJECTION
2026-02-15,ART-1660,94.6,DEPOT A,EN_COURS_INJECTION
2026-01-05,ART-1427,353.17,MAGASIN CENTRAL,EN_COURS_INJECTION
2026-02-28,ART-1695,809.7,DEPOT A,EN_COURS_INJECTION
2026-03-31,ART-1530,1292.45,DEPOT NORD,EN_COURS_INJECTION
2026-04-15,ART-1437,1130.92,DEPOT B,EN_COURS_INJECTION
2026-04-30,ART-1654,1114.23,DEPOT NORD,EN_COURS_INJECTION
2026-01-05,ART-1605,1309.73,DEPOT A,EN_COURS_INJECTION
2026-03-05,ART-1179,865.3,ATELIER 1,EN_COURS_INJECTION
2026-02-05,ART-1627,898.6,DEPOT B,EN_COURS_INJECTION
2026-02-05,ART-1676,380.09,ATELIER 1,EN_COURS_INJECTION
2026-02-15,ART-1425,1332.03,ATELIER 1,EN_COURS_INJECTION
2026-02-15,ART-1123,850.44,MAGASIN CENTRAL,EN_COURS_INJECTION
2026-04-30,ART-1017,753.08,DEPOT B,EN_COURS_INJECTION
2026-02-15,ART-1408,109.51,DEPOT B,EN_COURS_INJECTION
2026-01-15,ART-1083,845.82,DEPOT A,EN_COURS_INJECTION
2026-02-05,ART-1195,882.91,ATELIER 1,EN_COURS_INJECTION
2026-04-30,ART-1477,874.78,ATELIER 1,EN_COURS_INJECTION
2026-01-31,ART-1336,32.69,DEPOT NORD,EN_COURS_INJECTION
2026-01-31,ART-1571,881.31,ATELIER 1,EN_COURS_INJECTION
2026-02-15,ART-1538,540.87,DEPOT NORD,EN_COURS_INJECTION
2026-03-31,ART-1242,822.09,ATELIER 1,EN_COURS_INJECTION
2026-01-05,ART-1645,741.67,DEPOT A,EN_COURS_INJECTION
2026-02-05,ART-1788,454.03,DEPOT B,EN_COURS_INJECTION
2026-04-15,ART-1304,31.45,DEPOT B,EN_COURS_INJECTION
2026-02-05,ART-1418,1379.51,MAGASIN CENTRAL,EN_COURS_INJECTION
2026-02-05,ART-1756,833.76,DEPOT NORD,EN_COURS_INJECTION
2026-02-28,ART-1598,915.83,MAGASIN CENTRAL,EN_COURS_INJECTION
2026-02-15,ART-1400,1157.31,DEPOT A,EN_COURS_INJECTION
2026-02-28,ART-1027,144.12,DEPOT A,EN_COURS_INJECTION
2026-01-05,ART-1774,694.35,DEPOT NORD,EN_COURS_INJECTION
2026-04-15,ART-1240,92.32,ATELIER 1,EN_COURS_INJECTION
2026-04-30,ART-1447,931.58,DEPOT B,EN_COURS_INJECTION
2026-03-31,ART-1118,1376.21,DEPOT B,EN_COURS_INJECTION
2026-03-15,ART-1052,887.13,DEPOT NORD,EN_COURS_INJECTION
2026-04-15,ART-1364,434.48,ATELIER 1,EN_COURS_INJECTION
2026-03-15,ART-1433,796.67,DEPOT B,EN_COURS_INJECTION
2026-04-15,ART-1534,1398.59,MAGASIN CENTRAL,EN_COURS_INJECTION
2026-01-15,ART-1296,1453.54,ATELIER 1,EN_COURS_INJECTION
2026-01-31,ART-1338,925.96,DEPOT A,EN_COURS_INJECTION
2026-01-15,ART-1702,922.01,MAGASIN CENTRAL,EN_COURS_INJECTION
2026-02-05,ART-1654,517.53,MAGASIN CENTRAL,EN_COURS_INJECTION
2026-01-05,ART-1537,561.02,ATELIER 1,EN_COURS_INJECTION
2026-04-30,ART-1464,1113.09,DEPOT NORD,EN_COURS_INJECTION
2026-01-05,ART-1665,746.53,DEPOT A,EN_COURS_INJECTION
2026-03-31,ART-1359,602.71,DEPOT NORD,EN_COURS_INJECTION
2026-02-15,ART-1680,1384.76,DEPOT A,EN_COURS_INJECTION
2026-03-15,ART-1628,1131.02,MAGASIN CENTRAL,EN_COURS_INJECTION
2026-02-15,ART-1276,846.3,DEPOT B,EN_COURS_INJECTION
2026-04-15,ART-1338,1295.14,DEPOT B,EN_COURS_INJECTION
2026-01-15,ART-1364,688.52,ATELIER 1,EN_COURS_INJECTION
2026-04-05,ART-1302,584.15,ATELIER 1,EN_COURS_INJECTION
2026-03-31,ART-1210,1306.12,DEPOT B,EN_COURS_INJECTION
2026-03-05,ART-1125,761.52,MAGASIN CENTRAL,EN_COURS_INJECTION
2026-04-05,ART-1728,32.0,DEPOT A,EN_COURS_INJECTION
2026-02-28,ART-1775,1439.0,DEPOT B,EN_COURS_INJECTION
2026-02-05,ART-1017,313.09,DEPOT A,EN_COURS_INJECTION
2026-03-05,ART-1556,1172.68,DEPOT B,EN_COURS_INJECTION
2026-02-28,ART-1110,717.17,MAGASIN CENTRAL,EN_COURS_INJECTION
2026-01-15,ART-1007,1055.62,DEPOT NORD,EN_COURS_INJECTION
2026-04-30,ART-1658,1183.62,DEPOT A,EN_COURS_INJECTION
2026-01-31,ART-1449,590.87,ATELIER 1,EN_COURS_INJECTION
2026-01-15,ART-1238,577.39,DEPOT A,EN_COURS_INJECTION
2026-04-30,ART-1010,1166.52,ATELIER 1,EN_COURS_INJECTION
2026-01-15,ART-1649,940.95,DEPOT A,EN_COURS_INJECTION
2026-03-15,ART-1014,670.42,ATELIER 1,EN_COURS_INJECTION
2026-02-05,ART-1293,1456.56,DEPOT A,EN_COURS_INJECTION
2026-04-15,ART-1060,766.34,MAGASIN CENTRAL,EN_COURS_INJECTION
2026-04-30,ART-1095,973.71,DEPOT A,EN_COURS_INJECTION
2026-03-15,ART-1240,366.37,MAGASIN CENTRAL,EN_COURS_INJECTION
2026-04-30,ART-1038,1356.72,DEPOT NORD,EN_COURS_INJECTION
2026-02-15,ART-1490,1257.86,DEPOT A,EN_COURS_INJECTION
2026-03-05,ART-1534,0.0,DEPOT NORD,EN_COURS_INJECTION
2026-03-15,ART-1337,503.04,DEPOT NORD,EN_COURS_INJECTION
2026-02-28,ART-1216,709.44,ATELIER 1,EN_COURS_INJECTION
2026-02-28,ART-1733,300.36,DEPOT B,EN_COURS_INJECTION
2026-01-31,ART-1500,934.07,MAGASIN CENTRAL,EN_COURS_INJECTION
2026-03-15,ART-1170,1058.07,DEPOT NORD,EN_COURS_INJECTION
2026-01-15,ART-1684,910.41,MAGASIN CENTRAL,EN_COURS_INJECTION
2026-01-15,ART-1197,1032.31,DEPOT NORD,EN_COURS_INJECTION
2026-04-30,ART-1443,98.09,DEPOT A,EN_COURS_INJECTION
2026-04-05,ART-1326,1206.18,MAGASIN CENTRAL,EN_COURS_INJECTION
2026-02-15,ART-1086,1231.41,DEPOT B,EN_COURS_INJECTION
2026-02-15,ART-1382,1344.49,DEPOT B,EN_COURS_INJECTION
2026-02-15,ART-1787,544.92,DEPOT A,EN_COURS_INJECTION
2026-01-15,ART-1125,1201.69,MAGASIN CENTRAL,EN_COURS_INJECTION
2026-02-05,ART-1388,899.87,ATELIER 1,EN_COURS_INJECTION
2026-03-31,ART-1603,794.48,DEPOT B,EN_COURS_INJECTION
2026-01-15,ART-1326,678.79,DEPOT NORD,EN_COURS_INJECTION
2026-02-05,ART-1594,1484.53,ATELIER 1,EN_COURS_INJECTION
2026-04-05,ART-1245,73.24,DEPOT B,EN_COURS_INJECTION
2026-02-05,ART-1018,69.73,DEPOT B,EN_COURS_INJECTION
2026-01-05,ART-1417,1129.79,ATELIER 1,EN_COURS_INJECTION
2026-03-15,ART-1361,868.79,ATELIER 1,EN_COURS_INJECTION
2026-01-31,ART-1774,1164.01,ATELIER 1,EN_COURS_INJECTION
2026-01-05,ART-1100,859.66,MAGASIN CENTRAL,EN_COURS_INJECTION
2026-01-31,ART-1398,565.6,MAGASIN CENTRAL,EN_COURS_INJECTION
2026-03-15,ART-1465,833.71,DEPOT NORD,EN_COURS_INJECTION
2026-02-28,ART-1029,1448.56,MAGASIN CENTRAL,EN_COURS_INJECTION
2026-03-15,ART-1271,880.17,DEPOT NORD,EN_COURS_INJECTION
2026-04-30,ART-1769,1156.44,DEPOT A,EN_COURS_INJECTION
2026-02-05,ART-1357,199.09,ATELIER 1,EN_COURS_INJECTION
2026-03-05,ART-1425,1046.8,DEPOT A,EN_COURS_INJECTION
2026-03-15,ART-1342,524.46,ATELIER 1,EN_COURS_INJECTION
2026-04-05,ART-1768,491.47,DEPOT NORD,EN_COURS_INJECTION
2026-04-15,ART-1444,804.77,,EN_COURS_INJECTION
2026-02-28,ART-1704,1495.6,ATELIER 1,EN_COURS_INJECTION
2026-01-15,ART-1507,891.04,MAGASIN CENTRAL,EN_COURS_INJECTION
2026-02-05,ART-1044,780.46,DEPOT A,EN_COURS_INJECTION
2026-04-05,ART-1080,615.23,MAGASIN CENTRAL,EN_COURS_INJECTION
2026-04-30,ART-1056,824.41,DEPOT B,EN_COURS_INJECTION
2026-03-15,ART-1682,1231.28,MAGASIN CENTRAL,EN_COURS_INJECTION
2026-04-05,ART-1749,764.97,ATELIER 1,EN_COURS_INJECTION
2026-01-15,ART-1166,1347.27,DEPOT NORD,EN_COURS_INJECTION
2026-02-05,ART-1596,754.99,ATELIER 1,EN_COURS_INJECTION
2026-01-15,ART-1386,137.59,ATELIER 1,EN_COURS_INJECTION
2026-04-05,ART-1091,236.57,ATELIER 1,EN_COURS_INJECTION
2026-03-15,ART-1340,1495.11,MAGASIN CENTRAL,EN_COURS_INJECTION
2026-03-05,ART-1642,1189.4,DEPOT A,EN_COURS_INJECTION
2026-03-15,ART-1751,829.41,MAGASIN CENTRAL,EN_COURS_INJECTION
2026-01-05,ART-1754,115.21,DEPOT A,EN_COURS_INJECTION
2026-01-15,ART-1323,1481.94,DEPOT NORD,EN_COURS_INJECTION
2026-01-15,ART-1040,286.97,ATELIER 1,EN_COURS_INJECTION
2026-01-15,ART-1617,436.39,DEPOT A,EN_COURS_INJECTION
2026-01-31,ART-1681,707.05,MAGASIN CENTRAL,EN_COURS_INJECTION
2026-03-15,ART-1049,359.96,DEPOT A,EN_COURS_INJECTION
2026-04-15,ART-1127,1090.09,MAGASIN CENTRAL,EN_COURS_INJECTION
2026-01-05,ART-1686,744.93,MAGASIN CENTRAL,EN_COURS_INJECTION
2026-03-31,ART-1251,469.81,MAGASIN CENTRAL,EN_COURS_INJECTION
2026-02-28,ART-1587,981.65,DEPOT A,EN_COURS_INJECTION
2026-02-28,ART-1087,142.69,DEPOT B,EN_COURS_INJECTION
2026-01-15,ART-1596,958.98,MAGASIN CENTRAL,EN_COURS_INJECTION
2026-02-15,ART-1754,562.62,DEPOT A,EN_COURS_INJECTION
2026-02-28,ART-1530,665.36,DEPOT B,EN_COURS_INJECTION
2026-04-05,ART-1341,819.18,DEPOT NORD,EN_COURS_INJECTION
2026-04-30,ART-1200,739.86,DEPOT A,EN_COURS_INJECTION
2026-04-15,ART-1387,705.65,DEPOT B,EN_COURS_INJECTION
2026-02-05,ART-1555,917.68,ATELIER 1,EN_COURS_INJECTION
2026-02-05,ART-1067,929.64,MAGASIN CENTRAL,EN_COURS_INJECTION
2026-03-31,ART-1016,57.13,DEPOT B,EN_COURS_INJECTION
2026-02-28,ART-1215,22.33,DEPOT NORD,EN_COURS_INJECTION
2026-01-31,ART-1006,1214.86,DEPOT NORD,EN_COURS_INJECTION
2026-04-30,ART-1060,888.24,DEPOT B,EN_COURS_INJECTION
2026-04-30,ART-1598,1397.69,DEPOT B,EN_COURS_INJECTION
2026-02-28,ART-1421,606.31,MAGASIN CENTRAL,EN_COURS_INJECTION
2026-01-31,ART-1055,821.7,DEPOT A,EN_COURS_INJECTION
2026-04-05,ART-1288,1339.44,DEPOT A,EN_COURS_INJECTION
2026-02-05,ART-1728,1329.54,DEPOT NORD,EN_COURS_INJECTION
2026-03-15,ART-1396,73.33,MAGASIN CENTRAL,EN_COURS_INJECTION
2026-04-05,ART-1315,914.59,ATELIER 1,EN_COURS_INJECTION
2026-04-05,ART-1043,1286.42,ATELIER 1,EN_COURS_INJECTION
2026-03-31,ART-1262,627.13,MAGASIN CENTRAL,EN_COURS_INJECTION
2026-02-05,ART-1162,870.79,ATELIER 1,EN_COURS_INJECTION
2026-02-15,ART-1216,490.86,DEPOT A,EN_COURS_INJECTION
2026-01-05,ART-1524,59.28,MAGASIN CENTRAL,EN_COURS_INJECTION
2026-03-15,ART-1153,234.91,DEPOT B,EN_COURS_INJECTION
2026-04-30,ART-1024,1478.43,MAGASIN CENTRAL,EN_COURS_INJECTION
2026-03-15,ART-1709,1059.51,ATELIER 1,EN_COURS_INJECTION
2026-04-30,ART-1268,1202.17,DEPOT A,EN_COURS_INJECTION
2026-03-15,ART-1668,1435.81,DEPOT A,EN_COURS_INJECTION
2026-02-05,ART-1102,331.1,MAGASIN CENTRAL,EN_COURS_INJECTION
2026-04-15,ART-1158,397.58,DEPOT NORD,EN_COURS_INJECTION
2026-03-31,ART-1671,475.78,DEPOT A,EN_COURS_INJECTION
2026-02-28,ART-1695,1431.9,DEPOT NORD,EN_COURS_INJECTION
2026-04-30,ART-1613,1020.49,DEPOT NORD,EN_COURS_INJECTION
2026-03-05,ART-1654,508.66,DEPOT A,EN_COURS_INJECTION
2026-02-28,ART-1664,640.94,DEPOT B,EN_COURS_INJECTION
2026-04-30,ART-1209,18.74,MAGASIN CENTRAL,EN_COURS_INJECTION
2026-01-15,ART-1766,603.61,ATELIER 1,EN_COURS_INJECTION
2026-04-05,ART-1545,126.51,DEPOT A,EN_COURS_INJECTION
2026-02-05,ART-1653,1343.4,MAGASIN CENTRAL,EN_COURS_INJECTION
2026-04-05,ART-1255,104.07,MAGASIN CENTRAL,EN_COURS_INJECTION
2026-02-15,ART-1461,820.21,DEPOT B,EN_COURS_INJECTION
2026-01-31,ART-1287,1063.01,DEPOT A,EN_COURS_INJECTION
2026-02-15,ART-1231,1327.83,MAGASIN CENTRAL,EN_COURS_INJECTION
2026-02-28,ART-1406,398.57,ATELIER 1,EN_COURS_INJECTION
2026-04-30,ART-1114,525.04,DEPOT B,EN_COURS_INJECTION
2026-01-05,ART-1028,238.28,DEPOT B,EN_COURS_INJECTION
2026-02-05,ART-1576,444.52,DEPOT B,EN_COURS_INJECTION
2026-02-05,ART-1431,404.3,DEPOT NORD,EN_COURS_INJECTION
2026-03-15,ART-1040,535.74,,EN_COURS_INJECTION
2026-01-15,ART-1248,1381.84,MAGASIN CENTRAL,EN_COURS_INJECTION
2026-04-05,ART-1452,475.14,ATELIER 1,EN_COURS_INJECTION
2026-03-31,ART-1484,1247.6,DEPOT NORD,EN_COURS_INJECTION
2026-03-05,ART-1467,1080.77,DEPOT A,EN_COURS_INJECTION
2026-03-05,ART-1382,921.77,DEPOT NORD,EN_COURS_INJECTION
2026-03-31,ART-1073,1076.96,DEPOT A,EN_COURS_INJECTION
2026-01-31,ART-1269,798.01,ATELIER 1,EN_COURS_INJECTION
2026-04-05,ART-1187,1027.74,DEPOT B,EN_COURS_INJECTION
2026-03-15,ART-1648,249.97,DEPOT A,EN_COURS_INJECTION
2026-02-15,ART-1467,1420.53,DEPOT B,EN_COURS_INJECTION
2026-04-15,ART-1103,584.04,DEPOT NORD,EN_COURS_INJECTION
2026-01-31,ART-1381,995.47,MAGASIN CENTRAL,EN_COURS_INJECTION
2026-02-15,ART-1091,695.12,MAGASIN CENTRAL,EN_COURS_INJECTION
2026-01-05,ART-1544,1460.55,ATELIER 1,EN_COURS_INJECTION
2026-02-28,ART-1249,64.65,ATELIER 1,EN_COURS_INJECTION
2026-04-05,ART-1433,876.51,DEPOT A,EN_COURS_INJECTION
2026-04-30,ART-1245,726.16,ATELIER 1,EN_COURS_INJECTION
2026-02-15,ART-1382,269.38,DEPOT NORD,EN_COURS_INJECTION
2026-01-15,ART-1459,1285.6,DEPOT A,EN_COURS_INJECTION
2026-03-05,ART-1104,308.62,DEPOT B,EN_COURS_INJECTION
2026-03-15,ART-1681,1479.93,DEPOT B,EN_COURS_INJECTION
2026-03-15,ART-1133,360.86,ATELIER 1,EN_COURS_INJECTION
2026-03-31,ART-1385,1389.59,MAGASIN CENTRAL,EN_COURS_INJECTION
2026-01-31,ART-1145,504.64,DEPOT A,EN_COURS_INJECTION
2026-01-31,ART-1667,971.43,DEPOT B,EN_COURS_INJECTION
2026-02-28,ART-1730,69.56,MAGASIN CENTRAL,EN_COURS_INJECTION
2026-04-30,ART-1479,588.65,ATELIER 1,EN_COURS_INJECTION
2026-03-31,ART-1758,321.75,ATELIER 1,EN_COURS_INJECTION
2026-03-31,ART-1308,786.4,DEPOT B,EN_COURS_INJECTION
2026-04-15,ART-1352,168.5,DEPOT B,EN_COURS_INJECTION
2026-03-05,ART-1010,507.96,ATELIER 1,EN_COURS_INJECTION
2026-04-15,ART-1605,453.84,DEPOT NORD,EN_COURS_INJECTION
2026-01-15,ART-1641,1055.42,ATELIER 1,EN_COURS_INJECTION
2026-02-05,ART-1522,275.41,ATELIER 1,EN_COURS_INJECTION
2026-02-15,ART-1508,1379.98,DEPOT NORD,EN_COURS_INJECTION
2026-04-30,ART-1131,445.87,DEPOT A,EN_COURS_INJECTION
2026-04-15,ART-1209,1349.18,DEPOT NORD,EN_COURS_INJECTION
2026-02-28,ART-1185,675.81,ATELIER 1,EN_COURS_INJECTION
2026-04-30,ART-1730,1460.69,MAGASIN CENTRAL,EN_COURS_INJECTION
2026-03-05,ART-1717,621.57,MAGASIN CENTRAL,EN_COURS_INJECTION
2026-02-28,ART-1459,426.5,ATELIER 1,EN_COURS_INJECTION
2026-02-28,ART-1601,45.9,DEPOT B,EN_COURS_INJECTION
2026-04-05,ART-1480,274.92,DEPOT A,EN_COURS_INJECTION
2026-03-05,ART-1197,1162.91,DEPOT B,EN_COURS_INJECTION
2026-03-15,ART-1404,78.74,ATELIER 1,EN_COURS_INJECTION
2026-04-30,ART-1502,196.4,DEPOT NORD,EN_COURS_INJECTION
2026-02-05,ART-1494,271.28,DEPOT NORD,EN_COURS_INJECTION
2026-02-05,ART-1554,536.02,DEPOT A,EN_COURS_INJECTION
2026-02-28,ART-1451,1399.53,MAGASIN CENTRAL,EN_COURS_INJECTION
2026-02-28,ART-1156,299.3,DEPOT A,EN_COURS_INJECTION
2026-04-30,ART-1232,804.81,DEPOT B,EN_COURS_INJECTION
2026-02-15,ART-1345,94.35,DEPOT A,EN_COURS_INJECTION
2026-03-15,ART-1231,997.83,ATELIER 1,EN_COURS_INJECTION
2026-04-30,ART-1736,269.22,DEPOT B,EN_COURS_INJECTION
2026-04-15,ART-1442,412.12,DEPOT NORD,EN_COURS_INJECTION
2026-01-31,ART-1529,582.59,DEPOT A,EN_COURS_INJECTION
2026-02-28,ART-1173,384.43,MAGASIN CENTRAL,EN_COURS_INJECTION
2026-02-05,ART-1203,263.71,ATELIER 1,EN_COURS_INJECTION
2026-01-15,ART-1225,1133.52,DEPOT B,EN_COURS_INJECTION
2026-03-05,ART-1571,627.04,DEPOT NORD,EN_COURS_INJECTION
2026-04-05,ART-1458,271.96,DEPOT B,EN_COURS_INJECTION
2026-01-15,ART-1513,1301.91,ATELIER 1,EN_COURS_INJECTION
2026-03-05,ART-1181,1478.67,MAGASIN CENTRAL,EN_COURS_INJECTION
2026-01-05,ART-1315,467.3,ATELIER 1,EN_COURS_INJECTION
2026-01-31,ART-1178,237.27,MAGASIN CENTRAL,EN_COURS_INJECTION
2026-03-05,ART-1001,327.45,DEPOT B,EN_COURS_INJECTION
2026-03-15,ART-1161,1108.29,ATELIER 1,EN_COURS_INJECTION
2026-04-30,ART-1403,693.54,MAGASIN CENTRAL,EN_COURS_INJECTION
2026-03-31,ART-1648,1483.76,DEPOT NORD,EN_COURS_INJECTION
2026-01-31,ART-1121,1293.7,DEPOT A,EN_COURS_INJECTION
2026-04-15,ART-1333,872.38,ATELIER 1,EN_COURS_INJECTION
2026-01-15,ART-1473,776.72,DEPOT A,EN_COURS_INJECTION
2026-04-30,ART-1750,577.58,ATELIER 1,EN_COURS_INJECTION
2026-03-15,ART-1219,495.3,DEPOT A,EN_COURS_INJECTION
2026-01-05,ART-1465,895.84,DEPOT A,EN_COURS_INJECTION
2026-02-28,ART-1279,1196.32,DEPOT NORD,EN_COURS_INJECTION
2026-03-05,ART-1044,32.92,DEPOT A,EN_COURS_INJECTION
2026-03-05,ART-1143,680.61,DEPOT NORD,EN_COURS_INJECTION
2026-04-15,ART-1158,883.16,ATELIER 1,EN_COURS_INJECTION
2026-04-15,ART-1604,1244.36,DEPOT NORD,EN_COURS_INJECTION
2026-03-05,ART-1248,378.82,DEPOT NORD,EN_COURS_INJECTION
2026-03-15,ART-1448,500.12,DEPOT B,EN_COURS_INJECTION
2026-01-15,ART-1307,1184.75,DEPOT NORD,EN_COURS_INJECTION
2026-02-15,ART-1666,768.11,MAGASIN CENTRAL,EN_COURS_INJECTION
2026-04-30,ART-1574,472.93,DEPOT A,EN_COURS_INJECTION
2026-02-28,ART-1500,965.47,MAGASIN CENTRAL,EN_COURS_INJECTION
2026-02-15,ART-1245,179.84,DEPOT B,EN_COURS_INJECTION
2026-01-15,ART-1161,726.63,DEPOT A,EN_COURS_INJECTION
2026-02-05,ART-1193,1355.16,DEPOT A,EN_COURS_INJECTION
2026-03-15,ART-1103,140.07,DEPOT A,EN_COURS_INJECTION
2026-04-15,ART-1466,1426.69,MAGASIN CENTRAL,EN_COURS_INJECTION
2026-02-15,ART-1561,1491.58,DEPOT A,EN_COURS_INJECTION
2026-01-31,ART-1199,228.41,DEPOT B,EN_COURS_INJECTION
2026-01-31,ART-1150,806.54,ATELIER 1,EN_COURS_INJECTION
2026-03-31,ART-1207,987.54,ATELIER 1,EN_COURS_INJECTION
2026-04-30,ART-1292,933.48,ATELIER 1,EN_COURS_INJECTION
2026-02-15,ART-1431,1179.09,DEPOT A,EN_COURS_INJECTION
2026-03-05,ART-1272,942.1,DEPOT NORD,EN_COURS_INJECTION
2026-02-15,ART-1082,150.97,DEPOT NORD,EN_COURS_INJECTION
2026-01-15,ART-1317,251.28,ATELIER 1,EN_COURS_INJECTION
2026-03-15,ART-1170,792.81,MAGASIN CENTRAL,EN_COURS_INJECTION
2026-04-15,ART-1772,504.32,MAGASIN CENTRAL,EN_COURS_INJECTION
2026-04-30,ART-1118,93.22,ATELIER 1,EN_COURS_INJECTION
2026-02-28,ART-1340,164.82,ATELIER 1,EN_COURS_INJECTION
2026-03-15,ART-1428,337.0,ATELIER 1,EN_COURS_INJECTION
2026-01-05,ART-1473,485.84,DEPOT B,EN_COURS_INJECTION
2026-01-05,ART-1706,1411.55,DEPOT NORD,EN_COURS_INJECTION
2026-03-31,ART-1244,924.17,DEPOT B,EN_COURS_INJECTION
2026-04-15,ART-1697,1082.06,DEPOT B,EN_COURS_INJECTION
2026-02-05,ART-1266,527.83,DEPOT A,EN_COURS_INJECTION
2026-02-15,ART-1117,1019.19,ATELIER 1,EN_COURS_INJECTION
2026-01-05,ART-1261,1113.84,ATELIER 1,EN_COURS_INJECTION
2026-01-31,ART-1548,1462.33,DEPOT A,EN_COURS_INJECTION
2026-03-15,ART-1488,191.5,DEPOT NORD,EN_COURS_INJECTION
2026-04-15,ART-1197,1056.39,DEPOT NORD,EN_COURS_INJECTION
2026-03-31,ART-1695,394.4,MAGASIN CENTRAL,EN_COURS_INJECTION
2026-04-15,ART-1063,756.59,MAGASIN CENTRAL,EN_COURS_INJECTION
2026-03-15,ART-1762,1342.48,DEPOT B,EN_COURS_INJECTION
2026-04-30,ART-1527,,DEPOT B,EN_COURS_INJECTION
2026-04-05,ART-1253,809.93,ATELIER 1,EN_COURS_INJECTION
2026-04-05,ART-1168,1061.2,DEPOT NORD,EN_COURS_INJECTION
2026-01-05,ART-1517,524.52,DEPOT NORD,EN_COURS_INJECTION
2026-02-28,ART-1770,98.44,DEPOT A,EN_COURS_INJECTION
2026-04-05,ART-1679,1193.33,,EN_COURS_INJECTION
2026-03-05,ART-1605,175.78,DEPOT NORD,EN_COURS_INJECTION
2026-01-15,ART-1787,688.23,ATELIER 1,EN_COURS_INJECTION
2026-02-15,ART-1655,36.1,DEPOT A,EN_COURS_INJECTION
2026-04-05,ART-1188,727.08,MAGASIN CENTRAL,EN_COURS_INJECTION
2026-01-31,ART-1425,1139.25,DEPOT A,EN_COURS_INJECTION
2026-01-31,ART-1244,1355.86,DEPOT NORD,EN_COURS_INJECTION
2026-02-28,ART-1446,724.0,,EN_COURS_INJECTION
2026-03-05,ART-1614,1074.73,ATELIER 1,EN_COURS_INJECTION
2026-01-05,ART-1425,823.54,DEPOT B,EN_COURS_INJECTION
2026-04-30,ART-1049,1344.61,MAGASIN CENTRAL,EN_COURS_INJECTION
2026-04-05,ART-1231,114.78,DEPOT A,EN_COURS_INJECTION
2026-01-05,ART-1075,853.61,MAGASIN CENTRAL,EN_COURS_INJECTION
2026-04-15,ART-1631,446.26,DEPOT A,EN_COURS_INJECTION
2026-04-05,ART-1096,1489.46,DEPOT B,EN_COURS_INJECTION
2026-03-05,ART-1658,703.31,DEPOT A,EN_COURS_INJECTION
2026-04-30,ART-1473,902.13,DEPOT NORD,EN_COURS_INJECTION
2026-02-28,ART-1169,1472.23,DEPOT B,EN_COURS_INJECTION
2026-02-15,ART-1582,217.48,ATELIER 1,EN_COURS_INJECTION
2026-04-30,ART-1126,816.69,DEPOT A,EN_COURS_INJECTION
2026-02-28,ART-1478,1134.66,MAGASIN CENTRAL,EN_COURS_INJECTION
2026-03-31,ART-1331,1400.18,MAGASIN CENTRAL,EN_COURS_INJECTION
2026-02-05,ART-1447,697.59,DEPOT B,EN_COURS_INJECTION
2026-04-05,ART-1051,932.94,DEPOT B,EN_COURS_INJECTION
2026-04-15,ART-1724,1053.1,ATELIER 1,EN_COURS_INJECTION
2026-01-15,ART-1656,1092.69,ATELIER 1,EN_COURS_INJECTION
2026-03-31,ART-1334,1055.54,DEPOT NORD,EN_COURS_INJECTION
2026-01-31,ART-1703,760.7,MAGASIN CENTRAL,EN_COURS_INJECTION
2026-01-15,ART-1519,900.03,ATELIER 1,EN_COURS_INJECTION
2026-01-31,ART-1643,813.58,MAGASIN CENTRAL,EN_COURS_INJECTION
2026-01-05,ART-1012,501.19,DEPOT B,EN_COURS_INJECTION
2026-04-30,ART-1295,1218.89,DEPOT A,EN_COURS_INJECTION
2026-03-15,ART-1539,20.67,DEPOT A,EN_COURS_INJECTION
2026-01-05,ART-1684,1264.39,DEPOT B,EN_COURS_INJECTION
2026-04-15,ART-1121,1497.44,DEPOT A,EN_COURS_INJECTION
2026-01-31,ART-1214,1492.89,DEPOT A,EN_COURS_INJECTION
2026-02-05,ART-1754,1100.23,MAGASIN CENTRAL,EN_COURS_INJECTION
2026-03-31,ART-1078,140.46,DEPOT A,EN_COURS_INJECTION
2026-01-05,ART-1681,257.31,MAGASIN CENTRAL,EN_COURS_INJECTION
2026-02-15,ART-1683,764.26,DEPOT B,EN_COURS_INJECTION
2026-04-15,ART-1071,175.25,DEPOT NORD,EN_COURS_INJECTION
2026-03-05,ART-1543,1416.81,DEPOT B,EN_COURS_INJECTION
2026-04-15,ART-1735,106.07,ATELIER 1,EN_COURS_INJECTION
2026-03-15,ART-1015,1035.16,ATELIER 1,EN_COURS_INJECTION
2026-04-05,ART-1029,1414.77,DEPOT A,EN_COURS_INJECTION
2026-03-05,ART-1274,890.25,DEPOT A,EN_COURS_INJECTION
2026-03-05,ART-1558,817.41,DEPOT B,EN_COURS_INJECTION
2026-01-05,ART-1032,742.49,MAGASIN CENTRAL,EN_COURS_INJECTION
2026-01-15,ART-1200,619.64,DEPOT NORD,EN_COURS_INJECTION
2026-03-05,ART-1488,1287.69,DEPOT B,EN_COURS_INJECTION
2026-04-15,ART-1170,1043.91,ATELIER 1,EN_COURS_INJECTION
2026-01-05,ART-1707,1244.1,DEPOT NORD,EN_COURS_INJECTION
2026-02-05,ART-1376,1222.9,DEPOT B,EN_COURS_INJECTION
2026-02-28,ART-1118,1247.63,DEPOT B,EN_COURS_INJECTION
2026-04-05,ART-1246,946.88,DEPOT B,EN_COURS_INJECTION
2026-01-15,ART-1700,619.18,DEPOT NORD,EN_COURS_INJECTION
2026-02-05,ART-1260,598.79,DEPOT NORD,EN_COURS_INJECTION
2026-01-31,ART-1248,622.8,MAGASIN CENTRAL,EN_COURS_INJECTION
2026-02-28,ART-1731,600.54,MAGASIN CENTRAL,EN_COURS_INJECTION
2026-02-15,ART-1338,559.49,DEPOT B,EN_COURS_INJECTION
2026-01-15,ART-1305,1011.46,ATELIER 1,EN_COURS_INJECTION
2026-04-30,ART-1399,1049.36,DEPOT B,EN_COURS_INJECTION
2026-04-15,ART-1701,1102.61,DEPOT B,EN_COURS_INJECTION
2026-04-05,ART-1442,1343.2,MAGASIN CENTRAL,EN_COURS_INJECTION
2026-02-05,ART-1726,126.23,MAGASIN CENTRAL,EN_COURS_INJECTION
2026-04-30,ART-1410,678.6,DEPOT A,EN_COURS_INJECTION
2026-02-28,ART-1438,1449.7,MAGASIN CENTRAL,EN_COURS_INJECTION
2026-04-15,ART-1608,1422.35,MAGASIN CENTRAL,EN_COURS_INJECTION
2026-02-05,ART-1674,522.0,DEPOT A,EN_COURS_INJECTION
2026-02-28,ART-1661,,ATELIER 1,EN_COURS_INJECTION
2026-03-31,ART-1194,176.05,ATELIER 1,EN_COURS_INJECTION
2026-03-15,ART-1586,728.35,DEPOT NORD,EN_COURS_INJECTION
2026-02-15,ART-1001,920.86,DEPOT NORD,EN_COURS_INJECTION
2026-03-05,ART-1303,1100.32,DEPOT A,EN_COURS_INJECTION
2026-04-15,ART-1666,1165.05,DEPOT B,EN_COURS_INJECTION
2026-04-30,ART-1580,1239.6,ATELIER 1,EN_COURS_INJECTION
2026-02-28,ART-1490,1428.85,DEPOT A,EN_COURS_INJECTION
2026-01-05,ART-1252,750.23,MAGASIN CENTRAL,EN_COURS_INJECTION
2026-03-31,ART-1033,1310.26,DEPOT NORD,EN_COURS_INJECTION
2026-01-05,ART-1021,668.81,DEPOT NORD,EN_COURS_INJECTION
2026-02-28,ART-1793,1259.32,DEPOT B,EN_COURS_INJECTION
2026-02-15,ART-1342,8.73,ATELIER 1,EN_COURS_INJECTION
2026-02-28,ART-1152,592.45,MAGASIN CENTRAL,EN_COURS_INJECTION
2026-03-05,ART-1165,553.66,DEPOT A,EN_COURS_INJECTION
2026-02-15,ART-1401,472.51,DEPOT B,EN_COURS_INJECTION
2026-02-05,ART-1191,827.21,DEPOT A,EN_COURS_INJECTION
2026-04-30,ART-1487,1260.69,DEPOT NORD,EN_COURS_INJECTION
2026-01-15,ART-1527,986.71,ATELIER 1,EN_COURS_INJECTION
2026-02-15,ART-1031,1160.27,DEPOT B,EN_COURS_INJECTION
2026-02-15,ART-1556,875.92,MAGASIN CENTRAL,EN_COURS_INJECTION
2026-01-15,ART-1712,796.32,ATELIER 1,EN_COURS_INJECTION
2026-01-31,ART-1678,332.48,ATELIER 1,EN_COURS_INJECTION
2026-01-31,ART-1705,551.24,DEPOT B,EN_COURS_INJECTION
2026-01-05,ART-1308,560.23,DEPOT NORD,EN_COURS_INJECTION
2026-02-05,ART-1591,528.74,ATELIER 1,EN_COURS_INJECTION
2026-02-05,ART-1020,267.57,MAGASIN CENTRAL,EN_COURS_INJECTION
2026-02-05,ART-1355,91.25,MAGASIN CENTRAL,EN_COURS_INJECTION
2026-03-15,ART-1051,283.21,DEPOT A,EN_COURS_INJECTION
2026-02-15,ART-1737,302.82,DEPOT B,EN_COURS_INJECTION
2026-02-15,ART-1721,982.57,ATELIER 1,EN_COURS_INJECTION
2026-03-05,ART-1645,1299.4,DEPOT A,EN_COURS_INJECTION
2026-04-05,ART-1180,402.05,DEPOT B,EN_COURS_INJECTION
2026-03-15,ART-1135,1485.31,ATELIER 1,EN_COURS_INJECTION
2026-03-31,ART-1279,1487.75,ATELIER 1,EN_COURS_INJECTION
2026-01-05,ART-1489,364.68,DEPOT NORD,EN_COURS_INJECTION
2026-02-15,ART-1218,1355.28,DEPOT B,EN_COURS_INJECTION
2026-01-31,ART-1073,1453.55,ATELIER 1,EN_COURS_INJECTION
2026-01-31,ART-1217,525.27,DEPOT B,EN_COURS_INJECTION
2026-03-15,ART-1218,0.0,MAGASIN CENTRAL,EN_COURS_INJECTION
2026-03-05,ART-1454,428.76,DEPOT B,EN_COURS_INJECTION
2026-02-15,ART-1303,677.48,ATELIER 1,EN_COURS_INJECTION
2026-02-05,ART-1757,189.21,DEPOT A,EN_COURS_INJECTION
2026-01-31,ART-1744,115.18,DEPOT B,EN_COURS_INJECTION
2026-03-05,ART-1175,1131.11,ATELIER 1,EN_COURS_INJECTION
2026-03-31,ART-1142,75.91,MAGASIN CENTRAL,EN_COURS_INJECTION
2026-01-31,ART-1044,363.81,ATELIER 1,EN_COURS_INJECTION
2026-04-30,ART-1279,1467.05,DEPOT A,EN_COURS_INJECTION
2026-02-05,ART-1592,518.93,DEPOT A,EN_COURS_INJECTION
2026-04-30,ART-1165,6.88,DEPOT B,EN_COURS_INJECTION
2026-03-05,ART-1187,1256.28,DEPOT A,EN_COURS_INJECTION
2026-04-05,ART-1089,337.18,DEPOT A,EN_COURS_INJECTION
2026-03-05,ART-1752,1059.36,DEPOT B,EN_COURS_INJECTION
2026-04-30,ART-1460,1061.48,ATELIER 1,EN_COURS_INJECTION
2026-04-30,ART-1500,966.71,DEPOT A,EN_COURS_INJECTION
2026-04-05,ART-1061,1052.6,DEPOT A,EN_COURS_INJECTION
2026-02-28,ART-1776,834.45,ATELIER 1,EN_COURS_INJECTION
2026-03-31,ART-1790,350.16,DEPOT B,EN_COURS_INJECTION
2026-03-15,ART-1473,486.77,DEPOT NORD,EN_COURS_INJECTION
2026-01-31,ART-1618,1367.93,DEPOT A,EN_COURS_INJECTION
2026-04-05,ART-1022,102.42,DEPOT NORD,EN_COURS_INJECTION
2026-03-15,ART-1089,307.3,DEPOT NORD,EN_COURS_INJECTION
2026-02-05,ART-1437,535.19,DEPOT NORD,EN_COURS_INJECTION
2026-04-30,ART-1146,1200.06,DEPOT NORD,EN_COURS_INJECTION
2026-03-15,ART-1450,990.44,MAGASIN CENTRAL,EN_COURS_INJECTION
2026-02-15,ART-1267,751.82,DEPOT B,EN_COURS_INJECTION
2026-02-05,ART-1201,1275.21,DEPOT B,EN_COURS_INJECTION
2026-01-05,ART-1648,919.23,DEPOT NORD,EN_COURS_INJECTION
2026-03-15,ART-1293,475.37,DEPOT NORD,EN_COURS_INJECTION
2026-03-31,ART-1721,473.17,DEPOT NORD,EN_COURS_INJECTION
2026-02-28,ART-1604,254.05,ATELIER 1,EN_COURS_INJECTION
2026-02-15,ART-1490,144.58,ATELIER 1,EN_COURS_INJECTION
2026-02-28,ART-1203,450.41,DEPOT B,EN_COURS_INJECTION
2026-04-15,ART-1668,307.92,DEPOT A,EN_COURS_INJECTION
2026-02-05,ART-1528,1070.27,DEPOT NORD,EN_COURS_INJECTION
2026-04-30,ART-1053,932.73,ATELIER 1,EN_COURS_INJECTION
2026-04-30,ART-1082,1371.24,DEPOT A,EN_COURS_INJECTION
2026-01-15,ART-1187,407.59,ATELIER 1,EN_COURS_INJECTION
2026-01-31,ART-1057,1474.19,DEPOT B,EN_COURS_INJECTION
2026-03-31,ART-1750,1270.07,DEPOT B,EN_COURS_INJECTION
2026-02-05,ART-1294,1327.3,MAGASIN CENTRAL,EN_COURS_INJECTION
2026-01-15,ART-1017,1328.54,DEPOT NORD,EN_COURS_INJECTION
2026-01-31,ART-1649,585.96,ATELIER 1,EN_COURS_INJECTION
2026-02-15,ART-1266,1024.86,DEPOT NORD,EN_COURS_INJECTION
2026-04-30,ART-1085,117.96,ATELIER 1,EN_COURS_INJECTION
2026-01-15,ART-1040,1425.35,DEPOT NORD,EN_COURS_INJECTION
2026-01-15,ART-1172,1004.46,DEPOT NORD,EN_COURS_INJECTION
2026-02-28,ART-1261,421.28,DEPOT A,EN_COURS_INJECTION
2026-04-15,ART-1145,348.47,DEPOT NORD,EN_COURS_INJECTION
2026-03-05,ART-1713,614.84,DEPOT A,EN_COURS_INJECTION
2026-03-31,ART-1769,832.76,ATELIER 1,EN_COURS_INJECTION
2026-02-05,ART-1288,246.89,DEPOT NORD,EN_COURS_INJECTION
2026-03-15,ART-1465,1262.6,DEPOT A,EN_COURS_INJECTION
2026-04-05,ART-1760,472.58,MAGASIN CENTRAL,EN_COURS_INJECTION
2026-03-05,ART-1072,15.28,MAGASIN CENTRAL,EN_COURS_INJECTION
2026-04-15,ART-1249,430.49,DEPOT B,EN_COURS_INJECTION
2026-01-05,ART-1777,806.07,ATELIER 1,EN_COURS_INJECTION
2026-03-15,ART-1504,514.83,DEPOT A,EN_COURS_INJECTION
2026-02-05,ART-1045,1148.7,DEPOT B,EN_COURS_INJECTION
2026-03-05,ART-1271,123.55,MAGASIN CENTRAL,EN_COURS_INJECTION
2026-03-31,ART-1339,1211.78,DEPOT B,EN_COURS_INJECTION
2026-01-31,ART-1226,318.66,DEPOT A,EN_COURS_INJECTION
2026-04-15,ART-1192,1421.0,DEPOT A,EN_COURS_INJECTION
2026-03-15,ART-1176,1325.95,DEPOT A,EN_COURS_INJECTION
2026-04-05,ART-1270,57.8,DEPOT NORD,EN_COURS_INJECTION
2026-03-05,ART-1735,697.29,ATELIER 1,EN_COURS_INJECTION
2026-04-15,ART-1356,529.72,DEPOT A,EN_COURS_INJECTION
2026-03-05,ART-1210,635.84,MAGASIN CENTRAL,EN_COURS_INJECTION
2026-03-15,ART-1326,955.25,DEPOT NORD,EN_COURS_INJECTION
2026-01-15,ART-1474,443.2,DEPOT NORD,EN_COURS_INJECTION
2026-01-31,ART-1063,1290.61,DEPOT A,EN_COURS_INJECTION
2026-03-15,ART-1258,350.36,DEPOT A,EN_COURS_INJECTION
2026-03-05,ART-1471,1043.7,ATELIER 1,EN_COURS_INJECTION
2026-04-15,ART-1644,473.06,DEPOT A,EN_COURS_INJECTION
2026-01-05,ART-1402,504.11,MAGASIN CENTRAL,EN_COURS_INJECTION
2026-01-15,ART-1505,621.01,MAGASIN CENTRAL,EN_COURS_INJECTION
2026-01-15,ART-1454,462.31,DEPOT B,EN_COURS_INJECTION
2026-01-15,ART-1557,552.62,DEPOT A,EN_COURS_INJECTION
2026-04-30,ART-1685,176.34,DEPOT A,EN_COURS_INJECTION
2026-01-15,ART-1241,1177.4,ATELIER 1,EN_COURS_INJECTION
2026-03-15,ART-1302,714.74,ATELIER 1,EN_COURS_INJECTION
2026-01-05,ART-1106,857.33,DEPOT A,EN_COURS_INJECTION
2026-04-05,ART-1019,397.72,DEPOT A,EN_COURS_INJECTION
2026-02-15,ART-1664,932.07,DEPOT NORD,EN_COURS_INJECTION
2026-03-15,ART-1615,549.62,ATELIER 1,EN_COURS_INJECTION
2026-02-05,ART-1135,1150.03,ATELIER 1,EN_COURS_INJECTION
2026-03-05,ART-1272,1189.97,ATELIER 1,EN_COURS_INJECTION
2026-01-15,ART-1381,1333.54,ATELIER 1,EN_COURS_INJECTION
2026-04-05,ART-1318,1341.33,DEPOT A,EN_COURS_INJECTION
2026-03-31,ART-1184,1439.82,DEPOT NORD,EN_COURS_INJECTION
2026-01-31,ART-1096,838.01,MAGASIN CENTRAL,EN_COURS_INJECTION
2026-03-05,ART-1144,370.17,ATELIER 1,EN_COURS_INJECTION
2026-03-15,ART-1730,748.17,MAGASIN CENTRAL,EN_COURS_INJECTION
2026-01-15,ART-1344,1005.95,DEPOT B,EN_COURS_INJECTION
2026-04-05,ART-1587,1037.42,DEPOT NORD,EN_COURS_INJECTION
2026-02-05,ART-1394,501.8,ATELIER 1,EN_COURS_INJECTION
2026-01-31,ART-1251,435.1,MAGASIN CENTRAL,EN_COURS_INJECTION
2026-03-05,ART-1470,283.76,ATELIER 1,EN_COURS_INJECTION
2026-01-05,ART-1243,189.14,MAGASIN CENTRAL,EN_COURS_INJECTION
2026-02-28,ART-1341,581.32,MAGASIN CENTRAL,EN_COURS_INJECTION
2026-04-15,ART-1238,1300.14,MAGASIN CENTRAL,EN_COURS_INJECTION
2026-03-05,ART-1565,501.34,DEPOT B,EN_COURS_INJECTION
2026-02-15,ART-1169,76.47,MAGASIN CENTRAL,EN_COURS_INJECTION
2026-02-15,ART-1580,961.69,ATELIER 1,EN_COURS_INJECTION
2026-02-15,ART-1707,542.13,DEPOT NORD,EN_COURS_INJECTION
2026-03-15,ART-1202,191.98,DEPOT B,EN_COURS_INJECTION
2026-02-15,ART-1149,1444.87,DEPOT A,EN_COURS_INJECTION
2026-04-05,ART-1344,1294.95,DEPOT A,EN_COURS_INJECTION
2026-03-15,ART-1307,349.69,DEPOT B,EN_COURS_INJECTION
2026-03-31,ART-1645,1366.03,DEPOT B,EN_COURS_INJECTION
2026-03-05,ART-1204,646.73,DEPOT B,EN_COURS_INJECTION
2026-01-15,ART-1762,360.86,MAGASIN CENTRAL,EN_COURS_INJECTION
2026-03-31,ART-1569,1499.48,DEPOT A,EN_COURS_INJECTION
2026-04-05,ART-1416,1496.21,MAGASIN CENTRAL,EN_COURS_INJECTION
2026-01-05,ART-1340,754.38,ATELIER 1,EN_COURS_INJECTION
2026-04-30,ART-1004,214.4,ATELIER 1,EN_COURS_INJECTION
2026-01-15,ART-1073,556.65,DEPOT A,EN_COURS_INJECTION
2026-03-15,ART-1423,1313.55,DEPOT B,EN_COURS_INJECTION
2026-02-05,ART-1182,566.69,DEPOT A,EN_COURS_INJECTION
2026-01-05,ART-1497,1336.28,DEPOT NORD,EN_COURS_INJECTION
2026-01-15,ART-1278,626.23,DEPOT A,EN_COURS_INJECTION
2026-01-31,ART-1657,1341.36,DEPOT NORD,EN_COURS_INJECTION
2026-01-05,ART-1750,1243.1,DEPOT B,EN_COURS_INJECTION
2026-03-31,ART-1800,754.25,MAGASIN CENTRAL,EN_COURS_INJECTION
2026-04-05,ART-1360,1194.89,DEPOT NORD,EN_COURS_INJECTION
2026-04-30,ART-1227,817.32,DEPOT B,EN_COURS_INJECTION
2026-03-31,ART-1628,1331.74,ATELIER 1,EN_COURS_INJECTION
2026-02-28,ART-1085,998.44,DEPOT A,EN_COURS_INJECTION
2026-04-15,ART-1487,1209.01,DEPOT A,EN_COURS_INJECTION
2026-02-15,ART-1063,96.85,ATELIER 1,EN_COURS_INJECTION
2026-03-15,ART-1392,1409.1,DEPOT B,EN_COURS_INJECTION
2026-03-15,ART-1570,859.62,ATELIER 1,EN_COURS_INJECTION
2026-02-28,ART-1152,1498.84,DEPOT A,EN_COURS_INJECTION
2026-02-15,ART-1653,408.83,MAGASIN CENTRAL,EN_COURS_INJECTION
2026-03-15,ART-1615,1051.93,DEPOT A,EN_COURS_INJECTION
2026-04-15,ART-1468,431.31,DEPOT A,EN_COURS_INJECTION
2026-04-30,ART-1716,979.92,MAGASIN CENTRAL,EN_COURS_INJECTION
2026-02-28,ART-1550,198.2,DEPOT A,EN_COURS_INJECTION
2026-04-15,ART-1183,806.65,DEPOT A,EN_COURS_INJECTION
2026-03-15,ART-1354,0.0,MAGASIN CENTRAL,EN_COURS_INJECTION
2026-01-05,ART-1289,193.17,DEPOT NORD,EN_COURS_INJECTION
2026-01-05,ART-1006,501.6,DEPOT A,EN_COURS_INJECTION
2026-03-05,ART-1058,1219.8,ATELIER 1,EN_COURS_INJECTION
2026-04-15,ART-1538,1190.69,DEPOT NORD,EN_COURS_INJECTION
2026-01-15,ART-1430,936.6,DEPOT B,EN_COURS_INJECTION
2026-02-05,ART-1603,934.87,DEPOT B,EN_COURS_INJECTION
2026-01-05,ART-1690,921.89,DEPOT NORD,EN_COURS_INJECTION
2026-04-15,ART-1687,1200.03,DEPOT B,EN_COURS_INJECTION
2026-01-15,ART-1146,161.78,MAGASIN CENTRAL,EN_COURS_INJECTION
2026-04-15,ART-1255,1458.3,ATELIER 1,EN_COURS_INJECTION
2026-02-15,ART-1090,754.44,MAGASIN CENTRAL,EN_COURS_INJECTION
2026-01-31,ART-1351,322.54,MAGASIN CENTRAL,EN_COURS_INJECTION
2026-01-31,ART-1033,768.5,DEPOT A,EN_COURS_INJECTION
2026-02-15,ART-1062,1295.67,ATELIER 1,EN_COURS_INJECTION
2026-03-31,ART-1208,1417.68,DEPOT A,EN_COURS_INJECTION
2026-01-31,ART-1622,714.7,DEPOT B,EN_COURS_INJECTION
2026-04-15,ART-1229,9.56,DEPOT NORD,EN_COURS_INJECTION
2026-04-15,ART-1525,550.99,MAGASIN CENTRAL,EN_COURS_INJECTION
2026-04-05,ART-1581,1220.46,DEPOT A,EN_COURS_INJECTION
2026-03-15,ART-1639,1072.0,MAGASIN CENTRAL,EN_COURS_INJECTION
2026-02-15,ART-1697,201.13,DEPOT NORD,EN_COURS_INJECTION
2026-01-15,ART-1709,1309.96,DEPOT NORD,EN_COURS_INJECTION
2026-01-15,ART-1089,69.15,DEPOT NORD,EN_COURS_INJECTION
2026-04-05,ART-1790,127.16,ATELIER 1,EN_COURS_INJECTION
2026-01-31,ART-1357,1319.78,ATELIER 1,EN_COURS_INJECTION
2026-02-05,ART-1647,328.7,DEPOT NORD,EN_COURS_INJECTION
2026-04-05,ART-1498,1203.64,ATELIER 1,EN_COURS_INJECTION
2026-01-15,ART-1204,1033.68,DEPOT A,EN_COURS_INJECTION
2026-01-15,ART-1602,1342.76,DEPOT NORD,EN_COURS_INJECTION
2026-04-05,ART-1178,293.19,MAGASIN CENTRAL,EN_COURS_INJECTION
2026-01-15,ART-1170,294.41,DEPOT A,EN_COURS_INJECTION
2026-02-28,ART-1131,143.41,ATELIER 1,EN_COURS_INJECTION
2026-01-05,ART-1512,1475.7,DEPOT B,EN_COURS_INJECTION
2026-01-31,ART-1675,728.24,ATELIER 1,EN_COURS_INJECTION
2026-04-15,ART-1281,175.63,DEPOT B,EN_COURS_INJECTION
2026-02-28,ART-1365,159.49,ATELIER 1,EN_COURS_INJECTION
2026-02-28,ART-1595,1374.07,DEPOT NORD,EN_COURS_INJECTION
2026-01-05,ART-1021,253.12,MAGASIN CENTRAL,EN_COURS_INJECTION
2026-03-31,ART-1512,1216.47,DEPOT B,EN_COURS_INJECTION
2026-03-31,ART-1584,791.2,,EN_COURS_INJECTION
2026-04-30,ART-1605,701.83,DEPOT B,EN_COURS_INJECTION
2026-01-05,ART-1042,1106.01,MAGASIN CENTRAL,EN_COURS_INJECTION
2026-02-05,ART-1042,538.69,MAGASIN CENTRAL,EN_COURS_INJECTION
2026-02-05,ART-1553,743.39,DEPOT NORD,EN_COURS_INJECTION
2026-02-28,ART-1189,773.17,MAGASIN CENTRAL,EN_COURS_INJECTION
2026-02-15,ART-1496,999.57,,EN_COURS_INJECTION
2026-03-05,ART-1347,964.52,DEPOT NORD,EN_COURS_INJECTION
2026-04-15,ART-1679,543.53,ATELIER 1,EN_COURS_INJECTION
2026-01-05,ART-1209,1171.86,ATELIER 1,EN_COURS_INJECTION
2026-02-15,ART-1315,339.15,DEPOT NORD,EN_COURS_INJECTION
2026-03-05,ART-1530,973.89,ATELIER 1,EN_COURS_INJECTION
2026-02-05,ART-1765,501.39,DEPOT NORD,EN_COURS_INJECTION
2026-03-05,ART-1628,84.93,MAGASIN CENTRAL,EN_COURS_INJECTION
2026-02-15,ART-1610,116.34,DEPOT A,EN_COURS_INJECTION
2026-04-30,ART-1270,567.42,MAGASIN CENTRAL,EN_COURS_INJECTION
2026-03-05,ART-1630,1187.4,DEPOT A,EN_COURS_INJECTION
2026-03-31,ART-1434,990.54,ATELIER 1,EN_COURS_INJECTION
2026-03-31,ART-1331,598.53,DEPOT NORD,EN_COURS_INJECTION
2026-04-05,ART-1276,916.16,DEPOT A,EN_COURS_INJECTION
2026-02-28,ART-1576,1084.71,DEPOT NORD,EN_COURS_INJECTION
2026-02-05,ART-1222,871.03,ATELIER 1,EN_COURS_INJECTION
2026-03-05,ART-1468,966.04,ATELIER 1,EN_COURS_INJECTION
2026-01-15,ART-1660,1454.91,MAGASIN CENTRAL,EN_COURS_INJECTION
2026-02-28,ART-1307,157.15,MAGASIN CENTRAL,EN_COURS_INJECTION
2026-01-31,ART-1496,283.01,DEPOT B,EN_COURS_INJECTION
2026-02-05,ART-1597,158.98,DEPOT B,EN_COURS_INJECTION
2026-02-15,ART-1293,567.59,ATELIER 1,EN_COURS_INJECTION
2026-01-31,ART-1040,1446.08,DEPOT NORD,EN_COURS_INJECTION
2026-01-05,ART-1037,1289.13,DEPOT B,EN_COURS_INJECTION
2026-02-28,ART-1386,1421.45,DEPOT A,EN_COURS_INJECTION
2026-02-15,ART-1681,547.61,DEPOT NORD,EN_COURS_INJECTION
2026-04-15,ART-1230,624.33,DEPOT A,EN_COURS_INJECTION
2026-01-31,ART-1484,1009.18,MAGASIN CENTRAL,EN_COURS_INJECTION
2026-04-15,ART-1061,1123.22,DEPOT A,EN_COURS_INJECTION
2026-04-30,ART-1620,1364.81,DEPOT NORD,EN_COURS_INJECTION
2026-03-05,ART-1614,972.28,DEPOT B,EN_COURS_INJECTION
2026-02-05,ART-1317,519.29,ATELIER 1,EN_COURS_INJECTION
2026-01-15,ART-1112,1202.45,DEPOT A,EN_COURS_INJECTION
2026-03-15,ART-1731,1411.9,DEPOT NORD,EN_COURS_INJECTION
2026-03-31,ART-1370,602.49,DEPOT B,EN_COURS_INJECTION
2026-03-05,ART-1731,462.1,DEPOT A,EN_COURS_INJECTION
2026-01-31,ART-1706,13.39,DEPOT NORD,EN_COURS_INJECTION
2026-04-30,ART-1295,1373.55,DEPOT B,EN_COURS_INJECTION
2026-01-05,ART-1485,1212.31,DEPOT A,EN_COURS_INJECTION
2026-01-15,ART-1517,1289.23,DEPOT B,EN_COURS_INJECTION
2026-04-15,ART-1134,709.67,DEPOT NORD,EN_COURS_INJECTION
2026-01-15,ART-1778,334.39,ATELIER 1,EN_COURS_INJECTION
2026-03-15,ART-1444,770.4,MAGASIN CENTRAL,EN_COURS_INJECTION
2026-02-28,ART-1624,1056.94,ATELIER 1,EN_COURS_INJECTION
2026-01-05,ART-1086,169.71,MAGASIN CENTRAL,EN_COURS_INJECTION
2026-04-15,ART-1639,598.33,DEPOT A,EN_COURS_INJECTION
2026-04-15,ART-1231,515.43,DEPOT B,EN_COURS_INJECTION
2026-03-31,ART-1762,30.53,ATELIER 1,EN_COURS_INJECTION
2026-03-31,ART-1736,612.14,ATELIER 1,EN_COURS_INJECTION
2026-04-30,ART-1063,1372.38,MAGASIN CENTRAL,EN_COURS_INJECTION
2026-02-05,ART-1337,410.76,DEPOT NORD,EN_COURS_INJECTION
2026-04-15,ART-1551,36.19,MAGASIN CENTRAL,EN_COURS_INJECTION
2026-03-31,ART-1267,1114.55,MAGASIN CENTRAL,EN_COURS_INJECTION
2026-01-31,ART-1663,192.08,MAGASIN CENTRAL,EN_COURS_INJECTION
2026-04-30,ART-1106,1224.43,DEPOT B,EN_COURS_INJECTION
2026-01-05,ART-1635,315.18,ATELIER 1,EN_COURS_INJECTION
2026-02-05,ART-1602,898.74,DEPOT NORD,EN_COURS_INJECTION
2026-03-31,ART-1014,770.81,DEPOT A,EN_COURS_INJECTION
2026-02-15,ART-1039,1039.01,DEPOT B,EN_COURS_INJECTION
2026-02-05,ART-1627,690.6,DEPOT NORD,EN_COURS_INJECTION
2026-03-31,ART-1441,1300.18,ATELIER 1,EN_COURS_INJECTION
2026-01-31,ART-1627,481.3,DEPOT NORD,EN_COURS_INJECTION
2026-04-05,ART-1033,506.16,MAGASIN CENTRAL,EN_COURS_INJECTION
2026-01-05,ART-1018,117.44,ATELIER 1,EN_COURS_INJECTION
2026-03-31,ART-1687,1374.52,MAGASIN CENTRAL,EN_COURS_INJECTION
2026-01-05,ART-1759,719.9,DEPOT A,EN_COURS_INJECTION
2026-03-31,ART-1445,688.08,MAGASIN CENTRAL,EN_COURS_INJECTION
2026-01-15,ART-1074,0.0,MAGASIN CENTRAL,EN_COURS_INJECTION
2026-02-28,ART-1492,606.37,ATELIER 1,EN_COURS_INJECTION
2026-01-05,ART-1682,844.78,ATELIER 1,EN_COURS_INJECTION
2026-04-05,ART-1271,1427.03,DEPOT A,EN_COURS_INJECTION
2026-04-15,ART-1649,24.42,DEPOT NORD,EN_COURS_INJECTION
2026-04-05,ART-1621,1079.65,DEPOT B,EN_COURS_INJECTION
2026-02-28,ART-1497,613.95,MAGASIN CENTRAL,EN_COURS_INJECTION
2026-01-05,ART-1123,564.23,DEPOT A,EN_COURS_INJECTION
2026-04-15,ART-1571,379.42,DEPOT NORD,EN_COURS_INJECTION
2026-01-05,ART-1053,373.1,DEPOT NORD,EN_COURS_INJECTION
2026-04-30,ART-1142,611.01,ATELIER 1,EN_COURS_INJECTION
2026-04-30,ART-1450,19.97,DEPOT A,EN_COURS_INJECTION
2026-02-15,ART-1316,1092.54,ATELIER 1,EN_COURS_INJECTION
2026-01-15,ART-1506,1270.25,DEPOT NORD,EN_COURS_INJECTION
2026-04-30,ART-1720,196.67,ATELIER 1,EN_COURS_INJECTION
2026-03-05,ART-1714,196.57,DEPOT B,EN_COURS_INJECTION
2026-01-15,ART-1157,1317.34,DEPOT B,EN_COURS_INJECTION
2026-03-05,ART-1558,55.46,ATELIER 1,EN_COURS_INJECTION
2026-01-15,ART-1668,800.93,DEPOT NORD,EN_COURS_INJECTION
2026-04-30,ART-1425,332.57,ATELIER 1,EN_COURS_INJECTION
2026-01-05,ART-1333,264.74,ATELIER 1,EN_COURS_INJECTION
2026-03-15,ART-1255,887.9,DEPOT NORD,EN_COURS_INJECTION
2026-02-15,ART-1490,640.41,MAGASIN CENTRAL,EN_COURS_INJECTION
2026-03-31,ART-1747,440.55,DEPOT B,EN_COURS_INJECTION
2026-02-28,ART-1433,153.29,ATELIER 1,EN_COURS_INJECTION
2026-03-31,ART-1270,335.28,DEPOT B,EN_COURS_INJECTION
2026-02-28,ART-1754,494.26,ATELIER 1,EN_COURS_INJECTION
2026-02-28,ART-1611,941.06,ATELIER 1,EN_COURS_INJECTION
2026-01-31,ART-1454,762.11,MAGASIN CENTRAL,EN_COURS_INJECTION
2026-03-15,ART-1276,1044.18,DEPOT NORD,EN_COURS_INJECTION
2026-01-31,ART-1154,1172.59,ATELIER 1,EN_COURS_INJECTION
2026-01-05,ART-1741,444.98,MAGASIN CENTRAL,EN_COURS_INJECTION
2026-04-15,ART-1637,216.88,MAGASIN CENTRAL,EN_COURS_INJECTION
2026-03-15,ART-1738,906.17,DEPOT NORD,EN_COURS_INJECTION
2026-03-31,ART-1335,1035.82,DEPOT B,EN_COURS_INJECTION
2026-03-05,ART-1555,324.19,DEPOT A,EN_COURS_INJECTION
2026-03-05,ART-1054,411.97,DEPOT A,EN_COURS_INJECTION
2026-02-15,ART-1247,1209.84,DEPOT NORD,EN_COURS_INJECTION
2026-01-05,ART-1058,1062.07,DEPOT A,EN_COURS_INJECTION
2026-02-15,ART-1078,1123.27,DEPOT B,EN_COURS_INJECTION
2026-04-15,ART-1794,785.35,DEPOT NORD,EN_COURS_INJECTION
2026-04-30,ART-1414,1212.0,DEPOT B,EN_COURS_INJECTION
2026-04-15,ART-1528,0.0,DEPOT B,EN_COURS_INJECTION
2026-02-05,ART-1136,763.78,DEPOT A,EN_COURS_INJECTION
2026-04-15,ART-1540,1148.38,MAGASIN CENTRAL,EN_COURS_INJECTION
2026-04-15,ART-1701,974.78,DEPOT A,EN_COURS_INJECTION
2026-03-31,ART-1233,1305.52,DEPOT NORD,EN_COURS_INJECTION
2026-01-15,ART-1539,489.04,ATELIER 1,EN_COURS_INJECTION
2026-02-15,ART-1634,992.78,DEPOT NORD,EN_COURS_INJECTION
2026-04-05,ART-1554,835.73,DEPOT B,EN_COURS_INJECTION
2026-02-05,ART-1358,71.48,DEPOT A,EN_COURS_INJECTION
2026-01-05,ART-1347,1268.22,DEPOT NORD,EN_COURS_INJECTION
2026-02-15,ART-1786,1098.7,DEPOT NORD,EN_COURS_INJECTION
2026-03-15,ART-1224,966.15,MAGASIN CENTRAL,EN_COURS_INJECTION
2026-01-31,ART-1367,309.63,DEPOT NORD,EN_COURS_INJECTION
2026-03-31,ART-1343,1017.77,DEPOT B,EN_COURS_INJECTION
2026-03-31,ART-1239,1272.95,DEPOT A,EN_COURS_INJECTION
2026-04-05,ART-1520,1271.54,ATELIER 1,EN_COURS_INJECTION
2026-04-05,ART-1390,919.14,MAGASIN CENTRAL,EN_COURS_INJECTION
2026-03-15,ART-1471,193.3,DEPOT A,EN_COURS_INJECTION
2026-03-31,ART-1726,1017.41,DEPOT B,EN_COURS_INJECTION
2026-02-05,ART-1786,599.12,ATELIER 1,EN_COURS_INJECTION
2026-04-30,ART-1446,188.17,DEPOT B,EN_COURS_INJECTION
2026-01-31,ART-1533,637.79,ATELIER 1,EN_COURS_INJECTION
2026-04-05,ART-1177,813.45,ATELIER 1,EN_COURS_INJECTION
2026-03-05,ART-1443,516.62,DEPOT A,EN_COURS_INJECTION
2026-01-05,ART-1696,1480.89,ATELIER 1,EN_COURS_INJECTION
2026-02-28,ART-1787,772.88,DEPOT B,EN_COURS_INJECTION
2026-03-31,ART-1217,1266.2,DEPOT NORD,EN_COURS_INJECTION
2026-03-05,ART-1276,764.69,DEPOT B,EN_COURS_INJECTION
2026-04-05,ART-1247,1144.71,DEPOT NORD,EN_COURS_INJECTION
2026-04-30,ART-1635,13.47,DEPOT NORD,EN_COURS_INJECTION
2026-02-28,ART-1001,567.85,DEPOT B,EN_COURS_INJECTION
2026-04-15,ART-1652,734.99,MAGASIN CENTRAL,EN_COURS_INJECTION
2026-01-05,ART-1492,275.7,DEPOT A,EN_COURS_INJECTION
2026-03-31,ART-1754,1173.66,ATELIER 1,EN_COURS_INJECTION
2026-03-15,ART-1172,264.96,DEPOT A,EN_COURS_INJECTION
2026-01-31,ART-1054,338.66,DEPOT A,EN_COURS_INJECTION
2026-03-15,ART-1300,215.75,DEPOT A,EN_COURS_INJECTION
2026-03-31,ART-1175,372.3,ATELIER 1,EN_COURS_INJECTION
2026-04-30,ART-1382,387.2,DEPOT B,EN_COURS_INJECTION
2026-01-15,ART-1489,97.93,MAGASIN CENTRAL,EN_COURS_INJECTION
2026-01-31,ART-1348,521.07,ATELIER 1,EN_COURS_INJECTION
2026-03-15,ART-1250,376.02,ATELIER 1,EN_COURS_INJECTION
2026-01-31,ART-1765,557.38,DEPOT NORD,EN_COURS_INJECTION
2026-03-05,ART-1125,900.23,DEPOT NORD,EN_COURS_INJECTION
2026-01-05,ART-1481,353.13,DEPOT A,EN_COURS_INJECTION
2026-01-05,ART-1015,882.62,DEPOT NORD,EN_COURS_INJECTION
2026-01-31,ART-1126,820.86,DEPOT B,EN_COURS_INJECTION
2026-03-31,ART-1715,269.67,DEPOT NORD,EN_COURS_INJECTION
2026-01-05,ART-1513,72.73,ATELIER 1,EN_COURS_INJECTION
2026-03-31,ART-1529,1394.09,DEPOT NORD,EN_COURS_INJECTION
2026-02-05,ART-1554,30.98,DEPOT B,EN_COURS_INJECTION
2026-01-31,ART-1645,399.6,DEPOT NORD,EN_COURS_INJECTION
2026-04-30,ART-1084,1441.7,MAGASIN CENTRAL,EN_COURS_INJECTION
2026-03-15,ART-1044,937.19,DEPOT B,EN_COURS_INJECTION
2026-02-05,ART-1134,858.22,DEPOT B,EN_COURS_INJECTION
2026-04-05,ART-1265,844.4,DEPOT A,EN_COURS_INJECTION
2026-04-15,ART-1705,888.61,ATELIER 1,EN_COURS_INJECTION
2026-03-05,ART-1358,40.31,DEPOT NORD,EN_COURS_INJECTION
2026-03-31,ART-1398,1098.22,ATELIER 1,EN_COURS_INJECTION
2026-01-31,ART-1776,32.09,DEPOT NORD,EN_COURS_INJECTION
2026-02-15,ART-1248,753.99,DEPOT A,EN_COURS_INJECTION
2026-01-05,ART-1119,255.56,ATELIER 1,EN_COURS_INJECTION
2026-04-15,ART-1466,954.36,DEPOT A,EN_COURS_INJECTION
2026-03-31,ART-1461,856.74,DEPOT B,EN_COURS_INJECTION
2026-02-28,ART-1059,1090.3,DEPOT NORD,EN_COURS_INJECTION
2026-02-15,ART-1090,171.31,DEPOT B,EN_COURS_INJECTION
2026-02-28,ART-1559,205.42,DEPOT B,EN_COURS_INJECTION
2026-01-05,ART-1232,1349.11,DEPOT B,EN_COURS_INJECTION
2026-04-15,ART-1182,785.1,MAGASIN CENTRAL,EN_COURS_INJECTION
2026-02-28,ART-1122,768.08,DEPOT A,EN_COURS_INJECTION
2026-04-15,ART-1800,741.97,DEPOT B,EN_COURS_INJECTION
2026-04-30,ART-1586,208.77,DEPOT NORD,EN_COURS_INJECTION
2026-01-15,ART-1599,862.29,MAGASIN CENTRAL,EN_COURS_INJECTION
2026-02-15,ART-1195,1265.99,ATELIER 1,EN_COURS_INJECTION
2026-04-15,ART-1434,1311.23,ATELIER 1,EN_COURS_INJECTION
2026-02-28,ART-1228,269.21,DEPOT A,EN_COURS_INJECTION
2026-02-05,ART-1499,1201.84,ATELIER 1,EN_COURS_INJECTION
2026-04-05,ART-1716,1322.47,ATELIER 1,EN_COURS_INJECTION
2026-04-05,ART-1430,344.32,DEPOT A,EN_COURS_INJECTION
2026-04-30,ART-1634,1032.45,DEPOT A,EN_COURS_INJECTION
2026-04-15,ART-1037,782.07,ATELIER 1,EN_COURS_INJECTION
2026-01-31,ART-1195,674.01,ATELIER 1,EN_COURS_INJECTION
2026-01-05,ART-1283,1085.79,DEPOT A,EN_COURS_INJECTION
2026-03-05,ART-1179,86.57,DEPOT A,EN_COURS_INJECTION
2026-04-15,ART-1773,1420.0,DEPOT B,EN_COURS_INJECTION
2026-02-15,ART-1741,997.8,DEPOT A,EN_COURS_INJECTION
2026-02-15,ART-1454,1450.32,DEPOT NORD,EN_COURS_INJECTION
2026-04-05,ART-1704,891.05,ATELIER 1,EN_COURS_INJECTION
2026-01-05,ART-1589,1311.17,ATELIER 1,EN_COURS_INJECTION
2026-04-15,ART-1204,120.27,MAGASIN CENTRAL,EN_COURS_INJECTION
2026-03-15,ART-1084,1356.5,DEPOT B,EN_COURS_INJECTION
2026-04-05,ART-1630,113.68,ATELIER 1,EN_COURS_INJECTION
2026-03-15,ART-1432,210.35,MAGASIN CENTRAL,EN_COURS_INJECTION
2026-04-30,ART-1167,1185.11,DEPOT NORD,EN_COURS_INJECTION
2026-02-15,ART-1372,712.05,MAGASIN CENTRAL,EN_COURS_INJECTION
2026-04-30,ART-1349,683.67,DEPOT NORD,EN_COURS_INJECTION
2026-04-30,ART-1654,193.31,DEPOT B,EN_COURS_INJECTION
2026-03-05,ART-1434,1311.97,DEPOT B,EN_COURS_INJECTION
2026-03-31,ART-1508,448.53,DEPOT B,EN_COURS_INJECTION
2026-01-15,ART-1226,85.34,ATELIER 1,EN_COURS_INJECTION
2026-01-31,ART-1770,658.58,DEPOT A,EN_COURS_INJECTION
2026-02-28,ART-1435,863.73,DEPOT B,EN_COURS_INJECTION
2026-01-05,ART-1164,245.66,DEPOT B,EN_COURS_INJECTION
2026-01-15,ART-1405,778.24,ATELIER 1,EN_COURS_INJECTION
2026-04-30,ART-1269,1095.69,DEPOT NORD,EN_COURS_INJECTION
2026-02-05,ART-1711,320.45,DEPOT A,EN_COURS_INJECTION
2026-01-05,ART-1108,485.71,DEPOT A,EN_COURS_INJECTION
2026-04-05,ART-1438,177.69,DEPOT NORD,EN_COURS_INJECTION
2026-02-15,ART-1113,1342.71,DEPOT B,EN_COURS_INJECTION
2026-01-15,ART-1530,1162.48,MAGASIN CENTRAL,EN_COURS_INJECTION
2026-03-05,ART-1619,108.53,ATELIER 1,EN_COURS_INJECTION
2026-02-28,ART-1672,382.48,ATELIER 1,EN_COURS_INJECTION
2026-03-31,ART-1548,925.99,DEPOT B,EN_COURS_INJECTION
2026-03-15,ART-1237,1087.97,DEPOT A,EN_COURS_INJECTION
2026-04-05,ART-1573,919.01,DEPOT B,EN_COURS_INJECTION
2026-03-31,ART-1065,327.04,MAGASIN CENTRAL,EN_COURS_INJECTION
2026-03-15,ART-1350,854.42,DEPOT NORD,EN_COURS_INJECTION
2026-04-30,ART-1607,578.49,MAGASIN CENTRAL,EN_COURS_INJECTION
2026-01-05,ART-1153,549.11,MAGASIN CENTRAL,EN_COURS_INJECTION
2026-02-15,ART-1341,610.16,ATELIER 1,EN_COURS_INJECTION
2026-02-15,ART-1611,194.59,DEPOT B,EN_COURS_INJECTION
2026-03-05,ART-1019,712.96,DEPOT B,EN_COURS_INJECTION
2026-01-15,ART-1419,1404.99,ATELIER 1,EN_COURS_INJECTION
2026-04-05,ART-1494,608.3,ATELIER 1,EN_COURS_INJECTION
2026-01-15,ART-1642,1179.08,ATELIER 1,EN_COURS_INJECTION
2026-02-05,ART-1157,1081.19,DEPOT NORD,EN_COURS_INJECTION
2026-01-15,ART-1387,145.46,MAGASIN CENTRAL,EN_COURS_INJECTION
2026-04-15,ART-1481,1413.03,DEPOT B,EN_COURS_INJECTION
2026-01-31,ART-1002,1097.23,DEPOT NORD,EN_COURS_INJECTION
2026-03-31,ART-1433,1027.1,MAGASIN CENTRAL,EN_COURS_INJECTION
2026-01-15,ART-1546,680.52,ATELIER 1,EN_COURS_INJECTION
2026-02-05,ART-1450,7.98,DEPOT NORD,EN_COURS_INJECTION
2026-03-31,ART-1242,945.66,MAGASIN CENTRAL,EN_COURS_INJECTION
2026-01-05,ART-1562,919.53,MAGASIN CENTRAL,EN_COURS_INJECTION
2026-02-28,ART-1360,1442.87,DEPOT NORD,EN_COURS_INJECTION
2026-01-31,ART-1775,255.71,DEPOT A,EN_COURS_INJECTION
2026-02-15,ART-1569,367.17,DEPOT B,EN_COURS_INJECTION
2026-02-15,ART-1405,32.71,ATELIER 1,EN_COURS_INJECTION
2026-01-05,ART-1327,677.42,DEPOT A,EN_COURS_INJECTION
2026-02-15,ART-1607,1249.82,DEPOT A,EN_COURS_INJECTION
2026-03-05,ART-1542,297.51,DEPOT A,EN_COURS_INJECTION
2026-02-28,ART-1736,443.78,ATELIER 1,EN_COURS_INJECTION
2026-02-05,ART-1392,89.12,DEPOT NORD,EN_COURS_INJECTION
2026-02-15,ART-1766,1224.76,DEPOT NORD,EN_COURS_INJECTION
2026-02-05,ART-1634,268.35,DEPOT B,EN_COURS_INJECTION
2026-01-31,ART-1067,76.02,ATELIER 1,EN_COURS_INJECTION
2026-01-15,ART-1188,604.16,ATELIER 1,EN_COURS_INJECTION
2026-01-05,ART-1591,942.63,DEPOT NORD,EN_COURS_INJECTION
2026-03-31,ART-1113,,ATELIER 1,EN_COURS_INJECTION
2026-02-15,ART-1642,1113.25,MAGASIN CENTRAL,EN_COURS_INJECTION
2026-02-28,ART-1062,913.15,ATELIER 1,EN_COURS_INJECTION
2026-03-31,ART-1464,1314.47,DEPOT NORD,EN_COURS_INJECTION
2026-04-30,ART-1282,999.95,DEPOT NORD,EN_COURS_INJECTION
2026-03-31,ART-1023,1045.48,MAGASIN CENTRAL,EN_COURS_INJECTION
2026-04-05,ART-1256,,DEPOT B,EN_COURS_INJECTION
2026-03-05,ART-1746,128.12,ATELIER 1,EN_COURS_INJECTION
2026-03-31,ART-1151,1383.16,ATELIER 1,EN_COURS_INJECTION
2026-02-15,ART-1713,134.6,ATELIER 1,EN_COURS_INJECTION
2026-03-05,ART-1197,852.91,MAGASIN CENTRAL,EN_COURS_INJECTION
2026-01-15,ART-1331,967.36,ATELIER 1,EN_COURS_INJECTION
2026-04-30,ART-1577,1472.16,DEPOT NORD,EN_COURS_INJECTION
2026-04-05,ART-1608,1487.64,MAGASIN CENTRAL,EN_COURS_INJECTION
2026-03-31,ART-1087,1460.2,DEPOT B,EN_COURS_INJECTION
2026-01-31,ART-1724,1272.73,DEPOT B,EN_COURS_INJECTION
2026-03-15,ART-1776,1361.78,ATELIER 1,EN_COURS_INJECTION
2026-01-31,ART-1106,911.57,DEPOT A,EN_COURS_INJECTION
2026-02-28,ART-1187,1112.74,DEPOT NORD,EN_COURS_INJECTION
2026-04-15,ART-1259,809.83,DEPOT B,EN_COURS_INJECTION
2026-02-05,ART-1776,1339.65,DEPOT B,EN_COURS_INJECTION
2026-02-15,ART-1482,1295.43,MAGASIN CENTRAL,EN_COURS_INJECTION
2026-03-15,ART-1637,883.61,MAGASIN CENTRAL,EN_COURS_INJECTION
2026-04-05,ART-1101,1381.99,ATELIER 1,EN_COURS_INJECTION
2026-01-05,ART-1607,423.6,ATELIER 1,EN_COURS_INJECTION
2026-04-30,ART-1522,206.91,MAGASIN CENTRAL,EN_COURS_INJECTION
2026-02-15,ART-1746,277.42,DEPOT A,EN_COURS_INJECTION
2026-02-28,ART-1515,1410.21,MAGASIN CENTRAL,EN_COURS_INJECTION
2026-02-05,ART-1084,745.78,ATELIER 1,EN_COURS_INJECTION
2026-04-05,ART-1419,1393.81,ATELIER 1,EN_COURS_INJECTION
2026-02-05,ART-1400,813.76,DEPOT B,EN_COURS_INJECTION
2026-03-05,ART-1792,1332.82,DEPOT NORD,EN_COURS_INJECTION
2026-01-15,ART-1023,203.39,ATELIER 1,EN_COURS_INJECTION
2026-03-15,ART-1084,127.28,MAGASIN CENTRAL,EN_COURS_INJECTION
2026-02-15,ART-1478,735.16,DEPOT NORD,EN_COURS_INJECTION
2026-04-05,ART-1075,126.67,DEPOT NORD,EN_COURS_INJECTION
2026-03-15,ART-1010,978.43,DEPOT A,EN_COURS_INJECTION
2026-01-05,ART-1570,70.94,ATELIER 1,EN_COURS_INJECTION
2026-02-28,ART-1448,764.52,DEPOT NORD,EN_COURS_INJECTION
2026-04-05,ART-1456,450.15,DEPOT B,EN_COURS_INJECTION
2026-03-15,ART-1711,202.49,ATELIER 1,EN_COURS_INJECTION
2026-02-15,ART-1298,1341.82,ATELIER 1,EN_COURS_INJECTION
2026-03-05,ART-1198,71.11,DEPOT NORD,EN_COURS_INJECTION
2026-02-15,ART-1712,675.71,DEPOT A,EN_COURS_INJECTION
2026-04-15,ART-1533,539.58,DEPOT A,EN_COURS_INJECTION
2026-04-05,ART-1691,301.59,MAGASIN CENTRAL,EN_COURS_INJECTION
2026-03-31,ART-1481,996.15,DEPOT NORD,EN_COURS_INJECTION
2026-02-15,ART-1414,506.48,MAGASIN CENTRAL,EN_COURS_INJECTION
2026-02-28,ART-1674,87.42,MAGASIN CENTRAL,EN_COURS_INJECTION
2026-04-30,ART-1613,22.36,ATELIER 1,EN_COURS_INJECTION
2026-02-15,ART-1568,139.91,MAGASIN CENTRAL,EN_COURS_INJECTION
2026-02-15,ART-1023,94.03,DEPOT A,EN_COURS_INJECTION
2026-04-15,ART-1736,1293.07,DEPOT B,EN_COURS_INJECTION
2026-04-05,ART-1317,158.15,DEPOT A,EN_COURS_INJECTION
2026-02-28,ART-1457,0.0,DEPOT NORD,EN_COURS_INJECTION
2026-01-15,ART-1795,1147.04,DEPOT NORD,EN_COURS_INJECTION
2026-01-15,ART-1157,677.53,DEPOT A,EN_COURS_INJECTION
2026-04-30,ART-1066,261.84,DEPOT NORD,EN_COURS_INJECTION
2026-03-05,ART-1633,772.29,DEPOT B,EN_COURS_INJECTION
2026-01-31,ART-1774,360.85,MAGASIN CENTRAL,EN_COURS_INJECTION
2026-03-31,ART-1239,1359.95,DEPOT NORD,EN_COURS_INJECTION
2026-04-15,ART-1648,661.07,DEPOT B,EN_COURS_INJECTION
2026-02-15,ART-1584,10.93,DEPOT A,EN_COURS_INJECTION
2026-02-15,ART-1648,704.16,DEPOT A,EN_COURS_INJECTION
2026-04-15,ART-1041,707.3,DEPOT B,EN_COURS_INJECTION
2026-01-31,ART-1125,1228.23,DEPOT NORD,EN_COURS_INJECTION
2026-03-31,ART-1416,1006.21,DEPOT B,EN_COURS_INJECTION
2026-01-05,ART-1198,19.44,DEPOT NORD,EN_COURS_INJECTION
2026-01-05,ART-1579,1428.9,DEPOT A,EN_COURS_INJECTION
2026-03-15,ART-1799,878.27,ATELIER 1,EN_COURS_INJECTION
2026-02-28,ART-1556,691.64,ATELIER 1,EN_COURS_INJECTION
2026-03-31,ART-1496,1243.16,DEPOT A,EN_COURS_INJECTION
2026-02-28,ART-1034,92.4,DEPOT A,EN_COURS_INJECTION
2026-04-15,ART-1176,463.06,DEPOT B,EN_COURS_INJECTION
2026-04-05,ART-1616,1494.9,MAGASIN CENTRAL,EN_COURS_INJECTION
2026-04-15,ART-1265,825.6,ATELIER 1,EN_COURS_INJECTION
2026-03-05,ART-1719,380.53,ATELIER 1,EN_COURS_INJECTION
2026-04-05,ART-1510,1182.25,DEPOT B,EN_COURS_INJECTION
2026-03-05,ART-1250,1083.5,DEPOT B,EN_COURS_INJECTION
2026-03-05,ART-1541,664.59,DEPOT NORD,EN_COURS_INJECTION
2026-04-30,ART-1122,116.91,ATELIER 1,EN_COURS_INJECTION
2026-03-15,ART-1136,409.02,MAGASIN CENTRAL,EN_COURS_INJECTION
2026-01-31,ART-1137,76.42,ATELIER 1,EN_COURS_INJECTION
2026-04-30,ART-1133,822.46,DEPOT A,EN_COURS_INJECTION
2026-03-31,ART-1681,1212.9,DEPOT B,EN_COURS_INJECTION
2026-02-05,ART-1411,501.16,MAGASIN CENTRAL,EN_COURS_INJECTION
2026-01-05,ART-1702,713.76,ATELIER 1,EN_COURS_INJECTION
2026-01-05,ART-1022,1433.34,MAGASIN CENTRAL,EN_COURS_INJECTION
2026-01-05,ART-1760,1256.02,DEPOT A,EN_COURS_INJECTION
2026-01-31,ART-1497,321.65,MAGASIN CENTRAL,EN_COURS_INJECTION
2026-01-05,ART-1178,1157.57,DEPOT A,EN_COURS_INJECTION
2026-02-15,ART-1614,717.04,MAGASIN CENTRAL,EN_COURS_INJECTION
2026-01-05,ART-1356,1488.34,ATELIER 1,EN_COURS_INJECTION
2026-01-05,ART-1712,1182.03,ATELIER 1,EN_COURS_INJECTION
2026-03-05,ART-1216,517.3,DEPOT NORD,EN_COURS_INJECTION
2026-04-05,ART-1252,536.15,DEPOT B,EN_COURS_INJECTION
2026-04-30,ART-1511,53.87,DEPOT NORD,EN_COURS_INJECTION
2026-04-15,ART-1212,292.19,DEPOT B,EN_COURS_INJECTION
2026-01-05,ART-1248,1144.37,DEPOT A,EN_COURS_INJECTION
2026-04-15,ART-1785,225.69,DEPOT NORD,EN_COURS_INJECTION
2026-01-05,ART-1560,379.89,DEPOT B,EN_COURS_INJECTION
2026-01-31,ART-1395,272.58,DEPOT NORD,EN_COURS_INJECTION
2026-04-30,ART-1384,675.99,ATELIER 1,EN_COURS_INJECTION
2026-03-05,ART-1567,,DEPOT A,EN_COURS_INJECTION
2026-04-15,ART-1717,1164.27,DEPOT B,EN_COURS_INJECTION
2026-04-30,ART-1199,55.09,MAGASIN CENTRAL,EN_COURS_INJECTION
2026-01-31,ART-1547,617.58,DEPOT NORD,EN_COURS_INJECTION
2026-04-15,ART-1734,397.36,DEPOT NORD,EN_COURS_INJECTION
2026-01-15,ART-1510,792.13,DEPOT NORD,EN_COURS_INJECTION
2026-04-15,ART-1790,1169.79,DEPOT A,EN_COURS_INJECTION
2026-01-05,ART-1729,546.47,DEPOT NORD,EN_COURS_INJECTION
2026-01-05,ART-1302,1087.89,DEPOT NORD,EN_COURS_INJECTION
2026-02-28,ART-1738,810.43,DEPOT A,EN_COURS_INJECTION
2026-03-15,ART-1142,849.02,DEPOT A,EN_COURS_INJECTION
2026-01-15,ART-1432,277.6,MAGASIN CENTRAL,EN_COURS_INJECTION
2026-03-15,ART-1118,1285.88,DEPOT A,EN_COURS_INJECTION
2026-04-30,ART-1406,1266.94,ATELIER 1,EN_COURS_INJECTION
2026-03-05,ART-1212,616.12,DEPOT A,EN_COURS_INJECTION
2026-01-31,ART-1134,697.03,DEPOT NORD,EN_COURS_INJECTION
2026-02-28,ART-1610,1212.78,ATELIER 1,EN_COURS_INJECTION
2026-04-15,ART-1069,1109.89,ATELIER 1,EN_COURS_INJECTION
2026-04-15,ART-1417,113.84,DEPOT A,EN_COURS_INJECTION
2026-02-05,ART-1639,917.81,MAGASIN CENTRAL,EN_COURS_INJECTION
2026-01-15,ART-1499,359.51,MAGASIN CENTRAL,EN_COURS_INJECTION
2026-01-05,ART-1111,983.55,DEPOT B,EN_COURS_INJECTION
2026-01-15,ART-1686,526.66,DEPOT NORD,EN_COURS_INJECTION
2026-02-05,ART-1253,450.02,DEPOT A,EN_COURS_INJECTION
2026-01-15,ART-1457,980.39,DEPOT B,EN_COURS_INJECTION
2026-01-31,ART-1786,746.38,DEPOT NORD,EN_COURS_INJECTION
2026-01-31,ART-1435,1106.16,DEPOT B,EN_COURS_INJECTION
2026-04-05,ART-1355,1232.76,DEPOT NORD,EN_COURS_INJECTION
2026-01-05,ART-1047,1175.22,DEPOT B,EN_COURS_INJECTION
2026-03-05,ART-1325,858.86,DEPOT B,EN_COURS_INJECTION
2026-03-31,ART-1255,213.31,DEPOT A,EN_COURS_INJECTION
2026-03-05,ART-1481,257.5,ATELIER 1,EN_COURS_INJECTION
2026-02-05,ART-1168,1073.53,DEPOT B,EN_COURS_INJECTION
2026-04-30,ART-1052,212.49,DEPOT NORD,EN_COURS_INJECTION
2026-04-30,ART-1700,784.95,DEPOT B,EN_COURS_INJECTION
2026-03-31,ART-1753,1451.65,DEPOT NORD,EN_COURS_INJECTION
2026-04-15,ART-1213,270.32,ATELIER 1,EN_COURS_INJECTION
2026-03-05,ART-1128,930.77,DEPOT A,EN_COURS_INJECTION
2026-02-05,ART-1575,32.73,ATELIER 1,EN_COURS_INJECTION
2026-03-31,ART-1602,917.1,DEPOT A,EN_COURS_INJECTION
2026-01-31,ART-1346,59.58,DEPOT NORD,EN_COURS_INJECTION
2026-04-15,ART-1160,1263.88,DEPOT NORD,EN_COURS_INJECTION
2026-01-15,ART-1595,1392.72,DEPOT B,EN_COURS_INJECTION
2026-03-31,ART-1745,583.06,DEPOT NORD,EN_COURS_INJECTION
2026-03-31,ART-1052,595.39,DEPOT B,EN_COURS_INJECTION
2026-01-05,ART-1501,6.83,MAGASIN CENTRAL,EN_COURS_INJECTION
2026-04-05,ART-1494,629.95,DEPOT B,EN_COURS_INJECTION
2026-01-15,ART-1027,6.75,MAGASIN CENTRAL,EN_COURS_INJECTION
2026-01-31,ART-1171,213.46,ATELIER 1,EN_COURS_INJECTION
2026-04-15,ART-1461,598.39,DEPOT NORD,EN_COURS_INJECTION
2026-03-05,ART-1326,587.8,DEPOT B,EN_COURS_INJECTION
2026-01-31,ART-1137,541.33,MAGASIN CENTRAL,EN_COURS_INJECTION
2026-01-31,ART-1520,1370.47,DEPOT A,EN_COURS_INJECTION
2026-04-05,ART-1652,1179.1,DEPOT NORD,EN_COURS_INJECTION
2026-03-15,ART-1777,149.97,MAGASIN CENTRAL,EN_COURS_INJECTION
2026-04-15,ART-1738,1149.39,MAGASIN CENTRAL,EN_COURS_INJECTION
2026-02-15,ART-1066,709.62,ATELIER 1,EN_COURS_INJECTION
2026-03-05,ART-1120,742.34,DEPOT NORD,EN_COURS_INJECTION
2026-03-05,ART-1501,653.17,DEPOT A,EN_COURS_INJECTION
2026-04-05,ART-1766,666.16,DEPOT B,EN_COURS_INJECTION
2026-01-05,ART-1380,890.58,DEPOT B,EN_COURS_INJECTION
2026-02-28,ART-1426,866.17,ATELIER 1,EN_COURS_INJECTION
2026-01-05,ART-1637,146.41,DEPOT A,EN_COURS_INJECTION
2026-02-05,ART-1404,1458.11,ATELIER 1,EN_COURS_INJECTION
2026-04-05,ART-1528,1123.62,ATELIER 1,EN_COURS_INJECTION
2026-01-05,ART-1717,113.95,DEPOT B,EN_COURS_INJECTION
2026-01-31,ART-1480,1234.03,DEPOT B,EN_COURS_INJECTION
2026-03-15,ART-1082,1202.52,DEPOT NORD,EN_COURS_INJECTION
2026-03-05,ART-1586,317.41,DEPOT NORD,EN_COURS_INJECTION
2026-02-28,ART-1121,860.61,MAGASIN CENTRAL,EN_COURS_INJECTION
2026-02-28,ART-1499,863.63,MAGASIN CENTRAL,EN_COURS_INJECTION
2026-01-15,ART-1621,631.86,DEPOT B,EN_COURS_INJECTION
2026-03-31,ART-1402,1166.51,MAGASIN CENTRAL,EN_COURS_INJECTION
2026-01-05,ART-1371,444.74,DEPOT A,EN_COURS_INJECTION
2026-02-05,ART-1413,1037.46,DEPOT NORD,EN_COURS_INJECTION
2026-02-05,ART-1384,588.4,MAGASIN CENTRAL,EN_COURS_INJECTION
2026-04-05,ART-1183,203.6,ATELIER 1,EN_COURS_INJECTION
2026-03-05,ART-1691,521.94,DEPOT NORD,EN_COURS_INJECTION
2026-01-15,ART-1506,88.61,MAGASIN CENTRAL,EN_COURS_INJECTION
2026-01-31,ART-1379,576.35,DEPOT B,EN_COURS_INJECTION
2026-01-05,ART-1506,949.36,DEPOT B,EN_COURS_INJECTION
2026-03-15,ART-1107,1277.23,DEPOT NORD,EN_COURS_INJECTION
2026-01-15,ART-1696,1335.96,MAGASIN CENTRAL,EN_COURS_INJECTION
2026-01-15,ART-1100,691.78,ATELIER 1,EN_COURS_INJECTION
2026-01-05,ART-1083,1060.34,DEPOT A,EN_COURS_INJECTION
2026-04-15,ART-1354,1451.33,MAGASIN CENTRAL,EN_COURS_INJECTION
2026-03-15,ART-1610,1144.56,ATELIER 1,EN_COURS_INJECTION
2026-03-15,ART-1670,720.83,DEPOT B,EN_COURS_INJECTION
2026-02-05,ART-1693,1312.05,DEPOT A,EN_COURS_INJECTION
2026-04-30,ART-1131,361.6,MAGASIN CENTRAL,EN_COURS_INJECTION
2026-01-31,ART-1276,695.64,ATELIER 1,EN_COURS_INJECTION
2026-02-28,ART-1351,305.49,MAGASIN CENTRAL,EN_COURS_INJECTION
2026-03-31,ART-1009,1466.93,ATELIER 1,EN_COURS_INJECTION
2026-03-31,ART-1201,1154.82,DEPOT A,EN_COURS_INJECTION
2026-02-05,ART-1791,459.64,DEPOT B,EN_COURS_INJECTION
2026-01-31,ART-1015,1330.17,MAGASIN CENTRAL,EN_COURS_INJECTION
2026-04-05,ART-1451,312.57,ATELIER 1,EN_COURS_INJECTION
2026-04-15,ART-1350,1497.2,DEPOT NORD,EN_COURS_INJECTION
2026-01-31,ART-1324,129.88,DEPOT A,EN_COURS_INJECTION
2026-03-15,ART-1640,226.36,DEPOT A,EN_COURS_INJECTION
2026-01-31,ART-1270,1115.67,DEPOT B,EN_COURS_INJECTION
2026-02-05,ART-1502,456.67,DEPOT A,EN_COURS_INJECTION
2026-01-05,ART-1217,865.14,DEPOT A,EN_COURS_INJECTION
2026-01-15,ART-1181,427.19,DEPOT NORD,EN_COURS_INJECTION
2026-03-05,ART-1296,568.15,DEPOT B,EN_COURS_INJECTION
2026-01-05,ART-1198,272.88,ATELIER 1,EN_COURS_INJECTION
2026-04-30,ART-1398,292.6,DEPOT B,EN_COURS_INJECTION
2026-01-31,ART-1114,1025.38,DEPOT A,EN_COURS_INJECTION
2026-02-28,ART-1054,1050.62,DEPOT B,EN_COURS_INJECTION
2026-04-15,ART-1351,921.68,DEPOT A,EN_COURS_INJECTION
2026-04-05,ART-1321,1067.06,DEPOT A,EN_COURS_INJECTION
2026-02-15,ART-1663,778.72,MAGASIN CENTRAL,EN_COURS_INJECTION
2026-04-15,ART-1733,1106.02,DEPOT A,EN_COURS_INJECTION
2026-02-28,ART-1407,147.97,MAGASIN CENTRAL,EN_COURS_INJECTION
2026-04-15,ART-1449,1033.23,DEPOT B,EN_COURS_INJECTION
2026-04-05,ART-1207,446.57,DEPOT NORD,EN_COURS_INJECTION
2026-03-31,ART-1417,869.11,DEPOT B,EN_COURS_INJECTION
2026-02-15,ART-1178,605.89,DEPOT NORD,EN_COURS_INJECTION
2026-03-05,ART-1229,554.64,MAGASIN CENTRAL,EN_COURS_INJECTION
2026-04-30,ART-1569,412.03,DEPOT B,EN_COURS_INJECTION
2026-01-31,ART-1100,923.93,MAGASIN CENTRAL,EN_COURS_INJECTION
2026-01-31,ART-1763,1495.84,ATELIER 1,EN_COURS_INJECTION
2026-02-05,ART-1715,67.88,DEPOT NORD,EN_COURS_INJECTION
2026-04-05,ART-1786,1104.25,MAGASIN CENTRAL,EN_COURS_INJECTION
2026-03-31,ART-1197,478.2,DEPOT A,EN_COURS_INJECTION
2026-03-15,ART-1380,313.02,ATELIER 1,EN_COURS_INJECTION
2026-02-05,ART-1289,83.41,DEPOT B,EN_COURS_INJECTION
2026-01-05,ART-1571,118.52,MAGASIN CENTRAL,EN_COURS_INJECTION
2026-02-28,ART-1554,1132.72,DEPOT A,EN_COURS_INJECTION
2026-03-31,ART-1002,341.83,DEPOT NORD,EN_COURS_INJECTION
2026-02-15,ART-1316,629.72,MAGASIN CENTRAL,EN_COURS_INJECTION
2026-01-31,ART-1029,1391.94,DEPOT B,EN_COURS_INJECTION
2026-04-15,ART-1299,138.69,DEPOT NORD,EN_COURS_INJECTION
2026-04-30,ART-1472,341.57,ATELIER 1,EN_COURS_INJECTION
2026-02-28,ART-1591,1082.63,DEPOT B,EN_COURS_INJECTION
2026-04-05,ART-1685,540.46,MAGASIN CENTRAL,EN_COURS_INJECTION
2026-03-15,ART-1386,1110.25,MAGASIN CENTRAL,EN_COURS_INJECTION
2026-02-05,ART-1535,857.82,ATELIER 1,EN_COURS_INJECTION
2026-03-31,ART-1358,1289.81,MAGASIN CENTRAL,EN_COURS_INJECTION
2026-03-31,ART-1311,420.12,DEPOT NORD,EN_COURS_INJECTION
2026-03-31,ART-1396,750.67,DEPOT A,EN_COURS_INJECTION
2026-04-15,ART-1048,1455.06,DEPOT B,EN_COURS_INJECTION
2026-02-05,ART-1780,623.06,MAGASIN CENTRAL,EN_COURS_INJECTION
2026-04-30,ART-1345,1482.64,DEPOT NORD,EN_COURS_INJECTION
2026-01-31,ART-1796,1419.32,MAGASIN CENTRAL,EN_COURS_INJECTION
2026-02-15,ART-1082,28.35,DEPOT B,EN_COURS_INJECTION
2026-03-05,ART-1549,386.67,DEPOT NORD,EN_COURS_INJECTION
2026-02-05,ART-1398,936.91,MAGASIN CENTRAL,EN_COURS_INJECTION
2026-01-31,ART-1314,678.92,DEPOT B,EN_COURS_INJECTION
2026-01-31,ART-1739,1432.97,MAGASIN CENTRAL,EN_COURS_INJECTION
2026-01-15,ART-1423,435.35,DEPOT B,EN_COURS_INJECTION
2026-04-15,ART-1105,98.84,DEPOT NORD,EN_COURS_INJECTION
2026-02-15,ART-1299,265.01,MAGASIN CENTRAL,EN_COURS_INJECTION
2026-04-30,ART-1464,461.64,DEPOT NORD,EN_COURS_INJECTION
2026-03-05,ART-1168,414.95,DEPOT B,EN_COURS_INJECTION
2026-02-05,ART-1281,524.56,ATELIER 1,EN_COURS_INJECTION
2026-01-05,ART-1196,1259.9,MAGASIN CENTRAL,EN_COURS_INJECTION
2026-02-05,ART-1476,223.3,DEPOT B,EN_COURS_INJECTION
2026-01-15,ART-1271,981.93,DEPOT NORD,EN_COURS_INJECTION
2026-03-15,ART-1660,694.17,DEPOT A,EN_COURS_INJECTION
2026-03-31,ART-1159,1230.38,DEPOT B,EN_COURS_INJECTION
2026-01-31,ART-1064,31.72,ATELIER 1,EN_COURS_INJECTION
2026-04-30,ART-1726,1007.63,MAGASIN CENTRAL,EN_COURS_INJECTION
2026-01-05,ART-1259,1204.54,ATELIER 1,EN_COURS_INJECTION
2026-01-15,ART-1391,826.33,DEPOT B,EN_COURS_INJECTION
2026-02-28,ART-1693,689.56,DEPOT A,EN_COURS_INJECTION
2026-01-31,ART-1065,514.44,DEPOT NORD,EN_COURS_INJECTION
2026-04-15,ART-1247,1066.61,DEPOT B,EN_COURS_INJECTION
2026-01-15,ART-1601,1157.28,DEPOT NORD,EN_COURS_INJECTION
2026-02-05,ART-1290,775.79,DEPOT NORD,EN_COURS_INJECTION
2026-04-05,ART-1552,348.96,DEPOT B,EN_COURS_INJECTION
2026-02-28,ART-1417,790.46,ATELIER 1,EN_COURS_INJECTION
2026-04-15,ART-1534,1102.04,DEPOT NORD,EN_COURS_INJECTION
2026-01-05,ART-1313,1257.72,DEPOT A,EN_COURS_INJECTION
2026-03-15,ART-1098,434.4,DEPOT NORD,EN_COURS_INJECTION
2026-03-05,ART-1075,546.38,DEPOT NORD,EN_COURS_INJECTION
2026-02-05,ART-1023,1305.25,DEPOT NORD,EN_COURS_INJECTION
2026-01-31,ART-1042,1223.37,DEPOT NORD,EN_COURS_INJECTION
2026-04-15,ART-1172,376.61,DEPOT B,EN_COURS_INJECTION
2026-03-05,ART-1733,544.16,DEPOT B,EN_COURS_INJECTION
2026-03-31,ART-1446,1018.11,DEPOT B,EN_COURS_INJECTION
2026-04-30,ART-1348,909.79,DEPOT A,EN_COURS_INJECTION
2026-04-30,ART-1128,1369.77,DEPOT A,EN_COURS_INJECTION
2026-04-15,ART-1423,138.03,DEPOT NORD,EN_COURS_INJECTION
2026-03-31,ART-1082,1459.09,DEPOT B,EN_COURS_INJECTION
2026-01-31,ART-1087,196.89,MAGASIN CENTRAL,EN_COURS_INJECTION
2026-04-15,ART-1299,276.35,DEPOT A,EN_COURS_INJECTION
2026-03-05,ART-1274,659.4,,EN_COURS_INJECTION
2026-01-05,ART-1533,230.43,DEPOT A,EN_COURS_INJECTION
2026-01-31,ART-1695,259.24,MAGASIN CENTRAL,EN_COURS_INJECTION
2026-01-05,ART-1338,420.0,MAGASIN CENTRAL,EN_COURS_INJECTION
2026-03-05,ART-1435,61.17,DEPOT NORD,EN_COURS_INJECTION
2026-04-30,ART-1286,832.7,DEPOT B,EN_COURS_INJECTION
2026-01-05,ART-1375,1100.36,MAGASIN CENTRAL,EN_COURS_INJECTION
2026-03-31,ART-1087,979.54,DEPOT NORD,EN_COURS_INJECTION
2026-01-31,ART-1204,938.22,MAGASIN CENTRAL,EN_COURS_INJECTION
2026-04-30,ART-1698,1049.85,DEPOT NORD,EN_COURS_INJECTION
2026-04-15,ART-1185,1491.06,DEPOT NORD,EN_COURS_INJECTION
2026-04-05,ART-1394,1031.03,ATELIER 1,EN_COURS_INJECTION
2026-04-30,ART-1425,64.91,MAGASIN CENTRAL,EN_COURS_INJECTION
2026-02-28,ART-1270,365.74,DEPOT A,EN_COURS_INJECTION
2026-02-05,ART-1652,496.29,DEPOT A,EN_COURS_INJECTION
2026-02-28,ART-1609,525.67,ATELIER 1,EN_COURS_INJECTION
2026-04-05,ART-1127,606.16,ATELIER 1,EN_COURS_INJECTION
2026-01-31,ART-1144,1055.16,DEPOT A,EN_COURS_INJECTION
2026-02-05,ART-1392,1464.43,DEPOT B,EN_COURS_INJECTION
2026-02-05,ART-1140,323.72,DEPOT B,EN_COURS_INJECTION
2026-02-15,ART-1580,85.04,DEPOT B,EN_COURS_INJECTION
2026-03-05,ART-1039,1396.88,ATELIER 1,EN_COURS_INJECTION
2026-01-05,ART-1244,1174.8,DEPOT B,EN_COURS_INJECTION
2026-02-28,ART-1727,1233.55,ATELIER 1,EN_COURS_INJECTION
2026-01-31,ART-1285,236.17,DEPOT B,EN_COURS_INJECTION
2026-04-30,ART-1764,858.47,DEPOT A,EN_COURS_INJECTION
2026-04-05,ART-1530,189.33,MAGASIN CENTRAL,EN_COURS_INJECTION
2026-01-05,ART-1513,1451.01,DEPOT A,EN_COURS_INJECTION
2026-04-15,ART-1336,589.92,DEPOT B,EN_COURS_INJECTION
2026-04-15,ART-1783,1003.64,DEPOT NORD,EN_COURS_INJECTION
2026-03-31,ART-1666,1495.87,MAGASIN CENTRAL,EN_COURS_INJECTION
2026-02-05,ART-1767,427.19,ATELIER 1,EN_COURS_INJECTION
2026-03-31,ART-1208,385.97,MAGASIN CENTRAL,EN_COURS_INJECTION
2026-01-15,ART-1192,339.25,MAGASIN CENTRAL,EN_COURS_INJECTION
2026-03-31,ART-1606,110.69,DEPOT NORD,EN_COURS_INJECTION
2026-02-28,ART-1633,880.45,DEPOT NORD,EN_COURS_INJECTION
2026-04-30,ART-1260,351.58,DEPOT A,EN_COURS_INJECTION
2026-04-05,ART-1458,1334.46,DEPOT A,EN_COURS_INJECTION
2026-04-30,ART-1680,256.89,DEPOT NORD,EN_COURS_INJECTION
2026-02-05,ART-1388,110.06,DEPOT A,EN_COURS_INJECTION
2026-04-15,ART-1411,1264.23,ATELIER 1,EN_COURS_INJECTION
2026-03-15,ART-1613,974.97,DEPOT A,EN_COURS_INJECTION
2026-03-15,ART-1268,1240.77,ATELIER 1,EN_COURS_INJECTION
2026-03-05,ART-1001,1086.5,MAGASIN CENTRAL,EN_COURS_INJECTION
2026-03-05,ART-1055,1014.86,DEPOT NORD,EN_COURS_INJECTION
2026-03-05,ART-1408,1406.12,DEPOT B,EN_COURS_INJECTION
2026-01-15,ART-1714,619.46,ATELIER 1,EN_COURS_INJECTION
2026-03-31,ART-1799,1499.33,DEPOT B,EN_COURS_INJECTION
2026-01-15,ART-1470,1014.19,DEPOT B,EN_COURS_INJECTION
2026-01-05,ART-1306,480.41,DEPOT NORD,EN_COURS_INJECTION
2026-04-05,ART-1113,794.04,ATELIER 1,EN_COURS_INJECTION
2026-04-30,ART-1094,351.49,DEPOT A,EN_COURS_INJECTION
2026-02-05,ART-1192,1089.78,DEPOT B,EN_COURS_INJECTION
2026-01-15,ART-1496,217.08,MAGASIN CENTRAL,EN_COURS_INJECTION
2026-04-30,ART-1352,376.97,MAGASIN CENTRAL,EN_COURS_INJECTION
2026-02-28,ART-1661,621.52,DEPOT NORD,EN_COURS_INJECTION
2026-04-30,ART-1528,1436.15,DEPOT B,EN_COURS_INJECTION
2026-02-15,ART-1055,427.89,DEPOT B,EN_COURS_INJECTION
2026-03-15,ART-1666,1149.66,ATELIER 1,EN_COURS_INJECTION
2026-02-28,ART-1334,459.94,MAGASIN CENTRAL,EN_COURS_INJECTION
2026-01-31,ART-1077,808.8,ATELIER 1,EN_COURS_INJECTION
2026-04-30,ART-1564,968.96,DEPOT B,EN_COURS_INJECTION
2026-01-15,ART-1648,53.3,ATELIER 1,EN_COURS_INJECTION
2026-01-15,ART-1402,1225.28,MAGASIN CENTRAL,EN_COURS_INJECTION
2026-04-15,ART-1580,515.57,DEPOT NORD,EN_COURS_INJECTION
2026-02-15,ART-1589,1042.82,DEPOT NORD,EN_COURS_INJECTION
2026-04-15,ART-1557,1258.26,DEPOT A,EN_COURS_INJECTION
2026-03-05,ART-1114,473.4,DEPOT A,EN_COURS_INJECTION
2026-01-05,ART-1197,1385.06,ATELIER 1,EN_COURS_INJECTION
2026-04-30,ART-1214,287.62,DEPOT NORD,EN_COURS_INJECTION
2026-04-15,ART-1598,832.89,DEPOT A,EN_COURS_INJECTION
2026-01-05,ART-1672,1155.67,ATELIER 1,EN_COURS_INJECTION
2026-03-31,ART-1141,928.73,MAGASIN CENTRAL,EN_COURS_INJECTION
2026-04-30,ART-1130,404.67,DEPOT A,EN_COURS_INJECTION
2026-03-15,ART-1100,634.88,ATELIER 1,EN_COURS_INJECTION
2026-04-15,ART-1762,932.12,DEPOT NORD,EN_COURS_INJECTION
2026-03-05,ART-1559,636.46,DEPOT B,EN_COURS_INJECTION
2026-03-31,ART-1191,776.71,DEPOT A,EN_COURS_INJECTION
2026-04-30,ART-1667,1236.23,ATELIER 1,EN_COURS_INJECTION
2026-01-05,ART-1282,693.39,DEPOT A,EN_COURS_INJECTION
2026-01-31,ART-1336,488.27,DEPOT A,EN_COURS_INJECTION
2026-03-15,ART-1521,996.92,DEPOT B,EN_COURS_INJECTION
2026-01-05,ART-1218,1032.76,DEPOT B,EN_COURS_INJECTION
2026-03-15,ART-1659,682.02,ATELIER 1,EN_COURS_INJECTION
2026-02-15,ART-1193,714.74,DEPOT B,EN_COURS_INJECTION
2026-02-28,ART-1065,596.46,MAGASIN CENTRAL,EN_COURS_INJECTION
2026-03-31,ART-1216,143.85,DEPOT B,EN_COURS_INJECTION
2026-03-05,ART-1171,879.83,DEPOT NORD,EN_COURS_INJECTION
2026-02-15,ART-1495,230.78,MAGASIN CENTRAL,EN_COURS_INJECTION
2026-04-30,ART-1277,854.98,DEPOT A,EN_COURS_INJECTION
2026-04-05,ART-1030,932.07,MAGASIN CENTRAL,EN_COURS_INJECTION
2026-03-15,ART-1295,154.44,DEPOT A,EN_COURS_INJECTION
2026-01-31,ART-1536,1348.78,ATELIER 1,EN_COURS_INJECTION
2026-04-30,ART-1298,989.82,MAGASIN CENTRAL,EN_COURS_INJECTION
2026-03-31,ART-1038,1301.71,ATELIER 1,EN_COURS_INJECTION
2026-02-28,ART-1223,111.86,DEPOT A,EN_COURS_INJECTION
2026-02-28,ART-1449,743.5,ATELIER 1,EN_COURS_INJECTION
2026-04-05,ART-1176,610.15,DEPOT NORD,EN_COURS_INJECTION
2026-04-30,ART-1053,1085.12,DEPOT B,EN_COURS_INJECTION
2026-04-15,ART-1575,1317.59,ATELIER 1,EN_COURS_INJECTION
2026-04-15,ART-1440,1148.42,DEPOT B,EN_COURS_INJECTION
2026-03-31,ART-1578,782.87,MAGASIN CENTRAL,EN_COURS_INJECTION
2026-04-15,ART-1222,700.44,DEPOT NORD,EN_COURS_INJECTION
2026-03-05,ART-1193,384.83,DEPOT B,EN_COURS_INJECTION
2026-01-05,ART-1244,637.99,ATELIER 1,EN_COURS_INJECTION
2026-02-15,ART-1547,1103.49,MAGASIN CENTRAL,EN_COURS_INJECTION
2026-01-05,ART-1284,615.19,ATELIER 1,EN_COURS_INJECTION
2026-02-05,ART-1658,332.84,DEPOT B,EN_COURS_INJECTION
2026-04-15,ART-1487,1057.46,DEPOT NORD,EN_COURS_INJECTION
2026-03-05,ART-1588,1407.92,DEPOT NORD,EN_COURS_INJECTION
2026-02-05,ART-1333,1210.35,DEPOT B,EN_COURS_INJECTION
2026-03-05,ART-1781,1172.03,MAGASIN CENTRAL,EN_COURS_INJECTION
2026-04-30,ART-1337,173.49,DEPOT A,EN_COURS_INJECTION
2026-04-30,ART-1201,79.97,DEPOT NORD,EN_COURS_INJECTION
2026-01-05,ART-1484,651.83,DEPOT A,EN_COURS_INJECTION
2026-03-15,ART-1743,1378.83,DEPOT NORD,EN_COURS_INJECTION
2026-03-05,ART-1514,0.0,DEPOT A,EN_COURS_INJECTION
2026-02-15,ART-1520,405.08,ATELIER 1,EN_COURS_INJECTION
2026-02-15,ART-1271,540.0,DEPOT A,EN_COURS_INJECTION
2026-04-30,ART-1390,62.63,DEPOT B,EN_COURS_INJECTION
2026-01-05,ART-1378,1044.77,ATELIER 1,EN_COURS_INJECTION
2026-04-15,ART-1520,543.3,DEPOT B,EN_COURS_INJECTION
2026-03-05,ART-1620,1054.51,DEPOT NORD,EN_COURS_INJECTION
2026-02-05,ART-1660,687.84,ATELIER 1,EN_COURS_INJECTION
2026-03-15,ART-1787,164.3,MAGASIN CENTRAL,EN_COURS_INJECTION
2026-03-15,ART-1781,91.64,ATELIER 1,EN_COURS_INJECTION
2026-04-30,ART-1599,587.98,DEPOT B,EN_COURS_INJECTION
2026-03-05,ART-1733,676.45,MAGASIN CENTRAL,EN_COURS_INJECTION
2026-03-05,ART-1691,22.65,DEPOT B,EN_COURS_INJECTION
2026-01-31,ART-1170,1451.4,DEPOT A,EN_COURS_INJECTION
2026-04-30,ART-1704,1279.05,DEPOT A,EN_COURS_INJECTION
2026-04-15,ART-1765,646.66,DEPOT NORD,EN_COURS_INJECTION
2026-01-15,ART-1108,330.62,DEPOT B,EN_COURS_INJECTION
2026-04-05,ART-1281,1378.57,MAGASIN CENTRAL,EN_COURS_INJECTION
2026-02-15,ART-1737,427.5,DEPOT NORD,EN_COURS_INJECTION
2026-04-15,ART-1198,1093.36,DEPOT NORD,EN_COURS_INJECTION
2026-03-15,ART-1087,1496.09,DEPOT B,EN_COURS_INJECTION
2026-03-15,ART-1169,1129.74,DEPOT NORD,EN_COURS_INJECTION
2026-04-30,ART-1773,1268.24,DEPOT B,EN_COURS_INJECTION
2026-04-30,ART-1295,9.64,DEPOT NORD,EN_COURS_INJECTION
2026-04-15,ART-1724,928.9,DEPOT B,EN_COURS_INJECTION
2026-01-15,ART-1003,408.31,DEPOT B,EN_COURS_INJECTION
2026-04-05,ART-1494,1131.73,DEPOT NORD,EN_COURS_INJECTION
2026-02-28,ART-1618,13.16,DEPOT NORD,EN_COURS_INJECTION
2026-02-15,ART-1498,94.86,ATELIER 1,EN_COURS_INJECTION
2026-01-31,ART-1150,60.09,DEPOT NORD,EN_COURS_INJECTION
2026-03-05,ART-1788,,DEPOT NORD,EN_COURS_INJECTION
2026-01-05,ART-1179,59.97,ATELIER 1,EN_COURS_INJECTION
2026-01-05,ART-1752,1143.72,DEPOT B,EN_COURS_INJECTION
2026-04-15,ART-1301,682.27,ATELIER 1,EN_COURS_INJECTION
2026-03-31,ART-1046,943.41,DEPOT B,EN_COURS_INJECTION
2026-03-31,ART-1197,661.2,DEPOT B,EN_COURS_INJECTION
2026-02-05,ART-1774,1481.75,ATELIER 1,EN_COURS_INJECTION
2026-01-15,ART-1609,1135.51,DEPOT NORD,EN_COURS_INJECTION
2026-03-15,ART-1267,1435.31,ATELIER 1,EN_COURS_INJECTION
2026-03-05,ART-1551,426.34,DEPOT NORD,EN_COURS_INJECTION
2026-04-15,ART-1034,438.41,DEPOT B,EN_COURS_INJECTION
2026-01-05,ART-1669,810.4,MAGASIN CENTRAL,EN_COURS_INJECTION
2026-02-28,ART-1124,1304.1,MAGASIN CENTRAL,EN_COURS_INJECTION
2026-03-15,ART-1363,1317.15,ATELIER 1,EN_COURS_INJECTION
2026-04-30,ART-1081,337.56,DEPOT B,EN_COURS_INJECTION
2026-01-05,ART-1379,188.41,DEPOT A,EN_COURS_INJECTION
2026-03-05,ART-1387,124.97,DEPOT NORD,EN_COURS_INJECTION
2026-01-05,ART-1129,1124.04,DEPOT B,EN_COURS_INJECTION
2026-01-31,ART-1541,194.76,DEPOT A,EN_COURS_INJECTION
2026-01-31,ART-1635,1051.57,DEPOT NORD,EN_COURS_INJECTION
2026-02-05,ART-1193,893.95,DEPOT NORD,EN_COURS_INJECTION
2026-01-31,ART-1094,242.93,DEPOT NORD,EN_COURS_INJECTION
2026-02-15,ART-1478,1217.74,DEPOT B,EN_COURS_INJECTION
2026-02-28,ART-1766,836.01,MAGASIN CENTRAL,EN_COURS_INJECTION
2026-03-15,ART-1154,1275.42,DEPOT B,EN_COURS_INJECTION
2026-03-15,ART-1685,1192.92,MAGASIN CENTRAL,EN_COURS_INJECTION
2026-04-30,ART-1074,1172.54,DEPOT NORD,EN_COURS_INJECTION
2026-02-15,ART-1120,374.61,MAGASIN CENTRAL,EN_COURS_INJECTION
2026-03-31,ART-1312,798.11,DEPOT B,EN_COURS_INJECTION
2026-01-05,ART-1263,793.94,DEPOT A,EN_COURS_INJECTION
2026-04-15,ART-1381,895.51,DEPOT B,EN_COURS_INJECTION
2026-01-05,ART-1638,1268.76,DEPOT A,EN_COURS_INJECTION
2026-02-05,ART-1255,21.46,DEPOT B,EN_COURS_INJECTION
2026-01-05,ART-1513,21.26,DEPOT B,EN_COURS_INJECTION
2026-03-15,ART-1784,358.94,DEPOT NORD,EN_COURS_INJECTION
2026-04-05,ART-1429,621.8,DEPOT A,EN_COURS_INJECTION
2026-01-05,ART-1437,804.17,MAGASIN CENTRAL,EN_COURS_INJECTION
2026-01-05,ART-1088,238.64,DEPOT NORD,EN_COURS_INJECTION
2026-02-05,ART-1125,397.38,MAGASIN CENTRAL,EN_COURS_INJECTION
2026-01-15,ART-1143,931.23,DEPOT A,EN_COURS_INJECTION
2026-03-05,ART-1319,634.53,DEPOT NORD,EN_COURS_INJECTION
2026-01-15,ART-1402,1435.38,DEPOT A,EN_COURS_INJECTION
2026-01-15,ART-1724,1278.4,ATELIER 1,EN_COURS_INJECTION
2026-01-05,ART-1348,48.83,DEPOT B,EN_COURS_INJECTION
2026-02-15,ART-1481,1199.56,DEPOT A,EN_COURS_INJECTION
2026-01-31,ART-1436,1263.09,DEPOT B,EN_COURS_INJECTION
2026-03-15,ART-1663,1102.76,ATELIER 1,EN_COURS_INJECTION
2026-04-05,ART-1575,172.94,MAGASIN CENTRAL,EN_COURS_INJECTION
2026-02-05,ART-1464,1085.29,DEPOT NORD,EN_COURS_INJECTION
2026-04-30,ART-1641,1249.13,DEPOT A,EN_COURS_INJECTION
2026-03-15,ART-1380,169.75,MAGASIN CENTRAL,EN_COURS_INJECTION
2026-02-05,ART-1001,1324.69,DEPOT A,EN_COURS_INJECTION
2026-04-05,ART-1742,701.2,DEPOT A,EN_COURS_INJECTION
2026-02-05,ART-1139,1312.03,MAGASIN CENTRAL,EN_COURS_INJECTION
2026-01-05,ART-1136,152.94,ATELIER 1,EN_COURS_INJECTION
2026-02-28,ART-1718,622.98,ATELIER 1,EN_COURS_INJECTION
2026-04-30,ART-1708,969.77,DEPOT A,EN_COURS_INJECTION
2026-04-15,ART-1781,834.39,DEPOT A,EN_COURS_INJECTION
2026-01-05,ART-1322,134.56,DEPOT A,EN_COURS_INJECTION
2026-01-15,ART-1330,238.73,MAGASIN CENTRAL,EN_COURS_INJECTION
2026-01-05,ART-1682,747.56,DEPOT A,EN_COURS_INJECTION
2026-04-30,ART-1238,371.83,DEPOT B,EN_COURS_INJECTION
2026-02-05,ART-1137,630.47,DEPOT B,EN_COURS_INJECTION
2026-01-15,ART-1522,1198.82,DEPOT A,EN_COURS_INJECTION
2026-04-15,ART-1703,985.54,DEPOT NORD,EN_COURS_INJECTION
2026-04-05,ART-1416,1342.26,DEPOT B,EN_COURS_INJECTION
2026-01-05,ART-1725,1015.49,DEPOT NORD,EN_COURS_INJECTION
2026-04-30,ART-1080,708.56,ATELIER 1,EN_COURS_INJECTION
2026-01-31,ART-1689,1403.74,MAGASIN CENTRAL,EN_COURS_INJECTION
2026-01-05,ART-1716,761.01,DEPOT B,EN_COURS_INJECTION
2026-03-05,ART-1712,956.07,DEPOT NORD,EN_COURS_INJECTION
2026-01-31,ART-1510,263.67,DEPOT NORD,EN_COURS_INJECTION
2026-04-15,ART-1254,513.06,DEPOT A,EN_COURS_INJECTION
2026-01-31,ART-1096,1046.24,ATELIER 1,EN_COURS_INJECTION
2026-01-15,ART-1707,910.78,MAGASIN CENTRAL,EN_COURS_INJECTION
2026-04-30,ART-1376,601.34,MAGASIN CENTRAL,EN_COURS_INJECTION
2026-02-15,ART-1566,0.0,DEPOT B,EN_COURS_INJECTION
2026-04-05,ART-1325,1374.41,DEPOT A,EN_COURS_INJECTION
2026-04-05,ART-1526,1203.5,ATELIER 1,EN_COURS_INJECTION
2026-03-15,ART-1262,1190.2,DEPOT B,EN_COURS_INJECTION
2026-03-15,ART-1167,1071.84,DEPOT NORD,EN_COURS_INJECTION
2026-04-15,ART-1294,8.48,DEPOT B,EN_COURS_INJECTION
2026-02-28,ART-1595,1056.38,MAGASIN CENTRAL,EN_COURS_INJECTION
2026-01-15,ART-1474,919.38,ATELIER 1,EN_COURS_INJECTION
2026-04-05,ART-1147,38.67,ATELIER 1,EN_COURS_INJECTION
2026-02-28,ART-1520,1010.28,DEPOT B,EN_COURS_INJECTION
2026-01-05,ART-1071,303.4,MAGASIN CENTRAL,EN_COURS_INJECTION
2026-03-05,ART-1539,480.95,DEPOT B,EN_COURS_INJECTION
2026-02-28,ART-1071,771.13,ATELIER 1,EN_COURS_INJECTION
2026-04-05,ART-1193,408.89,DEPOT B,EN_COURS_INJECTION
2026-04-15,ART-1269,115.11,DEPOT NORD,EN_COURS_INJECTION
2026-01-31,ART-1565,519.24,DEPOT A,EN_COURS_INJECTION
2026-01-15,ART-1533,374.57,DEPOT A,EN_COURS_INJECTION
2026-04-15,ART-1498,151.6,DEPOT B,EN_COURS_INJECTION
2026-01-05,ART-1569,1416.46,ATELIER 1,EN_COURS_INJECTION
2026-01-15,ART-1559,620.03,DEPOT NORD,EN_COURS_INJECTION
2026-03-15,ART-1294,689.29,,EN_COURS_INJECTION
2026-03-15,ART-1386,1402.61,ATELIER 1,EN_COURS_INJECTION
2026-04-30,ART-1226,1460.22,MAGASIN CENTRAL,EN_COURS_INJECTION
2026-01-15,ART-1718,1345.38,DEPOT B,EN_COURS_INJECTION
2026-02-05,ART-1364,683.56,DEPOT A,EN_COURS_INJECTION
2026-01-15,ART-1103,467.55,DEPOT A,EN_COURS_INJECTION
2026-04-15,ART-1078,937.28,ATELIER 1,EN_COURS_INJECTION
2026-04-15,ART-1127,540.96,DEPOT A,EN_COURS_INJECTION
2026-04-30,ART-1614,1389.8,DEPOT A,EN_COURS_INJECTION
2026-01-15,ART-1651,1396.36,ATELIER 1,EN_COURS_INJECTION
2026-02-28,ART-1232,1367.14,DEPOT NORD,EN_COURS_INJECTION
2026-02-15,ART-1136,1261.23,DEPOT B,EN_COURS_INJECTION
2026-01-15,ART-1784,651.09,DEPOT B,EN_COURS_INJECTION
2026-01-05,ART-1102,1254.31,DEPOT B,EN_COURS_INJECTION
2026-04-05,ART-1768,1433.55,DEPOT B,EN_COURS_INJECTION
2026-02-15,ART-1706,52.89,DEPOT B,EN_COURS_INJECTION
2026-04-15,ART-1788,963.93,DEPOT A,EN_COURS_INJECTION
2026-01-15,ART-1424,772.81,MAGASIN CENTRAL,EN_COURS_INJECTION
2026-02-28,ART-1242,1070.54,DEPOT B,EN_COURS_INJECTION
2026-03-15,ART-1325,800.22,DEPOT A,EN_COURS_INJECTION
2026-02-05,ART-1145,1037.01,DEPOT A,EN_COURS_INJECTION
2026-03-15,ART-1744,406.0,DEPOT A,EN_COURS_INJECTION
2026-04-05,ART-1627,1189.33,MAGASIN CENTRAL,EN_COURS_INJECTION
2026-03-31,ART-1548,143.6,DEPOT NORD,EN_COURS_INJECTION
2026-01-05,ART-1705,1055.98,MAGASIN CENTRAL,EN_COURS_INJECTION
2026-01-05,ART-1403,882.44,DEPOT NORD,EN_COURS_INJECTION
2026-03-05,ART-1429,1278.42,DEPOT NORD,EN_COURS_INJECTION
2026-02-28,ART-1275,495.79,DEPOT NORD,EN_COURS_INJECTION
2026-01-05,ART-1492,780.98,DEPOT B,EN_COURS_INJECTION
2026-01-31,ART-1399,453.77,DEPOT NORD,EN_COURS_INJECTION
2026-02-15,ART-1638,1100.36,MAGASIN CENTRAL,EN_COURS_INJECTION
2026-02-15,ART-1126,1317.86,MAGASIN CENTRAL,EN_COURS_INJECTION
2026-04-15,ART-1708,1243.59,DEPOT B,EN_COURS_INJECTION
2026-02-28,ART-1103,543.79,DEPOT A,EN_COURS_INJECTION
2026-03-31,ART-1551,745.19,DEPOT NORD,EN_COURS_INJECTION
2026-03-31,ART-1592,482.66,ATELIER 1,EN_COURS_INJECTION
2026-03-31,ART-1676,1261.9,DEPOT B,EN_COURS_INJECTION
2026-04-30,ART-1534,1197.92,DEPOT B,EN_COURS_INJECTION
2026-03-15,ART-1555,7.94,DEPOT A,EN_COURS_INJECTION
2026-02-28,ART-1410,366.9,DEPOT B,EN_COURS_INJECTION
2026-04-30,ART-1351,1311.38,DEPOT B,EN_COURS_INJECTION
2026-01-05,ART-1439,1410.43,DEPOT NORD,EN_COURS_INJECTION
2026-02-28,ART-1553,524.47,MAGASIN CENTRAL,EN_COURS_INJECTION
2026-04-05,ART-1769,957.96,DEPOT B,EN_COURS_INJECTION
2026-02-05,ART-1322,1416.44,DEPOT A,EN_COURS_INJECTION
2026-01-15,ART-1470,1119.01,ATELIER 1,EN_COURS_INJECTION
2026-04-05,ART-1245,606.03,ATELIER 1,EN_COURS_INJECTION
2026-04-05,ART-1401,177.62,DEPOT NORD,EN_COURS_INJECTION
2026-03-31,ART-1563,642.59,MAGASIN CENTRAL,EN_COURS_INJECTION
2026-01-05,ART-1420,387.2,MAGASIN CENTRAL,EN_COURS_INJECTION
2026-01-05,ART-1129,497.39,DEPOT A,EN_COURS_INJECTION
2026-01-31,ART-1064,936.65,MAGASIN CENTRAL,EN_COURS_INJECTION
2026-02-28,ART-1304,549.27,DEPOT B,EN_COURS_INJECTION
2026-02-15,ART-1090,1204.05,DEPOT A,EN_COURS_INJECTION
2026-03-15,ART-1445,413.95,DEPOT B,EN_COURS_INJECTION
2026-01-15,ART-1511,1373.38,DEPOT B,EN_COURS_INJECTION
2026-04-30,ART-1493,952.2,DEPOT B,EN_COURS_INJECTION
2026-04-15,ART-1679,850.85,DEPOT A,EN_COURS_INJECTION
2026-03-15,ART-1579,953.03,MAGASIN CENTRAL,EN_COURS_INJECTION
2026-03-05,ART-1721,698.33,DEPOT NORD,EN_COURS_INJECTION
2026-02-28,ART-1356,1343.05,DEPOT NORD,EN_COURS_INJECTION
2026-03-05,ART-1573,546.47,DEPOT B,EN_COURS_INJECTION
2026-01-05,ART-1792,180.7,DEPOT A,EN_COURS_INJECTION
2026-01-15,ART-1162,161.25,DEPOT A,EN_COURS_INJECTION
2026-03-15,ART-1091,181.35,DEPOT A,EN_COURS_INJECTION
2026-04-15,ART-1205,618.89,DEPOT NORD,EN_COURS_INJECTION
2026-03-15,ART-1735,116.11,ATELIER 1,EN_COURS_INJECTION
2026-03-31,ART-1087,1452.5,MAGASIN CENTRAL,EN_COURS_INJECTION
2026-03-31,ART-1333,645.43,ATELIER 1,EN_COURS_INJECTION
2026-04-05,ART-1154,891.38,DEPOT B,EN_COURS_INJECTION
2026-04-05,ART-1649,216.44,ATELIER 1,EN_COURS_INJECTION
2026-04-30,ART-1657,1167.91,MAGASIN CENTRAL,EN_COURS_INJECTION
2026-04-05,ART-1729,1362.96,ATELIER 1,EN_COURS_INJECTION
2026-02-28,ART-1798,475.29,DEPOT B,EN_COURS_INJECTION
2026-03-31,ART-1233,83.95,DEPOT B,EN_COURS_INJECTION
2026-04-15,ART-1408,657.16,DEPOT NORD,EN_COURS_INJECTION
2026-04-05,ART-1347,54.92,DEPOT A,EN_COURS_INJECTION
2026-01-31,ART-1593,250.38,DEPOT NORD,EN_COURS_INJECTION
2026-02-15,ART-1317,126.88,MAGASIN CENTRAL,EN_COURS_INJECTION
2026-03-31,ART-1401,563.76,ATELIER 1,EN_COURS_INJECTION
2026-04-05,ART-1427,693.76,DEPOT A,EN_COURS_INJECTION
2026-03-31,ART-1701,758.08,MAGASIN CENTRAL,EN_COURS_INJECTION
2026-01-15,ART-1748,81.33,DEPOT B,EN_COURS_INJECTION
2026-04-15,ART-1324,1455.25,DEPOT A,EN_COURS_INJECTION
2026-02-05,ART-1670,577.86,DEPOT NORD,EN_COURS_INJECTION
2026-04-05,ART-1559,1301.05,DEPOT NORD,EN_COURS_INJECTION
2026-04-05,ART-1183,1307.57,DEPOT A,EN_COURS_INJECTION
2026-02-05,ART-1746,1155.33,MAGASIN CENTRAL,EN_COURS_INJECTION
2026-01-31,ART-1682,134.45,DEPOT A,EN_COURS_INJECTION
2026-04-30,ART-1491,1249.7,DEPOT NORD,EN_COURS_INJECTION
2026-03-05,ART-1342,1294.71,MAGASIN CENTRAL,EN_COURS_INJECTION
2026-01-05,ART-1646,1319.92,MAGASIN CENTRAL,EN_COURS_INJECTION
2026-04-05,ART-1221,126.56,MAGASIN CENTRAL,EN_COURS_INJECTION
2026-01-15,ART-1472,31.44,MAGASIN CENTRAL,EN_COURS_INJECTION
2026-03-31,ART-1418,48.57,DEPOT B,EN_COURS_INJECTION
2026-01-15,ART-1122,72.68,DEPOT B,EN_COURS_INJECTION
2026-03-15,ART-1505,1307.89,DEPOT NORD,EN_COURS_INJECTION
2026-02-15,ART-1009,1011.56,MAGASIN CENTRAL,EN_COURS_INJECTION
2026-02-15,ART-1658,13.45,ATELIER 1,EN_COURS_INJECTION
2026-02-28,ART-1386,1498.55,DEPOT B,EN_COURS_INJECTION
2026-03-31,ART-1098,1227.26,MAGASIN CENTRAL,EN_COURS_INJECTION
2026-02-15,ART-1762,30.1,DEPOT B,EN_COURS_INJECTION
2026-02-05,ART-1527,604.76,ATELIER 1,EN_COURS_INJECTION
2026-02-28,ART-1790,693.26,MAGASIN CENTRAL,EN_COURS_INJECTION
2026-02-28,ART-1079,400.85,MAGASIN CENTRAL,EN_COURS_INJECTION
2026-01-15,ART-1413,1162.01,ATELIER 1,EN_COURS_INJECTION
2026-01-05,ART-1667,483.49,DEPOT A,EN_COURS_INJECTION
2026-03-31,ART-1211,489.2,DEPOT NORD,EN_COURS_INJECTION
2026-02-15,ART-1668,156.42,MAGASIN CENTRAL,EN_COURS_INJECTION
2026-02-15,ART-1332,81.08,ATELIER 1,EN_COURS_INJECTION
2026-01-05,ART-1774,1261.68,MAGASIN CENTRAL,EN_COURS_INJECTION
2026-03-05,ART-1303,1300.72,ATELIER 1,EN_COURS_INJECTION
2026-03-15,ART-1706,1384.17,MAGASIN CENTRAL,EN_COURS_INJECTION
2026-02-05,ART-1477,1057.09,DEPOT A,EN_COURS_INJECTION
2026-01-31,ART-1487,1321.81,ATELIER 1,EN_COURS_INJECTION
2026-04-30,ART-1655,258.77,DEPOT NORD,EN_COURS_INJECTION
2026-01-31,ART-1035,137.12,DEPOT A,EN_COURS_INJECTION
2026-01-31,ART-1139,1367.81,MAGASIN CENTRAL,EN_COURS_INJECTION
2026-02-05,ART-1069,327.61,DEPOT B,EN_COURS_INJECTION
2026-01-31,ART-1041,1283.63,MAGASIN CENTRAL,EN_COURS_INJECTION
2026-04-30,ART-1534,1088.64,DEPOT A,EN_COURS_INJECTION
2026-02-05,ART-1689,1398.56,DEPOT A,EN_COURS_INJECTION
2026-04-30,ART-1693,551.3,DEPOT A,EN_COURS_INJECTION
2026-01-31,ART-1480,59.83,DEPOT A,EN_COURS_INJECTION
2026-01-05,ART-1152,907.67,DEPOT A,EN_COURS_INJECTION
2026-04-05,ART-1771,117.47,MAGASIN CENTRAL,EN_COURS_INJECTION
2026-03-15,ART-1199,48.71,MAGASIN CENTRAL,EN_COURS_INJECTION
2026-02-15,ART-1469,135.04,ATELIER 1,EN_COURS_INJECTION
2026-03-31,ART-1495,1485.47,MAGASIN CENTRAL,EN_COURS_INJECTION
2026-02-15,ART-1266,1215.68,DEPOT A,EN_COURS_INJECTION
2026-04-30,ART-1597,833.26,DEPOT B,EN_COURS_INJECTION
2026-02-05,ART-1062,692.37,MAGASIN CENTRAL,EN_COURS_INJECTION
2026-04-15,ART-1472,248.85,DEPOT A,EN_COURS_INJECTION
2026-02-28,ART-1237,1241.02,MAGASIN CENTRAL,EN_COURS_INJECTION
2026-04-30,ART-1743,1111.38,DEPOT NORD,EN_COURS_INJECTION
2026-01-15,ART-1645,972.67,MAGASIN CENTRAL,EN_COURS_INJECTION
2026-04-05,ART-1699,393.5,DEPOT NORD,EN_COURS_INJECTION
2026-04-15,ART-1706,1088.01,DEPOT A,EN_COURS_INJECTION
2026-01-15,ART-1480,142.35,DEPOT NORD,EN_COURS_INJECTION
2026-03-31,ART-1176,773.24,DEPOT B,EN_COURS_INJECTION
2026-02-05,ART-1250,60.94,DEPOT NORD,EN_COURS_INJECTION
2026-02-15,ART-1132,928.21,DEPOT NORD,EN_COURS_INJECTION
2026-02-05,ART-1227,93.63,DEPOT NORD,EN_COURS_INJECTION
2026-02-15,ART-1520,1018.41,DEPOT NORD,EN_COURS_INJECTION
2026-01-05,ART-1132,0.0,DEPOT A,EN_COURS_INJECTION
2026-02-28,ART-1756,626.98,DEPOT B,EN_COURS_INJECTION
2026-04-15,ART-1160,426.99,DEPOT A,EN_COURS_INJECTION
2026-04-30,ART-1695,437.54,DEPOT A,EN_COURS_INJECTION
2026-03-31,ART-1009,387.49,DEPOT NORD,EN_COURS_INJECTION
2026-01-05,ART-1024,1268.75,MAGASIN CENTRAL,EN_COURS_INJECTION
2026-04-15,ART-1650,1384.11,ATELIER 1,EN_COURS_INJECTION
2026-03-31,ART-1261,480.51,DEPOT A,EN_COURS_INJECTION
2026-03-31,ART-1132,97.26,ATELIER 1,EN_COURS_INJECTION
2026-04-15,ART-1370,48.67,DEPOT B,EN_COURS_INJECTION
2026-01-31,ART-1326,1024.02,ATELIER 1,EN_COURS_INJECTION
2026-02-15,ART-1139,693.54,ATELIER 1,EN_COURS_INJECTION
2026-02-05,ART-1387,1064.36,DEPOT NORD,EN_COURS_INJECTION
2026-01-05,ART-1424,201.45,ATELIER 1,EN_COURS_INJECTION
2026-03-05,ART-1033,596.99,MAGASIN CENTRAL,EN_COURS_INJECTION
2026-02-05,ART-1461,916.0,DEPOT NORD,EN_COURS_INJECTION
2026-04-05,ART-1553,122.72,MAGASIN CENTRAL,EN_COURS_INJECTION
2026-02-15,ART-1560,1243.95,ATELIER 1,EN_COURS_INJECTION
2026-02-28,ART-1729,824.49,MAGASIN CENTRAL,EN_COURS_INJECTION
2026-03-31,ART-1067,902.15,DEPOT B,EN_COURS_INJECTION
2026-04-30,ART-1163,1272.78,ATELIER 1,EN_COURS_INJECTION
2026-04-30,ART-1019,46.78,DEPOT A,EN_COURS_INJECTION
2026-04-05,ART-1182,512.64,DEPOT B,EN_COURS_INJECTION
2026-02-15,ART-1740,205.63,DEPOT A,EN_COURS_INJECTION
2026-02-05,ART-1010,136.81,DEPOT NORD,EN_COURS_INJECTION
2026-01-15,ART-1601,1091.12,DEPOT A,EN_COURS_INJECTION
2026-04-15,ART-1324,1020.03,DEPOT NORD,EN_COURS_INJECTION
2026-01-05,ART-1215,667.85,DEPOT NORD,EN_COURS_INJECTION
2026-04-05,ART-1645,1481.95,DEPOT NORD,EN_COURS_INJECTION
2026-03-05,ART-1023,442.0,MAGASIN CENTRAL,EN_COURS_INJECTION
2026-03-15,ART-1772,439.46,DEPOT A,EN_COURS_INJECTION
2026-01-31,ART-1551,1425.8,DEPOT A,EN_COURS_INJECTION
2026-01-05,ART-1662,395.59,MAGASIN CENTRAL,EN_COURS_INJECTION
2026-04-30,ART-1578,1162.74,ATELIER 1,EN_COURS_INJECTION
2026-01-31,ART-1131,40.53,DEPOT A,EN_COURS_INJECTION
2026-01-15,ART-1109,177.19,DEPOT B,EN_COURS_INJECTION
2026-01-15,ART-1709,895.7,DEPOT A,EN_COURS_INJECTION
2026-03-15,ART-1205,903.15,ATELIER 1,EN_COURS_INJECTION
2026-02-05,ART-1143,838.94,MAGASIN CENTRAL,EN_COURS_INJECTION
2026-01-15,ART-1457,94.71,ATELIER 1,EN_COURS_INJECTION
2026-04-15,ART-1529,89.52,DEPOT B,EN_COURS_INJECTION
2026-02-15,ART-1670,374.81,DEPOT B,EN_COURS_INJECTION
2026-03-15,ART-1484,133.7,MAGASIN CENTRAL,EN_COURS_INJECTION
2026-04-30,ART-1169,1242.11,ATELIER 1,EN_COURS_INJECTION
2026-03-31,ART-1691,811.18,DEPOT A,EN_COURS_INJECTION
2026-02-15,ART-1170,1333.33,DEPOT B,EN_COURS_INJECTION
2026-02-05,ART-1778,1161.35,MAGASIN CENTRAL,EN_COURS_INJECTION
2026-01-31,ART-1415,6.48,ATELIER 1,EN_COURS_INJECTION
2026-02-05,ART-1131,990.76,DEPOT B,EN_COURS_INJECTION
2026-03-15,ART-1446,175.29,DEPOT B,EN_COURS_INJECTION
2026-04-30,ART-1460,1366.74,DEPOT NORD,EN_COURS_INJECTION
2026-03-05,ART-1522,1165.37,ATELIER 1,EN_COURS_INJECTION
2026-04-05,ART-1086,1402.71,ATELIER 1,EN_COURS_INJECTION
2026-01-31,ART-1378,986.38,ATELIER 1,EN_COURS_INJECTION
2026-01-05,ART-1709,546.55,DEPOT NORD,EN_COURS_INJECTION
2026-02-15,ART-1502,183.11,DEPOT B,EN_COURS_INJECTION
2026-03-31,ART-1537,1416.77,DEPOT B,EN_COURS_INJECTION
2026-03-31,ART-1209,361.07,ATELIER 1,EN_COURS_INJECTION
2026-01-15,ART-1614,393.88,DEPOT B,EN_COURS_INJECTION
2026-03-05,ART-1067,1463.25,DEPOT A,EN_COURS_INJECTION
2026-02-05,ART-1201,300.48,DEPOT A,EN_COURS_INJECTION
2026-03-15,ART-1527,1144.54,DEPOT B,EN_COURS_INJECTION
2026-01-15,ART-1699,715.35,MAGASIN CENTRAL,EN_COURS_INJECTION
2026-01-05,ART-1307,381.48,DEPOT B,EN_COURS_INJECTION
2026-02-05,ART-1402,964.36,MAGASIN CENTRAL,EN_COURS_INJECTION
2026-01-05,ART-1685,1147.69,DEPOT B,EN_COURS_INJECTION
2026-02-28,ART-1283,73.77,DEPOT A,EN_COURS_INJECTION
2026-01-05,ART-1136,1374.01,DEPOT B,EN_COURS_INJECTION
2026-03-05,ART-1454,516.64,DEPOT NORD,EN_COURS_INJECTION
2026-02-28,ART-1662,1292.08,DEPOT NORD,EN_COURS_INJECTION
2026-02-05,ART-1304,322.27,MAGASIN CENTRAL,EN_COURS_INJECTION
2026-01-05,ART-1436,1254.27,MAGASIN CENTRAL,EN_COURS_INJECTION
2026-03-05,ART-1597,368.73,DEPOT NORD,EN_COURS_INJECTION
2026-03-15,ART-1073,587.46,ATELIER 1,EN_COURS_INJECTION
2026-01-31,ART-1533,558.99,DEPOT B,EN_COURS_INJECTION
2026-04-15,ART-1178,883.15,MAGASIN CENTRAL,EN_COURS_INJECTION
2026-01-15,ART-1556,188.76,DEPOT NORD,EN_COURS_INJECTION
2026-03-05,ART-1213,430.66,DEPOT NORD,EN_COURS_INJECTION
2026-04-30,ART-1202,259.23,ATELIER 1,EN_COURS_INJECTION
2026-01-05,ART-1383,1223.44,,EN_COURS_INJECTION
2026-03-05,ART-1640,1252.21,ATELIER 1,EN_COURS_INJECTION
2026-02-05,ART-1192,962.78,DEPOT A,EN_COURS_INJECTION
2026-02-28,ART-1058,636.36,DEPOT A,EN_COURS_INJECTION
2026-04-15,ART-1640,315.39,ATELIER 1,EN_COURS_INJECTION
2026-03-15,ART-1204,603.18,ATELIER 1,EN_COURS_INJECTION
2026-01-05,ART-1286,1120.68,DEPOT A,EN_COURS_INJECTION
2026-04-05,ART-1285,992.41,MAGASIN CENTRAL,EN_COURS_INJECTION
2026-01-31,ART-1003,662.91,DEPOT B,EN_COURS_INJECTION
2026-04-15,ART-1547,1411.93,DEPOT A,EN_COURS_INJECTION
2026-03-15,ART-1273,1122.97,DEPOT B,EN_COURS_INJECTION
2026-04-05,ART-1417,1487.85,MAGASIN CENTRAL,EN_COURS_INJECTION
2026-02-28,ART-1686,996.08,MAGASIN CENTRAL,EN_COURS_INJECTION
2026-02-28,ART-1322,746.79,MAGASIN CENTRAL,EN_COURS_INJECTION
2026-04-15,ART-1346,338.56,DEPOT B,EN_COURS_INJECTION
2026-03-31,ART-1607,1414.57,DEPOT NORD,EN_COURS_INJECTION
2026-01-15,ART-1673,1439.35,ATELIER 1,EN_COURS_INJECTION
2026-03-15,ART-1102,718.47,ATELIER 1,EN_COURS_INJECTION
2026-03-31,ART-1776,109.71,DEPOT A,EN_COURS_INJECTION
2026-01-15,ART-1182,1447.55,DEPOT A,EN_COURS_INJECTION
2026-02-05,ART-1424,585.88,DEPOT B,EN_COURS_INJECTION
2026-03-31,ART-1560,1086.31,DEPOT A,EN_COURS_INJECTION
2026-01-05,ART-1194,932.29,DEPOT NORD,EN_COURS_INJECTION
2026-04-30,ART-1018,1233.75,MAGASIN CENTRAL,EN_COURS_INJECTION
2026-01-05,ART-1023,48.8,DEPOT B,EN_COURS_INJECTION
2026-01-15,ART-1721,838.02,ATELIER 1,EN_COURS_INJECTION
2026-01-31,ART-1024,854.19,MAGASIN CENTRAL,EN_COURS_INJECTION
2026-02-15,ART-1364,806.76,DEPOT A,EN_COURS_INJECTION
2026-04-15,ART-1578,891.08,MAGASIN CENTRAL,EN_COURS_INJECTION
2026-04-30,ART-1176,1379.93,MAGASIN CENTRAL,EN_COURS_INJECTION
2026-02-15,ART-1672,939.34,DEPOT A,EN_COURS_INJECTION
2026-04-05,ART-1416,493.34,DEPOT NORD,EN_COURS_INJECTION
2026-02-15,ART-1282,0.0,DEPOT B,EN_COURS_INJECTION
2026-01-15,ART-1228,97.1,DEPOT B,EN_COURS_INJECTION
2026-01-15,ART-1488,549.85,MAGASIN CENTRAL,EN_COURS_INJECTION
2026-02-28,ART-1022,256.12,DEPOT A,EN_COURS_INJECTION
2026-04-05,ART-1763,615.77,DEPOT B,EN_COURS_INJECTION
2026-03-05,ART-1290,1308.82,ATELIER 1,EN_COURS_INJECTION
2026-04-30,ART-1346,708.41,DEPOT B,EN_COURS_INJECTION
2026-04-30,ART-1304,999.23,DEPOT A,EN_COURS_INJECTION
2026-03-15,ART-1259,733.57,DEPOT B,EN_COURS_INJECTION
2026-03-05,ART-1086,1365.48,DEPOT NORD,EN_COURS_INJECTION
2026-01-31,ART-1299,926.71,DEPOT B,EN_COURS_INJECTION
2026-03-05,ART-1629,939.3,ATELIER 1,EN_COURS_INJECTION
2026-03-31,ART-1672,1259.28,MAGASIN CENTRAL,EN_COURS_INJECTION
2026-02-28,ART-1025,460.41,MAGASIN CENTRAL,EN_COURS_INJECTION
2026-01-31,ART-1765,180.27,DEPOT B,EN_COURS_INJECTION
2026-03-15,ART-1676,766.82,DEPOT B,EN_COURS_INJECTION
2026-04-15,ART-1399,1353.37,ATELIER 1,EN_COURS_INJECTION
2026-03-15,ART-1559,648.1,DEPOT B,EN_COURS_INJECTION
2026-01-05,ART-1601,89.84,DEPOT B,EN_COURS_INJECTION
2026-02-15,ART-1526,379.14,DEPOT NORD,EN_COURS_INJECTION
2026-01-05,ART-1354,1441.86,DEPOT NORD,EN_COURS_INJECTION
2026-04-05,ART-1673,1325.2,DEPOT A,EN_COURS_INJECTION
2026-01-15,ART-1672,1313.91,DEPOT A,EN_COURS_INJECTION
2026-01-15,ART-1536,763.35,MAGASIN CENTRAL,EN_COURS_INJECTION
2026-03-05,ART-1068,330.8,ATELIER 1,EN_COURS_INJECTION
2026-02-28,ART-1340,1265.5,MAGASIN CENTRAL,EN_COURS_INJECTION
2026-02-28,ART-1632,6.81,ATELIER 1,EN_COURS_INJECTION
2026-01-31,ART-1742,634.99,DEPOT B,EN_COURS_INJECTION
2026-02-05,ART-1054,192.14,DEPOT B,EN_COURS_INJECTION
2026-02-28,ART-1717,872.65,DEPOT B,EN_COURS_INJECTION
2026-03-15,ART-1411,545.95,DEPOT B,EN_COURS_INJECTION
2026-01-05,ART-1254,858.71,ATELIER 1,EN_COURS_INJECTION
2026-04-30,ART-1406,236.7,DEPOT B,EN_COURS_INJECTION
2026-03-15,ART-1360,1398.82,DEPOT A,EN_COURS_INJECTION
2026-04-15,ART-1078,762.82,DEPOT NORD,EN_COURS_INJECTION
2026-02-05,ART-1584,1063.96,ATELIER 1,EN_COURS_INJECTION
2026-03-05,ART-1392,640.16,DEPOT NORD,EN_COURS_INJECTION
2026-01-05,ART-1530,1204.6,ATELIER 1,EN_COURS_INJECTION
2026-02-15,ART-1334,580.27,DEPOT B,EN_COURS_INJECTION
2026-04-05,ART-1362,473.37,DEPOT A,EN_COURS_INJECTION
2026-02-28,ART-1239,182.18,MAGASIN CENTRAL,EN_COURS_INJECTION
2026-01-31,ART-1667,66.55,DEPOT A,EN_COURS_INJECTION
2026-01-31,ART-1729,713.07,DEPOT B,EN_COURS_INJECTION
2026-02-05,ART-1523,1254.86,DEPOT NORD,EN_COURS_INJECTION
2026-02-15,ART-1474,161.38,DEPOT NORD,EN_COURS_INJECTION
2026-01-15,ART-1005,125.97,DEPOT A,EN_COURS_INJECTION
2026-03-15,ART-1180,255.04,DEPOT A,EN_COURS_INJECTION
2026-04-15,ART-1751,1183.05,DEPOT A,EN_COURS_INJECTION
2026-04-15,ART-1409,1150.24,ATELIER 1,EN_COURS_INJECTION
2026-02-15,ART-1116,564.06,MAGASIN CENTRAL,EN_COURS_INJECTION
2026-03-15,ART-1025,419.23,DEPOT NORD,EN_COURS_INJECTION
2026-01-31,ART-1655,173.67,DEPOT NORD,EN_COURS_INJECTION
2026-01-31,ART-1429,543.39,DEPOT NORD,EN_COURS_INJECTION
2026-01-31,ART-1153,676.48,MAGASIN CENTRAL,EN_COURS_INJECTION
2026-01-15,ART-1613,860.99,DEPOT B,EN_COURS_INJECTION
2026-04-30,ART-1759,332.4,DEPOT A,EN_COURS_INJECTION
2026-02-28,ART-1155,620.44,DEPOT B,EN_COURS_INJECTION
2026-04-05,ART-1036,127.16,DEPOT A,EN_COURS_INJECTION
2026-02-05,ART-1200,441.61,DEPOT NORD,EN_COURS_INJECTION
2026-03-05,ART-1675,190.33,ATELIER 1,EN_COURS_INJECTION
2026-02-05,ART-1547,551.49,DEPOT NORD,EN_COURS_INJECTION
2026-01-05,ART-1325,123.29,DEPOT A,EN_COURS_INJECTION
2026-02-28,ART-1262,618.38,DEPOT B,EN_COURS_INJECTION
2026-02-28,ART-1418,235.28,DEPOT NORD,EN_COURS_INJECTION
2026-01-31,ART-1340,495.99,DEPOT NORD,EN_COURS_INJECTION
2026-03-31,ART-1638,425.19,DEPOT A,EN_COURS_INJECTION
2026-04-05,ART-1687,429.98,DEPOT B,EN_COURS_INJECTION
2026-02-28,ART-1389,768.85,ATELIER 1,EN_COURS_INJECTION
2026-03-05,ART-1762,330.25,MAGASIN CENTRAL,EN_COURS_INJECTION
2026-04-05,ART-1001,92.89,DEPOT A,EN_COURS_INJECTION
2026-04-30,ART-1541,1413.56,DEPOT NORD,EN_COURS_INJECTION
2026-04-05,ART-1519,718.34,DEPOT A,EN_COURS_INJECTION
2026-02-28,ART-1142,624.66,DEPOT A,EN_COURS_INJECTION
2026-03-31,ART-1737,201.66,DEPOT NORD,EN_COURS_INJECTION
2026-03-15,ART-1685,333.43,DEPOT A,EN_COURS_INJECTION
2026-03-15,ART-1139,1170.87,MAGASIN CENTRAL,EN_COURS_INJECTION
2026-04-30,ART-1596,967.42,MAGASIN CENTRAL,EN_COURS_INJECTION
2026-01-15,ART-1422,830.89,DEPOT A,EN_COURS_INJECTION
2026-03-15,ART-1286,29.92,DEPOT B,EN_COURS_INJECTION
2026-03-31,ART-1280,196.26,DEPOT B,EN_COURS_INJECTION
2026-04-05,ART-1511,1048.07,DEPOT NORD,EN_COURS_INJECTION
2026-01-05,ART-1515,201.28,ATELIER 1,EN_COURS_INJECTION
2026-02-28,ART-1137,723.14,DEPOT A,EN_COURS_INJECTION
2026-03-31,ART-1375,871.49,ATELIER 1,EN_COURS_INJECTION
2026-04-15,ART-1621,1050.15,DEPOT B,EN_COURS_INJECTION
2026-04-05,ART-1771,571.41,DEPOT NORD,EN_COURS_INJECTION
2026-04-05,ART-1330,1227.46,DEPOT B,EN_COURS_INJECTION
2026-03-05,ART-1092,1025.54,DEPOT A,EN_COURS_INJECTION
2026-04-30,ART-1085,289.68,DEPOT A,EN_COURS_INJECTION
2026-01-31,ART-1635,451.18,MAGASIN CENTRAL,EN_COURS_INJECTION
2026-04-05,ART-1357,1268.83,DEPOT A,EN_COURS_INJECTION
2026-04-05,ART-1340,647.34,DEPOT NORD,EN_COURS_INJECTION
2026-01-05,ART-1038,725.32,ATELIER 1,EN_COURS_INJECTION
2026-04-05,ART-1163,655.7,DEPOT B,EN_COURS_INJECTION
2026-01-31,ART-1534,1484.16,ATELIER 1,EN_COURS_INJECTION
2026-03-05,ART-1288,377.92,ATELIER 1,EN_COURS_INJECTION
2026-04-05,ART-1427,970.66,DEPOT NORD,EN_COURS_INJECTION
2026-01-05,ART-1242,15.37,ATELIER 1,EN_COURS_INJECTION
2026-02-28,ART-1547,1302.7,DEPOT A,EN_COURS_INJECTION
2026-01-31,ART-1253,1225.87,MAGASIN CENTRAL,EN_COURS_INJECTION
2026-03-15,ART-1318,9.56,ATELIER 1,EN_COURS_INJECTION
2026-03-31,ART-1516,1289.17,DEPOT NORD,EN_COURS_INJECTION
2026-04-05,ART-1611,8.9,ATELIER 1,EN_COURS_INJECTION
2026-03-05,ART-1369,1132.77,ATELIER 1,EN_COURS_INJECTION
2026-01-31,ART-1455,1440.65,ATELIER 1,EN_COURS_INJECTION
2026-02-15,ART-1761,1235.54,DEPOT A,EN_COURS_INJECTION
2026-03-05,ART-1309,281.57,DEPOT A,EN_COURS_INJECTION
2026-02-05,ART-1579,921.22,DEPOT NORD,EN_COURS_INJECTION
2026-02-28,ART-1588,1221.51,MAGASIN CENTRAL,EN_COURS_INJECTION
2026-03-15,ART-1185,1339.59,MAGASIN CENTRAL,EN_COURS_INJECTION
2026-01-05,ART-1500,851.26,DEPOT NORD,EN_COURS_INJECTION
2026-03-05,ART-1538,1437.15,DEPOT B,EN_COURS_INJECTION
2026-03-31,ART-1003,803.76,DEPOT NORD,EN_COURS_INJECTION
2026-03-15,ART-1796,649.23,DEPOT A,EN_COURS_INJECTION
2026-04-15,ART-1657,1414.9,ATELIER 1,EN_COURS_INJECTION
2026-01-05,ART-1779,646.9,DEPOT NORD,EN_COURS_INJECTION
2026-03-31,ART-1298,712.52,DEPOT NORD,EN_COURS_INJECTION
2026-03-31,ART-1341,392.99,DEPOT NORD,EN_COURS_INJECTION
2026-01-31,ART-1135,1269.99,ATELIER 1,EN_COURS_INJECTION
2026-04-30,ART-1599,1156.6,DEPOT B,EN_COURS_INJECTION
2026-03-05,ART-1773,57.34,DEPOT B,EN_COURS_INJECTION
2026-02-28,ART-1222,1176.56,DEPOT NORD,EN_COURS_INJECTION
2026-01-05,ART-1226,456.23,DEPOT NORD,EN_COURS_INJECTION
2026-02-15,ART-1647,366.59,MAGASIN CENTRAL,EN_COURS_INJECTION
2026-02-15,ART-1739,999.36,ATELIER 1,EN_COURS_INJECTION
2026-02-15,ART-1310,916.03,MAGASIN CENTRAL,EN_COURS_INJECTION
2026-02-05,ART-1279,1323.3,DEPOT NORD,EN_COURS_INJECTION
2026-03-15,ART-1048,648.87,ATELIER 1,EN_COURS_INJECTION
2026-01-31,ART-1634,1059.07,MAGASIN CENTRAL,EN_COURS_INJECTION
2026-04-30,ART-1571,31.92,ATELIER 1,EN_COURS_INJECTION
2026-02-28,ART-1305,1370.85,DEPOT B,EN_COURS_INJECTION
2026-02-15,ART-1495,784.67,ATELIER 1,EN_COURS_INJECTION
2026-03-05,ART-1308,195.63,DEPOT NORD,EN_COURS_INJECTION
2026-01-15,ART-1008,748.84,DEPOT B,EN_COURS_INJECTION
2026-01-31,ART-1023,1331.28,MAGASIN CENTRAL,EN_COURS_INJECTION
2026-02-05,ART-1295,872.07,ATELIER 1,EN_COURS_INJECTION
2026-03-15,ART-1712,92.73,DEPOT NORD,EN_COURS_INJECTION
2026-03-31,ART-1236,125.55,DEPOT NORD,EN_COURS_INJECTION
2026-01-15,ART-1442,132.03,DEPOT NORD,EN_COURS_INJECTION
2026-02-05,ART-1051,1492.02,MAGASIN CENTRAL,EN_COURS_INJECTION
2026-01-15,ART-1756,1267.83,MAGASIN CENTRAL,EN_COURS_INJECTION
2026-01-31,ART-1064,15.5,ATELIER 1,EN_COURS_INJECTION
2026-03-31,ART-1466,877.46,DEPOT NORD,EN_COURS_INJECTION
2026-04-15,ART-1436,1006.05,DEPOT NORD,EN_COURS_INJECTION
2026-02-28,ART-1575,880.64,DEPOT B,EN_COURS_INJECTION
2026-03-31,ART-1328,750.32,MAGASIN CENTRAL,EN_COURS_INJECTION
2026-01-31,ART-1160,609.89,DEPOT NORD,EN_COURS_INJECTION
2026-02-15,ART-1537,486.64,DEPOT B,EN_COURS_INJECTION
2026-03-05,ART-1560,921.68,MAGASIN CENTRAL,EN_COURS_INJECTION
2026-04-05,ART-1071,924.32,DEPOT B,EN_COURS_INJECTION
2026-02-15,ART-1320,44.84,DEPOT A,EN_COURS_INJECTION
2026-04-05,ART-1223,215.53,MAGASIN CENTRAL,EN_COURS_INJECTION
2026-04-15,ART-1296,800.02,DEPOT B,EN_COURS_INJECTION
2026-01-05,ART-1532,266.42,DEPOT A,EN_COURS_INJECTION
2026-01-31,ART-1220,225.17,MAGASIN CENTRAL,EN_COURS_INJECTION
2026-04-30,ART-1089,791.39,MAGASIN CENTRAL,EN_COURS_INJECTION
2026-01-15,ART-1165,859.0,ATELIER 1,EN_COURS_INJECTION
2026-04-05,ART-1508,717.1,ATELIER 1,EN_COURS_INJECTION
2026-02-15,ART-1256,822.55,MAGASIN CENTRAL,EN_COURS_INJECTION
2026-03-15,ART-1573,85.24,ATELIER 1,EN_COURS_INJECTION
2026-02-28,ART-1791,613.38,DEPOT NORD,EN_COURS_INJECTION
2026-04-15,ART-1165,1363.69,ATELIER 1,EN_COURS_INJECTION
2026-02-28,ART-1777,129.54,ATELIER 1,EN_COURS_INJECTION
2026-01-05,ART-1203,138.3,ATELIER 1,EN_COURS_INJECTION
2026-04-15,ART-1737,192.62,ATELIER 1,EN_COURS_INJECTION
2026-03-15,ART-1707,201.23,ATELIER 1,EN_COURS_INJECTION
2026-04-15,ART-1202,1440.79,DEPOT A,EN_COURS_INJECTION
2026-01-31,ART-1273,180.79,DEPOT B,EN_COURS_INJECTION
2026-04-05,ART-1423,1145.6,ATELIER 1,EN_COURS_INJECTION
2026-02-28,ART-1032,270.26,DEPOT NORD,EN_COURS_INJECTION
2026-03-15,ART-1710,838.44,ATELIER 1,EN_COURS_INJECTION
2026-02-15,ART-1160,1495.56,DEPOT NORD,EN_COURS_INJECTION
2026-02-28,ART-1449,1140.8,DEPOT NORD,EN_COURS_INJECTION
2026-02-15,ART-1272,477.48,DEPOT B,EN_COURS_INJECTION
2026-04-05,ART-1671,416.22,MAGASIN CENTRAL,EN_COURS_INJECTION
2026-01-31,ART-1554,1275.77,DEPOT A,EN_COURS_INJECTION
2026-04-05,ART-1003,717.41,DEPOT B,EN_COURS_INJECTION
2026-02-15,ART-1302,67.99,ATELIER 1,EN_COURS_INJECTION
2026-04-05,ART-1748,937.57,DEPOT A,EN_COURS_INJECTION
2026-03-15,ART-1153,1030.25,DEPOT NORD,EN_COURS_INJECTION
2026-03-15,ART-1571,811.68,MAGASIN CENTRAL,EN_COURS_INJECTION
2026-02-28,ART-1692,106.09,DEPOT B,EN_COURS_INJECTION
2026-04-15,ART-1484,991.96,DEPOT NORD,EN_COURS_INJECTION
2026-02-28,ART-1584,106.83,ATELIER 1,EN_COURS_INJECTION
2026-02-28,ART-1004,1226.97,ATELIER 1,EN_COURS_INJECTION
2026-02-28,ART-1021,1268.46,DEPOT A,EN_COURS_INJECTION
2026-04-05,ART-1038,1287.14,DEPOT B,EN_COURS_INJECTION
2026-04-05,ART-1098,599.59,DEPOT B,EN_COURS_INJECTION
2026-03-15,ART-1133,1203.89,DEPOT A,EN_COURS_INJECTION
2026-01-15,ART-1253,451.32,MAGASIN CENTRAL,EN_COURS_INJECTION
2026-04-05,ART-1729,318.94,DEPOT B,EN_COURS_INJECTION
2026-02-05,ART-1071,752.34,MAGASIN CENTRAL,EN_COURS_INJECTION
2026-04-30,ART-1601,952.85,DEPOT A,EN_COURS_INJECTION
2026-04-05,ART-1344,590.51,MAGASIN CENTRAL,EN_COURS_INJECTION
2026-04-15,ART-1635,972.46,ATELIER 1,EN_COURS_INJECTION
2026-04-15,ART-1439,1456.92,MAGASIN CENTRAL,EN_COURS_INJECTION
2026-02-05,ART-1001,900.33,DEPOT NORD,EN_COURS_INJECTION
2026-03-15,ART-1400,946.22,MAGASIN CENTRAL,EN_COURS_INJECTION
2026-03-05,ART-1607,574.16,MAGASIN CENTRAL,EN_COURS_INJECTION
2026-03-05,ART-1785,181.21,DEPOT NORD,EN_COURS_INJECTION
2026-02-28,ART-1623,223.59,DEPOT NORD,EN_COURS_INJECTION
2026-01-15,ART-1579,1146.11,DEPOT B,EN_COURS_INJECTION
2026-04-30,ART-1451,908.7,DEPOT B,EN_COURS_INJECTION
2026-02-05,ART-1620,1149.14,ATELIER 1,EN_COURS_INJECTION
2026-03-05,ART-1697,388.18,DEPOT A,EN_COURS_INJECTION
2026-03-05,ART-1262,1276.98,MAGASIN CENTRAL,EN_COURS_INJECTION
2026-01-31,ART-1432,186.94,DEPOT B,EN_COURS_INJECTION
2026-01-05,ART-1350,826.13,DEPOT B,EN_COURS_INJECTION
2026-02-15,ART-1197,1063.0,DEPOT B,EN_COURS_INJECTION
2026-03-05,ART-1652,1282.83,DEPOT A,EN_COURS_INJECTION
2026-04-15,ART-1071,995.4,DEPOT B,EN_COURS_INJECTION
2026-01-31,ART-1704,1269.31,DEPOT A,EN_COURS_INJECTION
2026-02-05,ART-1067,1288.37,ATELIER 1,EN_COURS_INJECTION
2026-02-05,ART-1224,1122.87,MAGASIN CENTRAL,EN_COURS_INJECTION
2026-03-15,ART-1380,1435.78,DEPOT B,EN_COURS_INJECTION
2026-03-05,ART-1370,167.07,DEPOT A,EN_COURS_INJECTION
2026-02-15,ART-1192,598.5,ATELIER 1,EN_COURS_INJECTION
2026-01-05,ART-1073,1251.02,DEPOT B,EN_COURS_INJECTION
2026-02-15,ART-1591,650.3,DEPOT A,EN_COURS_INJECTION
2026-01-15,ART-1297,503.03,ATELIER 1,EN_COURS_INJECTION
2026-01-15,ART-1355,1028.61,DEPOT B,EN_COURS_INJECTION
2026-04-30,ART-1429,727.39,MAGASIN CENTRAL,EN_COURS_INJECTION
2026-01-15,ART-1646,676.78,DEPOT NORD,EN_COURS_INJECTION
2026-01-31,ART-1457,375.16,DEPOT B,EN_COURS_INJECTION
2026-04-15,ART-1330,1484.86,DEPOT B,EN_COURS_INJECTION
2026-03-15,ART-1557,298.47,DEPOT NORD,EN_COURS_INJECTION
2026-01-05,ART-1392,1065.33,DEPOT NORD,EN_COURS_INJECTION
2026-04-30,ART-1074,903.52,ATELIER 1,EN_COURS_INJECTION
2026-04-15,ART-1030,1316.14,ATELIER 1,EN_COURS_INJECTION
2026-02-05,ART-1547,1125.66,ATELIER 1,EN_COURS_INJECTION
2026-03-31,ART-1109,1092.22,MAGASIN CENTRAL,EN_COURS_INJECTION
2026-01-31,ART-1703,879.45,ATELIER 1,EN_COURS_INJECTION
2026-04-15,ART-1584,839.47,MAGASIN CENTRAL,EN_COURS_INJECTION
2026-04-15,ART-1064,1368.84,ATELIER 1,EN_COURS_INJECTION
2026-01-31,ART-1378,611.17,DEPOT B,EN_COURS_INJECTION
2026-01-31,ART-1114,561.55,DEPOT B,EN_COURS_INJECTION
2026-04-30,ART-1490,721.23,DEPOT B,EN_COURS_INJECTION
2026-02-15,ART-1742,914.51,ATELIER 1,EN_COURS_INJECTION
2026-03-15,ART-1564,1317.51,DEPOT B,EN_COURS_INJECTION
2026-04-30,ART-1482,399.23,DEPOT A,EN_COURS_INJECTION
2026-02-15,ART-1318,1468.92,DEPOT NORD,EN_COURS_INJECTION
2026-03-15,ART-1572,1319.76,DEPOT B,EN_COURS_INJECTION
2026-04-05,ART-1511,1245.26,ATELIER 1,EN_COURS_INJECTION
2026-03-31,ART-1715,646.29,MAGASIN CENTRAL,EN_COURS_INJECTION
2026-01-05,ART-1065,682.7,DEPOT NORD,EN_COURS_INJECTION
2026-04-30,ART-1693,1106.9,ATELIER 1,EN_COURS_INJECTION
2026-04-15,ART-1526,329.03,DEPOT A,EN_COURS_INJECTION
2026-01-05,ART-1266,893.38,ATELIER 1,EN_COURS_INJECTION
2026-02-05,ART-1580,919.36,ATELIER 1,EN_COURS_INJECTION
2026-03-15,ART-1713,926.5,DEPOT NORD,EN_COURS_INJECTION
2026-02-05,ART-1647,1257.54,ATELIER 1,EN_COURS_INJECTION
2026-01-15,ART-1215,401.11,DEPOT A,EN_COURS_INJECTION
2026-01-31,ART-1044,567.41,DEPOT A,EN_COURS_INJECTION
2026-04-05,ART-1614,1078.75,DEPOT B,EN_COURS_INJECTION
2026-01-05,ART-1061,443.81,DEPOT A,EN_COURS_INJECTION
2026-03-31,ART-1045,952.28,MAGASIN CENTRAL,EN_COURS_INJECTION
2026-01-15,ART-1056,467.36,ATELIER 1,EN_COURS_INJECTION
2026-02-15,ART-1274,0.0,MAGASIN CENTRAL,EN_COURS_INJECTION
2026-04-30,ART-1246,926.41,DEPOT NORD,EN_COURS_INJECTION
2026-04-30,ART-1046,334.88,DEPOT NORD,EN_COURS_INJECTION
2026-02-15,ART-1399,21.28,MAGASIN CENTRAL,EN_COURS_INJECTION
2026-04-05,ART-1641,758.43,ATELIER 1,EN_COURS_INJECTION
2026-03-15,ART-1092,1295.45,MAGASIN CENTRAL,EN_COURS_INJECTION
2026-01-15,ART-1784,826.49,DEPOT NORD,EN_COURS_INJECTION
2026-03-05,ART-1599,1336.26,DEPOT NORD,EN_COURS_INJECTION
2026-04-30,ART-1620,502.72,DEPOT B,EN_COURS_INJECTION
2026-02-05,ART-1555,961.66,DEPOT NORD,EN_COURS_INJECTION
2026-02-28,ART-1043,1400.39,DEPOT NORD,EN_COURS_INJECTION
2026-02-28,ART-1007,652.95,ATELIER 1,EN_COURS_INJECTION
2026-02-28,ART-1328,1279.34,DEPOT NORD,EN_COURS_INJECTION
2026-03-15,ART-1451,618.78,ATELIER 1,EN_COURS_INJECTION
2026-01-31,ART-1668,680.96,DEPOT NORD,EN_COURS_INJECTION
2026-02-15,ART-1573,910.54,DEPOT B,EN_COURS_INJECTION
2026-04-15,ART-1214,278.06,DEPOT NORD,EN_COURS_INJECTION
2026-01-15,ART-1657,125.32,MAGASIN CENTRAL,EN_COURS_INJECTION
2026-04-15,ART-1658,736.88,DEPOT NORD,EN_COURS_INJECTION
2026-02-28,ART-1003,253.36,DEPOT A,EN_COURS_INJECTION
2026-04-30,ART-1061,1000.3,DEPOT B,EN_COURS_INJECTION
2026-04-15,ART-1581,450.3,DEPOT B,EN_COURS_INJECTION
2026-04-15,ART-1773,521.02,MAGASIN CENTRAL,EN_COURS_INJECTION
2026-01-31,ART-1009,664.32,MAGASIN CENTRAL,EN_COURS_INJECTION
2026-03-05,ART-1053,1209.52,DEPOT A,EN_COURS_INJECTION
2026-03-15,ART-1256,995.64,DEPOT NORD,EN_COURS_INJECTION
2026-04-05,ART-1640,792.94,ATELIER 1,EN_COURS_INJECTION
2026-03-05,ART-1719,323.83,MAGASIN CENTRAL,EN_COURS_INJECTION
2026-04-30,ART-1370,52.66,ATELIER 1,EN_COURS_INJECTION
2026-04-15,ART-1258,647.82,MAGASIN CENTRAL,EN_COURS_INJECTION
2026-01-05,ART-1688,396.27,DEPOT A,EN_COURS_INJECTION
2026-01-05,ART-1617,605.42,MAGASIN CENTRAL,EN_COURS_INJECTION
2026-02-05,ART-1152,761.82,,EN_COURS_INJECTION
2026-01-05,ART-1534,1306.51,DEPOT NORD,EN_COURS_INJECTION
2026-02-15,ART-1147,460.88,DEPOT NORD,EN_COURS_INJECTION
2026-04-30,ART-1006,514.06,DEPOT B,EN_COURS_INJECTION
2026-02-15,ART-1371,1186.02,DEPOT A,EN_COURS_INJECTION
2026-04-15,ART-1334,1400.62,MAGASIN CENTRAL,EN_COURS_INJECTION
2026-04-30,ART-1735,1105.32,DEPOT NORD,EN_COURS_INJECTION
2026-04-05,ART-1140,313.1,DEPOT B,EN_COURS_INJECTION
2026-04-30,ART-1102,611.06,DEPOT NORD,EN_COURS_INJECTION
2026-01-05,ART-1729,1098.11,MAGASIN CENTRAL,EN_COURS_INJECTION
2026-01-31,ART-1082,814.86,DEPOT B,EN_COURS_INJECTION
2026-03-05,ART-1440,1011.3,MAGASIN CENTRAL,EN_COURS_INJECTION
2026-02-28,ART-1691,1308.44,DEPOT B,EN_COURS_INJECTION
2026-04-05,ART-1503,399.95,DEPOT NORD,EN_COURS_INJECTION
2026-02-28,ART-1578,541.23,ATELIER 1,EN_COURS_INJECTION
2026-02-05,ART-1346,1479.09,ATELIER 1,EN_COURS_INJECTION
2026-04-15,ART-1001,901.2,DEPOT NORD,EN_COURS_INJECTION
2026-04-15,ART-1351,246.27,MAGASIN CENTRAL,EN_COURS_INJECTION
2026-01-31,ART-1468,641.66,ATELIER 1,EN_COURS_INJECTION
2026-01-31,ART-1008,909.46,DEPOT B,EN_COURS_INJECTION
2026-02-05,ART-1174,1049.02,ATELIER 1,EN_COURS_INJECTION
2026-03-15,ART-1225,1099.1,DEPOT A,EN_COURS_INJECTION
2026-02-05,ART-1357,223.28,DEPOT A,EN_COURS_INJECTION
2026-01-31,ART-1393,1098.33,DEPOT A,EN_COURS_INJECTION
2026-02-05,ART-1414,1262.4,DEPOT B,EN_COURS_INJECTION
2026-02-28,ART-1486,893.23,MAGASIN CENTRAL,EN_COURS_INJECTION
2026-01-05,ART-1005,670.26,DEPOT NORD,EN_COURS_INJECTION
2026-01-05,ART-1655,870.57,DEPOT B,EN_COURS_INJECTION
2026-03-15,ART-1418,1479.94,MAGASIN CENTRAL,EN_COURS_INJECTION
2026-03-05,ART-1180,156.3,DEPOT B,EN_COURS_INJECTION
2026-01-15,ART-1222,1418.66,DEPOT B,EN_COURS_INJECTION
2026-02-05,ART-1363,1446.66,DEPOT NORD,EN_COURS_INJECTION
2026-03-05,ART-1345,847.57,ATELIER 1,EN_COURS_INJECTION
2026-02-15,ART-1799,705.83,DEPOT NORD,EN_COURS_INJECTION
2026-03-05,ART-1416,1155.07,MAGASIN CENTRAL,EN_COURS_INJECTION
2026-04-15,ART-1721,275.52,DEPOT NORD,EN_COURS_INJECTION
2026-03-05,ART-1142,1351.47,ATELIER 1,EN_COURS_INJECTION
2026-04-30,ART-1225,1108.39,MAGASIN CENTRAL,EN_COURS_INJECTION
2026-04-15,ART-1611,747.88,DEPOT NORD,EN_COURS_INJECTION
2026-04-15,ART-1211,227.07,DEPOT B,EN_COURS_INJECTION
2026-01-15,ART-1674,1274.47,DEPOT A,EN_COURS_INJECTION
2026-03-31,ART-1128,460.44,DEPOT B,EN_COURS_INJECTION
2026-04-15,ART-1623,262.15,MAGASIN CENTRAL,EN_COURS_INJECTION
2026-04-15,ART-1168,79.79,DEPOT B,EN_COURS_INJECTION
2026-02-15,ART-1497,781.38,ATELIER 1,EN_COURS_INJECTION
2026-01-05,ART-1196,1216.18,ATELIER 1,EN_COURS_INJECTION
2026-04-30,ART-1747,194.36,DEPOT NORD,EN_COURS_INJECTION
2026-04-05,ART-1150,1318.39,MAGASIN CENTRAL,EN_COURS_INJECTION
2026-03-31,ART-1164,938.45,DEPOT NORD,EN_COURS_INJECTION
2026-02-15,ART-1093,1494.12,DEPOT B,EN_COURS_INJECTION
2026-01-15,ART-1556,1286.23,MAGASIN CENTRAL,EN_COURS_INJECTION
2026-01-31,ART-1049,483.47,DEPOT A,EN_COURS_INJECTION
2026-04-05,ART-1357,1429.11,ATELIER 1,EN_COURS_INJECTION
2026-02-15,ART-1640,179.79,MAGASIN CENTRAL,EN_COURS_INJECTION
2026-02-28,ART-1198,974.56,MAGASIN CENTRAL,EN_COURS_INJECTION
2026-02-05,ART-1539,336.27,ATELIER 1,EN_COURS_INJECTION
2026-04-15,ART-1577,809.35,DEPOT B,EN_COURS_INJECTION
2026-02-15,ART-1643,538.95,ATELIER 1,EN_COURS_INJECTION
2026-03-15,ART-1124,79.4,DEPOT NORD,EN_COURS_INJECTION
2026-02-15,ART-1269,509.49,ATELIER 1,EN_COURS_INJECTION
2026-02-15,ART-1603,1137.27,MAGASIN CENTRAL,EN_COURS_INJECTION
2026-03-15,ART-1316,291.02,ATELIER 1,EN_COURS_INJECTION
2026-03-05,ART-1020,612.94,DEPOT A,EN_COURS_INJECTION
2026-04-30,ART-1382,1496.44,DEPOT NORD,EN_COURS_INJECTION
2026-02-15,ART-1773,194.55,DEPOT NORD,EN_COURS_INJECTION
2026-04-15,ART-1122,1330.81,MAGASIN CENTRAL,EN_COURS_INJECTION
2026-02-15,ART-1340,1382.11,DEPOT NORD,EN_COURS_INJECTION
2026-04-05,ART-1193,40.29,MAGASIN CENTRAL,EN_COURS_INJECTION
2026-01-15,ART-1279,1021.14,MAGASIN CENTRAL,EN_COURS_INJECTION
2026-03-15,ART-1568,91.64,DEPOT NORD,EN_COURS_INJECTION
2026-03-15,ART-1763,292.93,ATELIER 1,EN_COURS_INJECTION
2026-04-05,ART-1414,447.59,DEPOT B,EN_COURS_INJECTION
2026-03-31,ART-1043,1085.79,DEPOT A,EN_COURS_INJECTION
2026-04-15,ART-1241,0.0,DEPOT NORD,EN_COURS_INJECTION
2026-04-30,ART-1140,1260.51,DEPOT NORD,EN_COURS_INJECTION
2026-01-15,ART-1025,705.66,DEPOT A,EN_COURS_INJECTION
2026-01-15,ART-1465,532.11,DEPOT B,EN_COURS_INJECTION
2026-02-28,ART-1377,853.31,DEPOT NORD,EN_COURS_INJECTION
2026-01-05,ART-1080,557.56,DEPOT NORD,EN_COURS_INJECTION
2026-01-05,ART-1542,689.04,DEPOT NORD,EN_COURS_INJECTION
2026-01-05,ART-1442,808.28,DEPOT A,EN_COURS_INJECTION
2026-03-05,ART-1748,1105.59,ATELIER 1,EN_COURS_INJECTION
2026-03-05,ART-1235,978.14,ATELIER 1,EN_COURS_INJECTION
2026-01-31,ART-1502,199.64,DEPOT B,EN_COURS_INJECTION
2026-03-05,ART-1347,826.36,ATELIER 1,EN_COURS_INJECTION
2026-04-30,ART-1410,920.83,MAGASIN CENTRAL,EN_COURS_INJECTION
2026-02-15,ART-1015,367.18,DEPOT A,EN_COURS_INJECTION
2026-02-15,ART-1414,436.49,DEPOT A,EN_COURS_INJECTION
2026-04-30,ART-1050,1182.14,MAGASIN CENTRAL,EN_COURS_INJECTION
2026-03-15,ART-1477,1224.06,DEPOT NORD,EN_COURS_INJECTION
2026-04-15,ART-1628,89.13,DEPOT B,EN_COURS_INJECTION
2026-01-15,ART-1546,1050.71,MAGASIN CENTRAL,EN_COURS_INJECTION
2026-04-05,ART-1183,1410.92,DEPOT B,EN_COURS_INJECTION
2026-01-15,ART-1392,135.73,DEPOT B,EN_COURS_INJECTION
2026-02-05,ART-1478,994.92,DEPOT B,EN_COURS_INJECTION
2026-01-05,ART-1575,115.19,ATELIER 1,EN_COURS_INJECTION
2026-04-15,ART-1435,946.94,DEPOT A,EN_COURS_INJECTION
2026-02-05,ART-1218,1439.66,ATELIER 1,EN_COURS_INJECTION
2026-02-15,ART-1121,493.85,DEPOT NORD,EN_COURS_INJECTION
2026-01-05,ART-1174,482.68,DEPOT A,EN_COURS_INJECTION
2026-04-05,ART-1238,104.19,MAGASIN CENTRAL,EN_COURS_INJECTION
2026-01-15,ART-1208,400.08,MAGASIN CENTRAL,EN_COURS_INJECTION
2026-01-15,ART-1579,1021.14,MAGASIN CENTRAL,EN_COURS_INJECTION
2026-04-30,ART-1450,638.18,DEPOT NORD,EN_COURS_INJECTION
2026-02-15,ART-1275,968.01,DEPOT A,EN_COURS_INJECTION
2026-01-15,ART-1267,,MAGASIN CENTRAL,EN_COURS_INJECTION
2026-03-05,ART-1765,949.26,MAGASIN CENTRAL,EN_COURS_INJECTION
2026-03-31,ART-1254,173.44,DEPOT NORD,EN_COURS_INJECTION
2026-03-31,ART-1561,821.72,DEPOT A,EN_COURS_INJECTION
2026-04-30,ART-1470,861.1,DEPOT A,EN_COURS_INJECTION
2026-01-31,ART-1650,1026.87,ATELIER 1,EN_COURS_INJECTION
2026-04-15,ART-1061,771.01,DEPOT B,EN_COURS_INJECTION
2026-03-15,ART-1426,1431.27,DEPOT NORD,EN_COURS_INJECTION
2026-01-15,ART-1719,687.93,DEPOT NORD,EN_COURS_INJECTION
2026-02-15,ART-1441,1457.64,DEPOT NORD,EN_COURS_INJECTION
2026-01-31,ART-1044,672.35,DEPOT NORD,EN_COURS_INJECTION
2026-04-30,ART-1366,1319.82,DEPOT A,EN_COURS_INJECTION
2026-03-05,ART-1284,1317.99,DEPOT B,EN_COURS_INJECTION
2026-02-28,ART-1346,468.43,ATELIER 1,EN_COURS_INJECTION
2026-03-31,ART-1665,1110.76,MAGASIN CENTRAL,EN_COURS_INJECTION
2026-04-05,ART-1268,1138.72,ATELIER 1,EN_COURS_INJECTION
2026-01-05,ART-1620,1276.05,DEPOT A,EN_COURS_INJECTION
2026-03-15,ART-1128,455.67,MAGASIN CENTRAL,EN_COURS_INJECTION
2026-02-05,ART-1336,697.08,ATELIER 1,EN_COURS_INJECTION
2026-01-05,ART-1096,492.15,ATELIER 1,EN_COURS_INJECTION
2026-04-15,ART-1688,993.39,ATELIER 1,EN_COURS_INJECTION
2026-01-15,ART-1376,1198.81,DEPOT NORD,EN_COURS_INJECTION
2026-02-15,ART-1740,518.39,ATELIER 1,EN_COURS_INJECTION
2026-04-05,ART-1394,321.09,DEPOT B,EN_COURS_INJECTION
2026-01-31,ART-1475,1238.49,ATELIER 1,EN_COURS_INJECTION
2026-02-15,ART-1533,412.43,DEPOT B,EN_COURS_INJECTION
2026-01-15,ART-1263,949.77,MAGASIN CENTRAL,EN_COURS_INJECTION
2026-03-05,ART-1550,159.88,DEPOT B,EN_COURS_INJECTION
2026-02-05,ART-1019,1177.31,DEPOT A,EN_COURS_INJECTION
2026-03-05,ART-1651,663.71,DEPOT B,EN_COURS_INJECTION
2026-01-31,ART-1067,984.19,DEPOT NORD,EN_COURS_INJECTION
2026-04-30,ART-1281,1133.33,ATELIER 1,EN_COURS_INJECTION
2026-02-28,ART-1726,1071.01,DEPOT B,EN_COURS_INJECTION
2026-02-05,ART-1560,1441.5,DEPOT NORD,EN_COURS_INJECTION
2026-02-28,ART-1323,1180.54,MAGASIN CENTRAL,EN_COURS_INJECTION
2026-02-15,ART-1336,911.96,DEPOT NORD,EN_COURS_INJECTION
2026-02-05,ART-1013,1267.01,MAGASIN CENTRAL,EN_COURS_INJECTION
2026-04-15,ART-1323,791.64,DEPOT A,EN_COURS_INJECTION
2026-01-05,ART-1543,399.03,DEPOT NORD,EN_COURS_INJECTION
2026-03-05,ART-1280,952.5,ATELIER 1,EN_COURS_INJECTION
2026-03-15,ART-1011,1156.73,DEPOT A,EN_COURS_INJECTION
2026-04-15,ART-1186,0.0,MAGASIN CENTRAL,EN_COURS_INJECTION
2026-03-05,ART-1042,1336.16,DEPOT NORD,EN_COURS_INJECTION
2026-04-15,ART-1037,1319.38,MAGASIN CENTRAL,EN_COURS_INJECTION
2026-04-30,ART-1351,1328.11,ATELIER 1,EN_COURS_INJECTION
2026-03-31,ART-1028,0.0,ATELIER 1,EN_COURS_INJECTION
2026-01-31,ART-1176,951.05,DEPOT A,EN_COURS_INJECTION
2026-02-15,ART-1155,497.27,DEPOT NORD,EN_COURS_INJECTION
2026-04-30,ART-1079,1010.61,DEPOT A,EN_COURS_INJECTION
2026-04-05,ART-1370,847.5,DEPOT B,EN_COURS_INJECTION
2026-03-31,ART-1610,70.65,MAGASIN CENTRAL,EN_COURS_INJECTION
2026-02-28,ART-1175,1255.86,DEPOT A,EN_COURS_INJECTION
2026-02-15,ART-1337,412.7,DEPOT B,EN_COURS_INJECTION
2026-02-15,ART-1112,1082.07,DEPOT A,EN_COURS_INJECTION
2026-04-15,ART-1314,59.02,DEPOT NORD,EN_COURS_INJECTION
2026-03-31,ART-1385,629.31,DEPOT B,EN_COURS_INJECTION
2026-04-05,ART-1343,574.72,DEPOT B,EN_COURS_INJECTION
2026-02-15,ART-1389,985.42,DEPOT A,EN_COURS_INJECTION
2026-01-05,ART-1651,1332.47,ATELIER 1,EN_COURS_INJECTION
2026-02-28,ART-1589,1011.82,DEPOT A,EN_COURS_INJECTION
2026-03-15,ART-1484,1394.58,DEPOT B,EN_COURS_INJECTION
2026-04-05,ART-1727,1326.99,DEPOT NORD,EN_COURS_INJECTION
2026-04-15,ART-1372,321.01,MAGASIN CENTRAL,EN_COURS_INJECTION
2026-04-30,ART-1402,377.22,ATELIER 1,EN_COURS_INJECTION
2026-03-31,ART-1609,230.92,MAGASIN CENTRAL,EN_COURS_INJECTION
2026-03-31,ART-1394,229.13,MAGASIN CENTRAL,EN_COURS_INJECTION
2026-04-15,ART-1709,807.71,DEPOT B,EN_COURS_INJECTION
2026-02-28,ART-1117,594.49,MAGASIN CENTRAL,EN_COURS_INJECTION
2026-03-15,ART-1051,43.72,DEPOT NORD,EN_COURS_INJECTION
2026-01-15,ART-1562,871.71,MAGASIN CENTRAL,EN_COURS_INJECTION
2026-04-05,ART-1142,1226.61,DEPOT NORD,EN_COURS_INJECTION
2026-04-05,ART-1125,582.38,DEPOT B,EN_COURS_INJECTION
2026-02-15,ART-1404,182.84,ATELIER 1,EN_COURS_INJECTION
2026-01-15,ART-1687,224.09,MAGASIN CENTRAL,EN_COURS_INJECTION
2026-04-30,ART-1376,315.23,DEPOT A,EN_COURS_INJECTION
2026-04-15,ART-1704,1143.82,DEPOT NORD,EN_COURS_INJECTION
2026-01-31,ART-1004,221.5,DEPOT A,EN_COURS_INJECTION
2026-03-15,ART-1468,259.37,DEPOT B,EN_COURS_INJECTION
2026-04-30,ART-1670,1066.94,DEPOT NORD,EN_COURS_INJECTION
2026-04-05,ART-1157,553.13,MAGASIN CENTRAL,EN_COURS_INJECTION
2026-01-31,ART-1336,1193.41,MAGASIN CENTRAL,EN_COURS_INJECTION
2026-01-15,ART-1327,906.73,DEPOT B,EN_COURS_INJECTION
2026-01-05,ART-1658,1461.44,DEPOT A,EN_COURS_INJECTION
2026-04-05,ART-1798,201.82,DEPOT NORD,EN_COURS_INJECTION
2026-04-05,ART-1591,416.02,DEPOT NORD,EN_COURS_INJECTION
2026-02-05,ART-1565,95.9,DEPOT A,EN_COURS_INJECTION
2026-01-31,ART-1598,932.73,DEPOT NORD,EN_COURS_INJECTION
2026-02-28,ART-1023,227.9,ATELIER 1,EN_COURS_INJECTION
2026-04-30,ART-1593,923.42,DEPOT A,EN_COURS_INJECTION
2026-01-15,ART-1640,1161.35,DEPOT A,EN_COURS_INJECTION
2026-03-05,ART-1717,1432.04,DEPOT A,EN_COURS_INJECTION
2026-03-05,ART-1283,350.08,ATELIER 1,EN_COURS_INJECTION
2026-01-31,ART-1670,739.14,DEPOT A,EN_COURS_INJECTION
2026-03-31,ART-1495,1164.69,DEPOT NORD,EN_COURS_INJECTION
2026-03-05,ART-1291,1328.48,DEPOT A,EN_COURS_INJECTION
2026-03-05,ART-1246,1364.75,DEPOT B,EN_COURS_INJECTION
2026-03-31,ART-1340,120.37,,EN_COURS_INJECTION
2026-01-31,ART-1533,1400.95,DEPOT A,EN_COURS_INJECTION
2026-03-05,ART-1659,537.2,,EN_COURS_INJECTION
2026-02-15,ART-1578,547.47,DEPOT B,EN_COURS_INJECTION
2026-01-15,ART-1612,1094.31,DEPOT NORD,EN_COURS_INJECTION
2026-01-31,ART-1467,99.76,ATELIER 1,EN_COURS_INJECTION
2026-01-05,ART-1373,1246.63,ATELIER 1,EN_COURS_INJECTION
2026-01-05,ART-1041,95.62,DEPOT NORD,EN_COURS_INJECTION
2026-02-05,ART-1191,144.84,ATELIER 1,EN_COURS_INJECTION
2026-01-05,ART-1176,136.45,DEPOT A,EN_COURS_INJECTION
2026-02-05,ART-1481,1362.75,DEPOT A,EN_COURS_INJECTION
2026-01-05,ART-1172,1102.59,MAGASIN CENTRAL,EN_COURS_INJECTION
2026-04-05,ART-1093,1376.1,DEPOT NORD,EN_COURS_INJECTION
2026-01-31,ART-1695,166.16,DEPOT NORD,EN_COURS_INJECTION
2026-02-15,ART-1549,734.81,DEPOT B,EN_COURS_INJECTION
2026-04-15,ART-1659,1100.21,DEPOT B,EN_COURS_INJECTION
2026-02-28,ART-1503,397.75,DEPOT B,EN_COURS_INJECTION
2026-02-28,ART-1473,646.62,MAGASIN CENTRAL,EN_COURS_INJECTION
2026-01-15,ART-1232,171.22,DEPOT NORD,EN_COURS_INJECTION
2026-03-31,ART-1490,1314.18,DEPOT B,EN_COURS_INJECTION
2026-03-05,ART-1791,489.41,DEPOT NORD,EN_COURS_INJECTION
2026-03-15,ART-1760,474.07,DEPOT B,EN_COURS_INJECTION
2026-04-05,ART-1155,125.39,MAGASIN CENTRAL,EN_COURS_INJECTION
2026-02-28,ART-1751,363.4,DEPOT NORD,EN_COURS_INJECTION
2026-02-05,ART-1581,459.7,DEPOT B,EN_COURS_INJECTION
2026-04-05,ART-1154,450.65,MAGASIN CENTRAL,EN_COURS_INJECTION
2026-02-15,ART-1337,1033.67,DEPOT NORD,EN_COURS_INJECTION
2026-04-30,ART-1444,514.53,ATELIER 1,EN_COURS_INJECTION
2026-01-15,ART-1190,1061.79,DEPOT A,EN_COURS_INJECTION
2026-03-05,ART-1670,121.79,DEPOT NORD,EN_COURS_INJECTION
2026-02-05,ART-1512,848.53,DEPOT B,EN_COURS_INJECTION
2026-03-15,ART-1564,1455.79,MAGASIN CENTRAL,EN_COURS_INJECTION
2026-04-15,ART-1488,209.25,DEPOT A,EN_COURS_INJECTION
2026-03-05,ART-1747,263.56,,EN_COURS_INJECTION
2026-03-15,ART-1185,200.19,DEPOT A,EN_COURS_INJECTION
2026-04-05,ART-1339,671.43,ATELIER 1,EN_COURS_INJECTION
2026-03-31,ART-1451,790.01,MAGASIN CENTRAL,EN_COURS_INJECTION
2026-03-31,ART-1085,953.5,ATELIER 1,EN_COURS_INJECTION
2026-01-05,ART-1168,591.82,DEPOT B,EN_COURS_INJECTION
2026-01-31,ART-1439,556.64,MAGASIN CENTRAL,EN_COURS_INJECTION
2026-01-15,ART-1318,1193.86,ATELIER 1,EN_COURS_INJECTION
2026-04-05,ART-1086,96.75,DEPOT A,EN_COURS_INJECTION
2026-03-31,ART-1370,1128.53,DEPOT NORD,EN_COURS_INJECTION
2026-03-05,ART-1661,1083.48,MAGASIN CENTRAL,EN_COURS_INJECTION
2026-01-31,ART-1596,317.6,MAGASIN CENTRAL,EN_COURS_INJECTION
2026-02-28,ART-1038,625.98,ATELIER 1,EN_COURS_INJECTION
2026-02-15,ART-1091,1302.24,DEPOT A,EN_COURS_INJECTION
2026-02-05,ART-1386,974.51,DEPOT B,EN_COURS_INJECTION
2026-04-05,ART-1077,1074.91,ATELIER 1,EN_COURS_INJECTION
2026-02-05,ART-1457,1428.75,MAGASIN CENTRAL,EN_COURS_INJECTION
2026-01-05,ART-1454,853.73,DEPOT A,EN_COURS_INJECTION
2026-03-31,ART-1284,1266.54,DEPOT A,EN_COURS_INJECTION
2026-03-15,ART-1727,1116.63,DEPOT NORD,EN_COURS_INJECTION
2026-03-15,ART-1020,669.95,DEPOT B,EN_COURS_INJECTION
2026-03-05,ART-1305,0.0,DEPOT B,EN_COURS_INJECTION
2026-04-30,ART-1161,449.75,MAGASIN CENTRAL,EN_COURS_INJECTION
2026-01-31,ART-1583,381.65,ATELIER 1,EN_COURS_INJECTION
2026-04-30,ART-1390,803.76,MAGASIN CENTRAL,EN_COURS_INJECTION
2026-02-15,ART-1327,876.62,DEPOT B,EN_COURS_INJECTION
2026-04-15,ART-1747,1177.27,MAGASIN CENTRAL,EN_COURS_INJECTION
2026-03-31,ART-1074,913.73,DEPOT NORD,EN_COURS_INJECTION
2026-03-05,ART-1401,62.58,DEPOT NORD,EN_COURS_INJECTION
2026-04-15,ART-1623,986.22,DEPOT NORD,EN_COURS_INJECTION
2026-04-15,ART-1276,132.58,DEPOT B,EN_COURS_INJECTION
2026-02-15,ART-1642,1226.71,,EN_COURS_INJECTION
2026-01-15,ART-1355,977.53,DEPOT A,EN_COURS_INJECTION
2026-03-31,ART-1210,934.36,DEPOT NORD,EN_COURS_INJECTION
2026-02-15,ART-1483,736.44,MAGASIN CENTRAL,EN_COURS_INJECTION
2026-03-31,ART-1674,1079.72,DEPOT A,EN_COURS_INJECTION
2026-02-28,ART-1713,1200.01,DEPOT NORD,EN_COURS_INJECTION
2026-04-05,ART-1175,331.48,ATELIER 1,EN_COURS_INJECTION
2026-03-05,ART-1647,861.61,ATELIER 1,EN_COURS_INJECTION
2026-01-05,ART-1590,1051.34,MAGASIN CENTRAL,EN_COURS_INJECTION
2026-04-05,ART-1095,647.52,MAGASIN CENTRAL,EN_COURS_INJECTION
2026-01-31,ART-1541,962.8,MAGASIN CENTRAL,EN_COURS_INJECTION
2026-04-15,ART-1619,1054.09,DEPOT B,EN_COURS_INJECTION
2026-02-28,ART-1478,209.63,DEPOT B,EN_COURS_INJECTION
2026-04-05,ART-1726,160.48,DEPOT A,EN_COURS_INJECTION
2026-04-05,ART-1292,239.85,ATELIER 1,EN_COURS_INJECTION
2026-01-05,ART-1243,1264.65,DEPOT A,EN_COURS_INJECTION
2026-01-05,ART-1384,189.46,DEPOT B,EN_COURS_INJECTION
2026-02-28,ART-1158,854.45,DEPOT NORD,EN_COURS_INJECTION
2026-02-15,ART-1250,49.24,ATELIER 1,EN_COURS_INJECTION
2026-02-28,ART-1668,433.83,DEPOT B,EN_COURS_INJECTION
2026-03-15,ART-1773,1290.49,DEPOT B,EN_COURS_INJECTION
2026-04-15,ART-1295,1093.18,DEPOT B,EN_COURS_INJECTION
2026-01-05,ART-1456,633.07,ATELIER 1,EN_COURS_INJECTION
2026-03-31,ART-1194,1127.67,DEPOT B,EN_COURS_INJECTION
2026-03-05,ART-1312,24.92,MAGASIN CENTRAL,EN_COURS_INJECTION
2026-02-05,ART-1244,1306.13,DEPOT B,EN_COURS_INJECTION
2026-01-15,ART-1001,323.73,DEPOT NORD,EN_COURS_INJECTION
2026-04-15,ART-1525,1415.79,DEPOT B,EN_COURS_INJECTION
2026-02-15,ART-1334,193.06,MAGASIN CENTRAL,EN_COURS_INJECTION
2026-01-05,ART-1206,672.87,DEPOT NORD,EN_COURS_INJECTION
2026-04-15,ART-1524,856.24,MAGASIN CENTRAL,EN_COURS_INJECTION
2026-04-05,ART-1218,226.89,DEPOT NORD,EN_COURS_INJECTION
2026-04-30,ART-1705,598.63,ATELIER 1,EN_COURS_INJECTION
2026-03-31,ART-1334,671.01,MAGASIN CENTRAL,EN_COURS_INJECTION
2026-02-28,ART-1680,499.94,DEPOT NORD,EN_COURS_INJECTION
2026-03-15,ART-1610,270.55,DEPOT A,EN_COURS_INJECTION
2026-04-30,ART-1434,261.64,ATELIER 1,EN_COURS_INJECTION
2026-03-05,ART-1131,1290.35,DEPOT B,EN_COURS_INJECTION
2026-02-28,ART-1274,827.02,DEPOT B,EN_COURS_INJECTION
2026-01-15,ART-1088,104.16,DEPOT B,EN_COURS_INJECTION
2026-01-15,ART-1248,74.91,DEPOT NORD,EN_COURS_INJECTION
2026-04-15,ART-1129,161.79,MAGASIN CENTRAL,EN_COURS_INJECTION
2026-02-05,ART-1355,1277.25,DEPOT B,EN_COURS_INJECTION
2026-04-15,ART-1485,675.16,MAGASIN CENTRAL,EN_COURS_INJECTION
2026-03-31,ART-1429,1317.77,ATELIER 1,EN_COURS_INJECTION
2026-02-05,ART-1144,1046.29,MAGASIN CENTRAL,EN_COURS_INJECTION
2026-04-30,ART-1019,861.94,MAGASIN CENTRAL,EN_COURS_INJECTION
2026-01-31,ART-1437,1043.4,DEPOT A,EN_COURS_INJECTION
2026-03-05,ART-1308,420.32,DEPOT B,EN_COURS_INJECTION
2026-02-15,ART-1232,899.83,DEPOT A,EN_COURS_INJECTION
2026-03-15,ART-1546,563.84,ATELIER 1,EN_COURS_INJECTION
2026-03-15,ART-1793,1262.54,DEPOT NORD,EN_COURS_INJECTION
2026-02-15,ART-1033,1261.04,MAGASIN CENTRAL,EN_COURS_INJECTION
2026-03-31,ART-1300,534.07,ATELIER 1,EN_COURS_INJECTION
2026-04-05,ART-1711,550.15,DEPOT B,EN_COURS_INJECTION
2026-01-31,ART-1664,204.46,MAGASIN CENTRAL,EN_COURS_INJECTION
2026-02-15,ART-1353,1258.64,DEPOT B,EN_COURS_INJECTION
2026-01-31,ART-1730,1226.31,DEPOT A,EN_COURS_INJECTION
2026-04-30,ART-1350,1387.38,DEPOT NORD,EN_COURS_INJECTION
2026-02-05,ART-1616,1270.86,DEPOT A,EN_COURS_INJECTION
2026-02-28,ART-1253,229.37,ATELIER 1,EN_COURS_INJECTION
2026-01-31,ART-1312,1057.44,MAGASIN CENTRAL,EN_COURS_INJECTION
2026-04-15,ART-1421,385.72,DEPOT NORD,EN_COURS_INJECTION
2026-02-05,ART-1277,334.56,ATELIER 1,EN_COURS_INJECTION
2026-01-31,ART-1611,693.19,ATELIER 1,EN_COURS_INJECTION
2026-04-30,ART-1591,802.65,DEPOT NORD,EN_COURS_INJECTION
2026-04-15,ART-1571,740.81,DEPOT A,EN_COURS_INJECTION
2026-03-05,ART-1367,1426.97,DEPOT NORD,EN_COURS_INJECTION
2026-01-15,ART-1334,863.63,ATELIER 1,EN_COURS_INJECTION
2026-03-15,ART-1394,1156.64,ATELIER 1,EN_COURS_INJECTION
2026-03-31,ART-1420,881.17,ATELIER 1,EN_COURS_INJECTION
2026-01-31,ART-1553,1119.19,MAGASIN CENTRAL,EN_COURS_INJECTION
2026-01-15,ART-1255,1190.07,ATELIER 1,EN_COURS_INJECTION
2026-04-15,ART-1745,1361.51,DEPOT NORD,EN_COURS_INJECTION
2026-02-28,ART-1143,848.01,MAGASIN CENTRAL,EN_COURS_INJECTION
2026-03-31,ART-1663,112.2,DEPOT B,EN_COURS_INJECTION
2026-01-31,ART-1448,300.19,DEPOT NORD,EN_COURS_INJECTION
2026-03-15,ART-1354,1199.21,DEPOT NORD,EN_COURS_INJECTION
2026-03-31,ART-1481,743.04,MAGASIN CENTRAL,EN_COURS_INJECTION
2026-01-15,ART-1633,167.42,ATELIER 1,EN_COURS_INJECTION
2026-03-05,ART-1702,756.11,ATELIER 1,EN_COURS_INJECTION
2026-01-05,ART-1719,787.19,MAGASIN CENTRAL,EN_COURS_INJECTION
2026-01-31,ART-1706,115.79,DEPOT B,EN_COURS_INJECTION
2026-03-05,ART-1436,844.49,MAGASIN CENTRAL,EN_COURS_INJECTION
2026-04-30,ART-1204,208.11,DEPOT NORD,EN_COURS_INJECTION
2026-02-28,ART-1743,550.77,DEPOT A,EN_COURS_INJECTION
2026-03-31,ART-1628,692.91,DEPOT NORD,EN_COURS_INJECTION
2026-01-05,ART-1583,154.27,ATELIER 1,EN_COURS_INJECTION
2026-03-05,ART-1574,637.76,DEPOT A,EN_COURS_INJECTION
2026-03-05,ART-1066,1079.33,DEPOT B,EN_COURS_INJECTION
2026-04-05,ART-1154,409.95,DEPOT B,EN_COURS_INJECTION
2026-03-31,ART-1304,1113.41,ATELIER 1,EN_COURS_INJECTION
2026-02-15,ART-1706,201.89,MAGASIN CENTRAL,EN_COURS_INJECTION
2026-02-28,ART-1519,1161.25,ATELIER 1,EN_COURS_INJECTION
2026-04-05,ART-1153,647.9,DEPOT A,EN_COURS_INJECTION
2026-03-05,ART-1636,1058.95,DEPOT A,EN_COURS_INJECTION
2026-01-31,ART-1707,259.55,ATELIER 1,EN_COURS_INJECTION
2026-02-15,ART-1518,664.79,DEPOT A,EN_COURS_INJECTION
2026-03-31,ART-1564,254.04,DEPOT A,EN_COURS_INJECTION
2026-03-31,ART-1632,561.06,DEPOT NORD,EN_COURS_INJECTION
2026-01-31,ART-1213,1283.75,DEPOT NORD,EN_COURS_INJECTION
2026-04-30,ART-1604,0.0,MAGASIN CENTRAL,EN_COURS_INJECTION
2026-04-15,ART-1582,1137.14,MAGASIN CENTRAL,EN_COURS_INJECTION
2026-04-05,ART-1141,348.12,DEPOT B,EN_COURS_INJECTION
2026-02-28,ART-1189,,MAGASIN CENTRAL,EN_COURS_INJECTION
2026-02-15,ART-1354,986.18,MAGASIN CENTRAL,EN_COURS_INJECTION
2026-03-31,ART-1583,1408.79,DEPOT B,EN_COURS_INJECTION
2026-02-05,ART-1307,1000.95,MAGASIN CENTRAL,EN_COURS_INJECTION
2026-01-15,ART-1087,600.1,ATELIER 1,EN_COURS_INJECTION
2026-02-15,ART-1602,1100.69,DEPOT B,EN_COURS_INJECTION
2026-04-15,ART-1073,179.23,ATELIER 1,EN_COURS_INJECTION
2026-03-15,ART-1028,1062.24,DEPOT A,EN_COURS_INJECTION
2026-04-30,ART-1215,599.97,DEPOT B,EN_COURS_INJECTION
2026-04-05,ART-1058,171.64,DEPOT B,EN_COURS_INJECTION
2026-02-28,ART-1097,1276.16,DEPOT B,EN_COURS_INJECTION
2026-02-15,ART-1384,199.54,DEPOT B,EN_COURS_INJECTION
2026-02-15,ART-1529,1228.0,ATELIER 1,EN_COURS_INJECTION
2026-01-05,ART-1305,79.09,MAGASIN CENTRAL,EN_COURS_INJECTION
2026-03-15,ART-1064,769.49,DEPOT NORD,EN_COURS_INJECTION
2026-04-30,ART-1359,1237.14,DEPOT B,EN_COURS_INJECTION
2026-01-31,ART-1436,709.68,DEPOT A,EN_COURS_INJECTION
2026-04-30,ART-1336,645.72,DEPOT B,EN_COURS_INJECTION
2026-01-05,ART-1711,0.0,DEPOT B,EN_COURS_INJECTION
2026-01-15,ART-1560,450.95,DEPOT A,EN_COURS_INJECTION
2026-04-30,ART-1796,1098.3,ATELIER 1,EN_COURS_INJECTION
2026-02-28,ART-1050,34.93,DEPOT B,EN_COURS_INJECTION
2026-01-31,ART-1235,632.04,DEPOT B,EN_COURS_INJECTION
2026-03-15,ART-1043,530.24,MAGASIN CENTRAL,EN_COURS_INJECTION
2026-02-05,ART-1453,1137.72,DEPOT A,EN_COURS_INJECTION
2026-04-05,ART-1010,632.01,DEPOT NORD,EN_COURS_INJECTION
2026-01-15,ART-1102,1413.02,ATELIER 1,EN_COURS_INJECTION
2026-01-31,ART-1137,253.8,DEPOT A,EN_COURS_INJECTION
2026-02-15,ART-1319,780.0,DEPOT B,EN_COURS_INJECTION
2026-02-05,ART-1658,1455.9,DEPOT A,EN_COURS_INJECTION
2026-03-15,ART-1155,1001.4,DEPOT NORD,EN_COURS_INJECTION
2026-03-31,ART-1624,973.25,DEPOT A,EN_COURS_INJECTION
2026-01-05,ART-1311,547.92,ATELIER 1,EN_COURS_INJECTION
2026-01-05,ART-1114,129.34,DEPOT A,EN_COURS_INJECTION
2026-01-31,ART-1443,1275.27,DEPOT B,EN_COURS_INJECTION
2026-04-15,ART-1125,1313.16,DEPOT B,EN_COURS_INJECTION
2026-03-05,ART-1200,182.1,ATELIER 1,EN_COURS_INJECTION
2026-02-05,ART-1724,1414.9,DEPOT NORD,EN_COURS_INJECTION
2026-04-05,ART-1548,960.16,DEPOT A,EN_COURS_INJECTION
2026-02-28,ART-1476,602.74,DEPOT B,EN_COURS_INJECTION
2026-01-05,ART-1394,1091.77,DEPOT B,EN_COURS_INJECTION
2026-02-15,ART-1644,845.15,MAGASIN CENTRAL,EN_COURS_INJECTION
2026-04-30,ART-1674,834.44,DEPOT B,EN_COURS_INJECTION
2026-01-05,ART-1539,184.05,DEPOT A,EN_COURS_INJECTION
2026-02-05,ART-1187,1060.2,DEPOT A,EN_COURS_INJECTION
2026-02-28,ART-1127,1167.67,DEPOT NORD,EN_COURS_INJECTION
2026-02-05,ART-1039,18.99,DEPOT A,EN_COURS_INJECTION
2026-04-15,ART-1314,1491.37,MAGASIN CENTRAL,EN_COURS_INJECTION
2026-01-15,ART-1720,1378.86,DEPOT NORD,EN_COURS_INJECTION
2026-03-15,ART-1606,1257.6,,EN_COURS_INJECTION
2026-02-15,ART-1641,1483.39,DEPOT B,EN_COURS_INJECTION
2026-03-31,ART-1590,1003.06,ATELIER 1,EN_COURS_INJECTION
2026-02-05,ART-1617,171.32,MAGASIN CENTRAL,EN_COURS_INJECTION
2026-04-30,ART-1634,176.06,DEPOT NORD,EN_COURS_INJECTION
2026-03-31,ART-1126,526.23,MAGASIN CENTRAL,EN_COURS_INJECTION
2026-04-05,ART-1155,146.74,DEPOT NORD,EN_COURS_INJECTION
2026-01-31,ART-1160,253.88,DEPOT A,EN_COURS_INJECTION
2026-04-30,ART-1243,1148.27,ATELIER 1,EN_COURS_INJECTION
2026-01-15,ART-1521,750.3,DEPOT A,EN_COURS_INJECTION
2026-03-31,ART-1461,1075.46,DEPOT A,EN_COURS_INJECTION
2026-02-28,ART-1013,76.86,ATELIER 1,EN_COURS_INJECTION
2026-04-30,ART-1596,988.72,ATELIER 1,EN_COURS_INJECTION
2026-04-30,ART-1464,1335.99,DEPOT B,EN_COURS_INJECTION
2026-03-15,ART-1675,1471.57,ATELIER 1,EN_COURS_INJECTION
2026-02-15,ART-1531,889.89,DEPOT NORD,EN_COURS_INJECTION
2026-01-05,ART-1638,740.05,DEPOT B,EN_COURS_INJECTION
2026-01-31,ART-1066,395.37,DEPOT B,EN_COURS_INJECTION
2026-03-05,ART-1155,755.77,DEPOT A,EN_COURS_INJECTION
2026-03-31,ART-1299,646.87,MAGASIN CENTRAL,EN_COURS_INJECTION
2026-01-31,ART-1499,1388.59,DEPOT NORD,EN_COURS_INJECTION
2026-04-15,ART-1075,426.69,DEPOT NORD,EN_COURS_INJECTION
2026-02-15,ART-1149,1288.17,MAGASIN CENTRAL,EN_COURS_INJECTION
2026-04-15,ART-1261,1309.47,MAGASIN CENTRAL,EN_COURS_INJECTION
2026-04-30,ART-1314,969.46,DEPOT NORD,EN_COURS_INJECTION
2026-04-05,ART-1480,1159.97,ATELIER 1,EN_COURS_INJECTION
2026-02-15,ART-1035,1304.5,DEPOT B,EN_COURS_INJECTION
2026-04-05,ART-1786,346.39,MAGASIN CENTRAL,EN_COURS_INJECTION
2026-01-31,ART-1741,335.46,DEPOT NORD,EN_COURS_INJECTION
2026-04-05,ART-1259,165.77,DEPOT A,EN_COURS_INJECTION
2026-01-15,ART-1141,696.09,DEPOT B,EN_COURS_INJECTION
2026-03-31,ART-1696,1033.27,DEPOT NORD,EN_COURS_INJECTION
2026-03-15,ART-1094,662.15,ATELIER 1,EN_COURS_INJECTION
2026-04-15,ART-1056,1312.96,DEPOT A,EN_COURS_INJECTION
2026-03-15,ART-1290,1490.68,ATELIER 1,EN_COURS_INJECTION
2026-02-05,ART-1305,543.48,DEPOT B,EN_COURS_INJECTION
2026-01-15,ART-1084,304.22,MAGASIN CENTRAL,EN_COURS_INJECTION
2026-03-15,ART-1477,951.7,MAGASIN CENTRAL,EN_COURS_INJECTION
2026-04-15,ART-1497,1104.6,DEPOT NORD,EN_COURS_INJECTION
2026-03-15,ART-1114,498.84,DEPOT NORD,EN_COURS_INJECTION
2026-04-05,ART-1377,962.74,DEPOT A,EN_COURS_INJECTION
2026-03-05,ART-1444,510.42,DEPOT B,EN_COURS_INJECTION
2026-02-15,ART-1342,1365.12,DEPOT NORD,EN_COURS_INJECTION
2026-02-28,ART-1121,972.54,DEPOT NORD,EN_COURS_INJECTION
2026-02-15,ART-1704,851.59,MAGASIN CENTRAL,EN_COURS_INJECTION
2026-03-15,ART-1011,315.54,DEPOT NORD,EN_COURS_INJECTION
2026-03-31,ART-1793,1404.94,DEPOT NORD,EN_COURS_INJECTION
2026-03-31,ART-1090,743.08,DEPOT A,EN_COURS_INJECTION
2026-02-05,ART-1243,274.09,DEPOT A,EN_COURS_INJECTION
2026-02-15,ART-1739,310.85,DEPOT B,EN_COURS_INJECTION
2026-01-15,ART-1732,1391.64,ATELIER 1,EN_COURS_INJECTION
2026-02-28,ART-1097,243.34,MAGASIN CENTRAL,EN_COURS_INJECTION
2026-01-31,ART-1225,1359.64,MAGASIN CENTRAL,EN_COURS_INJECTION
2026-04-30,ART-1164,1017.51,DEPOT A,EN_COURS_INJECTION
2026-04-15,ART-1747,242.85,DEPOT NORD,EN_COURS_INJECTION
2026-04-30,ART-1752,43.26,ATELIER 1,EN_COURS_INJECTION
2026-02-28,ART-1214,266.11,DEPOT A,EN_COURS_INJECTION
2026-03-05,ART-1354,554.98,DEPOT NORD,EN_COURS_INJECTION
2026-03-31,ART-1490,625.86,DEPOT NORD,EN_COURS_INJECTION
2026-04-15,ART-1632,1367.46,MAGASIN CENTRAL,EN_COURS_INJECTION
2026-01-05,ART-1566,566.88,DEPOT NORD,EN_COURS_INJECTION
2026-01-05,ART-1279,1155.81,ATELIER 1,EN_COURS_INJECTION
2026-02-05,ART-1104,1301.03,DEPOT NORD,EN_COURS_INJECTION
2026-02-05,ART-1220,1221.66,DEPOT A,EN_COURS_INJECTION
2026-02-05,ART-1575,1232.77,DEPOT NORD,EN_COURS_INJECTION
2026-01-15,ART-1163,652.06,DEPOT NORD,EN_COURS_INJECTION
2026-02-05,ART-1723,1388.67,ATELIER 1,EN_COURS_INJECTION
2026-02-28,ART-1503,1227.17,ATELIER 1,EN_COURS_INJECTION
2026-02-05,ART-1673,569.09,MAGASIN CENTRAL,EN_COURS_INJECTION
2026-02-05,ART-1663,795.39,ATELIER 1,EN_COURS_INJECTION
2026-03-15,ART-1558,1496.8,DEPOT A,EN_COURS_INJECTION
2026-02-15,ART-1080,250.45,DEPOT A,EN_COURS_INJECTION
2026-02-28,ART-1316,1312.42,DEPOT NORD,EN_COURS_INJECTION
2026-02-28,ART-1611,1461.46,DEPOT NORD,EN_COURS_INJECTION
2026-04-15,ART-1544,524.2,DEPOT A,EN_COURS_INJECTION
2026-01-15,ART-1446,589.56,ATELIER 1,EN_COURS_INJECTION
2026-03-15,ART-1649,94.27,DEPOT A,EN_COURS_INJECTION
2026-01-31,ART-1241,167.6,ATELIER 1,EN_COURS_INJECTION
2026-02-28,ART-1758,1020.42,MAGASIN CENTRAL,EN_COURS_INJECTION
2026-01-05,ART-1383,1188.11,MAGASIN CENTRAL,EN_COURS_INJECTION
2026-03-31,ART-1770,163.78,DEPOT B,EN_COURS_INJECTION
2026-03-31,ART-1681,1498.92,DEPOT A,EN_COURS_INJECTION
2026-03-15,ART-1503,976.7,MAGASIN CENTRAL,EN_COURS_INJECTION
2026-03-05,ART-1177,1048.94,DEPOT B,EN_COURS_INJECTION
2026-02-15,ART-1152,324.65,ATELIER 1,EN_COURS_INJECTION
2026-02-05,ART-1296,819.7,DEPOT A,EN_COURS_INJECTION
2026-04-05,ART-1714,784.97,ATELIER 1,EN_COURS_INJECTION
2026-03-05,ART-1726,648.52,DEPOT B,EN_COURS_INJECTION
2026-01-15,ART-1673,119.18,DEPOT B,EN_COURS_INJECTION
2026-03-15,ART-1449,536.44,MAGASIN CENTRAL,EN_COURS_INJECTION
2026-04-05,ART-1092,967.8,DEPOT B,EN_COURS_INJECTION
2026-02-05,ART-1466,863.42,DEPOT A,EN_COURS_INJECTION
2026-04-30,ART-1636,39.32,DEPOT A,EN_COURS_INJECTION
2026-02-05,ART-1603,1033.54,DEPOT NORD,EN_COURS_INJECTION
2026-03-31,ART-1430,69.81,DEPOT NORD,EN_COURS_INJECTION
2026-04-30,ART-1776,1165.06,DEPOT NORD,EN_COURS_INJECTION
2026-02-28,ART-1435,1365.16,MAGASIN CENTRAL,EN_COURS_INJECTION
2026-03-31,ART-1088,412.18,MAGASIN CENTRAL,EN_COURS_INJECTION
2026-02-28,ART-1243,1113.98,DEPOT B,EN_COURS_INJECTION
2026-03-05,ART-1117,445.16,DEPOT B,EN_COURS_INJECTION
2026-01-05,ART-1615,701.46,ATELIER 1,EN_COURS_INJECTION
2026-03-15,ART-1306,123.1,DEPOT A,EN_COURS_INJECTION
2026-03-15,ART-1154,350.38,MAGASIN CENTRAL,EN_COURS_INJECTION
2026-04-15,ART-1510,744.75,DEPOT B,EN_COURS_INJECTION
2026-04-15,ART-1192,645.26,ATELIER 1,EN_COURS_INJECTION
2026-01-15,ART-1101,1473.8,MAGASIN CENTRAL,EN_COURS_INJECTION
2026-04-30,ART-1390,1014.5,DEPOT NORD,EN_COURS_INJECTION
2026-04-30,ART-1291,171.05,MAGASIN CENTRAL,EN_COURS_INJECTION
2026-02-28,ART-1091,1447.68,DEPOT A,EN_COURS_INJECTION
2026-02-28,ART-1058,41.53,ATELIER 1,EN_COURS_INJECTION
2026-01-15,ART-1153,749.49,DEPOT A,EN_COURS_INJECTION
2026-04-05,ART-1320,49.14,ATELIER 1,EN_COURS_INJECTION
2026-02-28,ART-1405,1484.3,MAGASIN CENTRAL,EN_COURS_INJECTION
2026-02-05,ART-1402,285.55,MAGASIN CENTRAL,EN_COURS_INJECTION
2026-03-05,ART-1052,858.2,DEPOT NORD,EN_COURS_INJECTION
2026-04-15,ART-1672,1017.14,DEPOT NORD,EN_COURS_INJECTION
2026-03-05,ART-1129,1251.25,DEPOT NORD,EN_COURS_INJECTION
2026-04-30,ART-1687,1391.26,DEPOT NORD,EN_COURS_INJECTION
2026-02-05,ART-1303,651.85,MAGASIN CENTRAL,EN_COURS_INJECTION
2026-01-05,ART-1603,743.33,DEPOT B,EN_COURS_INJECTION
2026-02-15,ART-1516,1388.72,ATELIER 1,EN_COURS_INJECTION
2026-01-05,ART-1582,1447.35,MAGASIN CENTRAL,EN_COURS_INJECTION
2026-02-28,ART-1511,541.93,DEPOT NORD,EN_COURS_INJECTION
2026-03-15,ART-1559,207.93,MAGASIN CENTRAL,EN_COURS_INJECTION
2026-03-31,ART-1718,235.04,DEPOT NORD,EN_COURS_INJECTION
2026-02-05,ART-1405,1359.99,ATELIER 1,EN_COURS_INJECTION
2026-03-15,ART-1252,339.45,DEPOT NORD,EN_COURS_INJECTION
2026-01-05,ART-1729,1088.54,DEPOT B,EN_COURS_INJECTION
2026-04-30,ART-1097,335.44,DEPOT B,EN_COURS_INJECTION
2026-01-15,ART-1318,1478.91,DEPOT NORD,EN_COURS_INJECTION
2026-02-15,ART-1421,1468.87,DEPOT B,EN_COURS_INJECTION
2026-01-05,ART-1407,1218.25,MAGASIN CENTRAL,EN_COURS_INJECTION
2026-04-15,ART-1379,1434.81,MAGASIN CENTRAL,EN_COURS_INJECTION
2026-02-05,ART-1418,201.92,DEPOT NORD,EN_COURS_INJECTION
2026-02-05,ART-1330,844.65,DEPOT NORD,EN_COURS_INJECTION
2026-03-31,ART-1545,1295.01,ATELIER 1,EN_COURS_INJECTION
2026-01-05,ART-1595,880.82,DEPOT NORD,EN_COURS_INJECTION
2026-02-28,ART-1176,212.44,MAGASIN CENTRAL,EN_COURS_INJECTION
2026-01-05,ART-1421,283.35,MAGASIN CENTRAL,EN_COURS_INJECTION
2026-04-15,ART-1496,1337.84,DEPOT A,EN_COURS_INJECTION
2026-02-28,ART-1433,1308.86,DEPOT B,EN_COURS_INJECTION
2026-02-28,ART-1221,768.4,ATELIER 1,EN_COURS_INJECTION
2026-01-31,ART-1402,1297.75,ATELIER 1,EN_COURS_INJECTION
2026-02-15,ART-1733,233.39,ATELIER 1,EN_COURS_INJECTION
2026-04-30,ART-1088,1345.86,ATELIER 1,EN_COURS_INJECTION
2026-02-05,ART-1660,1187.42,MAGASIN CENTRAL,EN_COURS_INJECTION
2026-04-05,ART-1291,186.6,DEPOT B,EN_COURS_INJECTION
2026-03-31,ART-1653,811.94,DEPOT NORD,EN_COURS_INJECTION
2026-03-15,ART-1143,1355.48,MAGASIN CENTRAL,EN_COURS_INJECTION
2026-04-30,ART-1067,970.63,MAGASIN CENTRAL,EN_COURS_INJECTION
2026-01-31,ART-1343,590.08,DEPOT B,EN_COURS_INJECTION
2026-02-15,ART-1401,1084.79,DEPOT A,EN_COURS_INJECTION
2026-03-05,ART-1775,1048.72,,EN_COURS_INJECTION
2026-02-15,ART-1485,513.49,MAGASIN CENTRAL,EN_COURS_INJECTION
2026-02-28,ART-1543,586.29,DEPOT NORD,EN_COURS_INJECTION
2026-03-05,ART-1169,1347.09,DEPOT A,EN_COURS_INJECTION
2026-04-15,ART-1346,11.36,DEPOT A,EN_COURS_INJECTION
2026-02-15,ART-1441,543.43,ATELIER 1,EN_COURS_INJECTION
2026-03-05,ART-1392,1073.82,DEPOT B,EN_COURS_INJECTION
2026-04-15,ART-1577,624.24,MAGASIN CENTRAL,EN_COURS_INJECTION
2026-03-15,ART-1383,749.24,DEPOT A,EN_COURS_INJECTION
2026-04-05,ART-1591,341.77,ATELIER 1,EN_COURS_INJECTION
2026-01-15,ART-1310,474.21,DEPOT B,EN_COURS_INJECTION
2026-03-31,ART-1293,858.55,DEPOT B,EN_COURS_INJECTION
2026-04-30,ART-1552,1013.63,DEPOT NORD,EN_COURS_INJECTION
2026-04-05,ART-1267,1254.03,DEPOT A,EN_COURS_INJECTION
2026-02-05,ART-1136,722.02,DEPOT NORD,EN_COURS_INJECTION
2026-03-31,ART-1513,849.77,DEPOT NORD,EN_COURS_INJECTION
2026-02-05,ART-1656,1476.42,DEPOT B,EN_COURS_INJECTION
2026-02-28,ART-1065,276.4,ATELIER 1,EN_COURS_INJECTION
2026-03-15,ART-1432,220.65,DEPOT A,EN_COURS_INJECTION
2026-03-31,ART-1178,1075.61,MAGASIN CENTRAL,EN_COURS_INJECTION
2026-01-05,ART-1040,1015.17,DEPOT NORD,EN_COURS_INJECTION
2026-02-15,ART-1644,579.16,DEPOT A,EN_COURS_INJECTION
2026-02-15,ART-1134,1475.43,DEPOT NORD,EN_COURS_INJECTION
2026-02-28,ART-1744,1352.19,MAGASIN CENTRAL,EN_COURS_INJECTION
2026-04-05,ART-1555,382.95,ATELIER 1,EN_COURS_INJECTION
2026-03-15,ART-1319,1384.09,ATELIER 1,EN_COURS_INJECTION
2026-04-15,ART-1316,918.15,DEPOT NORD,EN_COURS_INJECTION
2026-03-31,ART-1089,128.96,DEPOT A,EN_COURS_INJECTION
2026-04-05,ART-1105,1115.95,MAGASIN CENTRAL,EN_COURS_INJECTION
2026-03-31,ART-1024,1159.12,MAGASIN CENTRAL,EN_COURS_INJECTION
2026-01-05,ART-1536,48.94,DEPOT NORD,EN_COURS_INJECTION
2026-04-05,ART-1550,412.54,ATELIER 1,EN_COURS_INJECTION
2026-02-28,ART-1631,621.54,ATELIER 1,EN_COURS_INJECTION
2026-04-15,ART-1190,1371.03,ATELIER 1,EN_COURS_INJECTION
2026-03-15,ART-1783,1277.9,DEPOT B,EN_COURS_INJECTION
2026-01-05,ART-1511,42.65,MAGASIN CENTRAL,EN_COURS_INJECTION
2026-04-30,ART-1210,30.21,DEPOT B,EN_COURS_INJECTION
2026-01-31,ART-1766,454.46,DEPOT NORD,EN_COURS_INJECTION
2026-04-05,ART-1135,205.68,ATELIER 1,EN_COURS_INJECTION
2026-04-05,ART-1520,547.26,DEPOT A,EN_COURS_INJECTION
2026-01-05,ART-1783,1253.23,DEPOT NORD,EN_COURS_INJECTION
2026-01-31,ART-1764,908.08,DEPOT A,EN_COURS_INJECTION
2026-04-05,ART-1048,134.11,MAGASIN CENTRAL,EN_COURS_INJECTION
2026-03-31,ART-1603,1332.38,MAGASIN CENTRAL,EN_COURS_INJECTION
2026-01-31,ART-1539,,DEPOT B,EN_COURS_INJECTION
2026-03-15,ART-1101,665.7,MAGASIN CENTRAL,EN_COURS_INJECTION
2026-03-31,ART-1628,1129.56,DEPOT B,EN_COURS_INJECTION
2026-02-05,ART-1317,203.52,DEPOT B,EN_COURS_INJECTION
2026-01-15,ART-1749,1234.29,DEPOT NORD,EN_COURS_INJECTION
2026-03-15,ART-1293,717.82,MAGASIN CENTRAL,EN_COURS_INJECTION
2026-04-05,ART-1345,53.54,ATELIER 1,EN_COURS_INJECTION
2026-04-15,ART-1090,1189.76,ATELIER 1,EN_COURS_INJECTION
2026-03-31,ART-1706,1402.41,DEPOT B,EN_COURS_INJECTION
2026-02-15,ART-1522,444.01,MAGASIN CENTRAL,EN_COURS_INJECTION
2026-04-30,ART-1355,915.19,DEPOT A,EN_COURS_INJECTION
2026-03-31,ART-1638,872.18,DEPOT NORD,EN_COURS_INJECTION
2026-04-05,ART-1118,920.43,DEPOT B,EN_COURS_INJECTION
2026-01-05,ART-1188,708.02,MAGASIN CENTRAL,EN_COURS_INJECTION
2026-04-05,ART-1187,991.17,ATELIER 1,EN_COURS_INJECTION
2026-01-05,ART-1616,257.72,DEPOT A,EN_COURS_INJECTION
2026-03-31,ART-1800,181.25,DEPOT A,EN_COURS_INJECTION
2026-01-15,ART-1153,1334.77,ATELIER 1,EN_COURS_INJECTION
2026-04-05,ART-1080,841.35,DEPOT A,EN_COURS_INJECTION
2026-04-15,ART-1256,1220.63,DEPOT A,EN_COURS_INJECTION
2026-03-05,ART-1473,315.33,DEPOT A,EN_COURS_INJECTION
2026-04-30,ART-1705,717.25,DEPOT B,EN_COURS_INJECTION
2026-02-05,ART-1146,1382.45,DEPOT B,EN_COURS_INJECTION
2026-04-05,ART-1232,137.36,DEPOT B,EN_COURS_INJECTION
2026-04-05,ART-1175,180.44,MAGASIN CENTRAL,EN_COURS_INJECTION
2026-04-15,ART-1757,589.77,DEPOT A,EN_COURS_INJECTION
2026-03-05,ART-1776,978.28,ATELIER 1,EN_COURS_INJECTION
2026-02-28,ART-1313,550.87,DEPOT B,EN_COURS_INJECTION
2026-04-15,ART-1221,1450.28,DEPOT NORD,EN_COURS_INJECTION
2026-02-05,ART-1665,1019.14,DEPOT B,EN_COURS_INJECTION
2026-01-31,ART-1288,72.3,DEPOT B,EN_COURS_INJECTION
2026-03-05,ART-1173,1045.09,ATELIER 1,EN_COURS_INJECTION
2026-03-15,ART-1369,1035.2,ATELIER 1,EN_COURS_INJECTION
2026-01-05,ART-1549,1485.6,DEPOT A,EN_COURS_INJECTION
2026-04-15,ART-1097,63.3,ATELIER 1,EN_COURS_INJECTION
2026-04-05,ART-1171,932.36,MAGASIN CENTRAL,EN_COURS_INJECTION
2026-02-15,ART-1088,88.86,DEPOT NORD,EN_COURS_INJECTION
2026-04-15,ART-1728,1377.22,MAGASIN CENTRAL,EN_COURS_INJECTION
2026-04-15,ART-1701,333.92,MAGASIN CENTRAL,EN_COURS_INJECTION
2026-03-31,ART-1536,978.04,DEPOT B,EN_COURS_INJECTION
2026-03-31,ART-1292,789.56,DEPOT NORD,EN_COURS_INJECTION
2026-04-15,ART-1456,291.35,DEPOT A,EN_COURS_INJECTION
2026-01-05,ART-1108,228.56,DEPOT B,EN_COURS_INJECTION
2026-03-05,ART-1258,158.81,DEPOT A,EN_COURS_INJECTION
2026-03-05,ART-1495,1428.0,ATELIER 1,EN_COURS_INJECTION
2026-01-31,ART-1568,232.28,DEPOT B,EN_COURS_INJECTION
2026-04-05,ART-1303,1088.01,ATELIER 1,EN_COURS_INJECTION
2026-01-05,ART-1387,1478.29,MAGASIN CENTRAL,EN_COURS_INJECTION
2026-01-05,ART-1511,175.48,DEPOT NORD,EN_COURS_INJECTION
2026-01-15,ART-1364,328.34,MAGASIN CENTRAL,EN_COURS_INJECTION
2026-04-05,ART-1568,1375.28,DEPOT B,EN_COURS_INJECTION
2026-02-28,ART-1067,295.54,ATELIER 1,EN_COURS_INJECTION
2026-04-05,ART-1163,198.39,DEPOT A,EN_COURS_INJECTION
2026-03-05,ART-1694,80.73,MAGASIN CENTRAL,EN_COURS_INJECTION
2026-03-15,ART-1077,1262.18,DEPOT NORD,EN_COURS_INJECTION
2026-03-15,ART-1527,343.74,DEPOT A,EN_COURS_INJECTION
2026-04-30,ART-1583,251.14,MAGASIN CENTRAL,EN_COURS_INJECTION
2026-03-15,ART-1591,952.88,DEPOT B,EN_COURS_INJECTION
2026-04-05,ART-1580,517.77,DEPOT NORD,EN_COURS_INJECTION
2026-02-28,ART-1477,225.75,DEPOT A,EN_COURS_INJECTION
2026-02-28,ART-1009,662.68,ATELIER 1,EN_COURS_INJECTION
2026-01-05,ART-1643,1326.96,ATELIER 1,EN_COURS_INJECTION
2026-02-15,ART-1753,993.05,DEPOT NORD,EN_COURS_INJECTION
2026-02-15,ART-1406,1183.44,DEPOT NORD,EN_COURS_INJECTION
2026-01-31,ART-1768,394.96,DEPOT NORD,EN_COURS_INJECTION
2026-04-15,ART-1330,809.04,DEPOT NORD,EN_COURS_INJECTION
2026-02-28,ART-1068,316.32,MAGASIN CENTRAL,EN_COURS_INJECTION
2026-03-31,ART-1020,628.85,DEPOT NORD,EN_COURS_INJECTION
2026-03-31,ART-1358,1392.11,DEPOT B,EN_COURS_INJECTION
2026-02-05,ART-1211,1245.39,DEPOT NORD,EN_COURS_INJECTION
2026-01-31,ART-1255,810.55,DEPOT NORD,EN_COURS_INJECTION
2026-03-15,ART-1093,650.41,ATELIER 1,EN_COURS_INJECTION
2026-01-31,ART-1283,958.68,DEPOT NORD,EN_COURS_INJECTION
2026-02-15,ART-1512,1042.41,MAGASIN CENTRAL,EN_COURS_INJECTION
2026-01-15,ART-1752,371.95,ATELIER 1,EN_COURS_INJECTION
2026-03-15,ART-1696,362.02,DEPOT B,EN_COURS_INJECTION
2026-02-05,ART-1177,1441.33,MAGASIN CENTRAL,EN_COURS_INJECTION
2026-01-05,ART-1382,1498.9,DEPOT B,EN_COURS_INJECTION
2026-04-15,ART-1558,1462.87,DEPOT A,EN_COURS_INJECTION
2026-04-30,ART-1775,200.11,DEPOT NORD,EN_COURS_INJECTION
2026-02-15,ART-1133,227.74,MAGASIN CENTRAL,EN_COURS_INJECTION
2026-03-31,ART-1054,931.0,MAGASIN CENTRAL,EN_COURS_INJECTION
2026-04-15,ART-1475,1286.93,ATELIER 1,EN_COURS_INJECTION
2026-02-05,ART-1279,464.86,MAGASIN CENTRAL,EN_COURS_INJECTION
2026-04-30,ART-1027,1348.79,ATELIER 1,EN_COURS_INJECTION
2026-02-15,ART-1215,702.23,DEPOT NORD,EN_COURS_INJECTION
2026-02-15,ART-1487,803.34,DEPOT NORD,EN_COURS_INJECTION
2026-01-15,ART-1708,714.34,ATELIER 1,EN_COURS_INJECTION
2026-04-15,ART-1193,1207.54,DEPOT B,EN_COURS_INJECTION
2026-01-05,ART-1369,144.22,ATELIER 1,EN_COURS_INJECTION
2026-04-15,ART-1797,723.39,ATELIER 1,EN_COURS_INJECTION
2026-04-15,ART-1505,1331.99,ATELIER 1,EN_COURS_INJECTION
2026-02-05,ART-1506,1228.47,DEPOT NORD,EN_COURS_INJECTION
2026-03-31,ART-1727,413.5,DEPOT NORD,EN_COURS_INJECTION
2026-02-15,ART-1161,795.1,DEPOT B,EN_COURS_INJECTION
2026-04-05,ART-1567,1228.3,DEPOT A,EN_COURS_INJECTION
2026-03-15,ART-1138,405.34,DEPOT NORD,EN_COURS_INJECTION
2026-04-15,ART-1044,1456.43,DEPOT NORD,EN_COURS_INJECTION
2026-04-15,ART-1073,652.07,DEPOT A,EN_COURS_INJECTION
2026-04-30,ART-1388,1175.85,MAGASIN CENTRAL,EN_COURS_INJECTION
2026-04-30,ART-1428,1007.79,MAGASIN CENTRAL,EN_COURS_INJECTION
2026-02-28,ART-1044,175.85,ATELIER 1,EN_COURS_INJECTION
2026-04-05,ART-1542,1422.3,DEPOT B,EN_COURS_INJECTION
2026-04-05,ART-1144,664.94,MAGASIN CENTRAL,EN_COURS_INJECTION
2026-01-05,ART-1015,755.84,DEPOT B,EN_COURS_INJECTION
2026-01-05,ART-1709,606.67,MAGASIN CENTRAL,EN_COURS_INJECTION
2026-01-15,ART-1574,1267.71,DEPOT A,EN_COURS_INJECTION
2026-04-05,ART-1258,1023.25,ATELIER 1,EN_COURS_INJECTION
2026-01-31,ART-1297,530.65,DEPOT B,EN_COURS_INJECTION
2026-03-31,ART-1595,1188.54,ATELIER 1,EN_COURS_INJECTION
2026-01-15,ART-1794,625.21,DEPOT A,EN_COURS_INJECTION
2026-02-28,ART-1472,33.49,DEPOT B,EN_COURS_INJECTION
2026-03-31,ART-1377,303.81,MAGASIN CENTRAL,EN_COURS_INJECTION
2026-02-05,ART-1419,1093.34,MAGASIN CENTRAL,EN_COURS_INJECTION
2026-04-30,ART-1293,379.21,MAGASIN CENTRAL,EN_COURS_INJECTION
2026-01-15,ART-1374,1030.57,DEPOT NORD,EN_COURS_INJECTION
2026-03-05,ART-1002,1309.7,DEPOT NORD,EN_COURS_INJECTION
2026-02-15,ART-1411,1127.88,DEPOT A,EN_COURS_INJECTION
2026-03-05,ART-1314,515.07,DEPOT NORD,EN_COURS_INJECTION
2026-02-15,ART-1204,1159.13,MAGASIN CENTRAL,EN_COURS_INJECTION
2026-02-28,ART-1142,907.59,DEPOT NORD,EN_COURS_INJECTION
2026-04-15,ART-1412,1331.75,ATELIER 1,EN_COURS_INJECTION
2026-03-31,ART-1342,1162.92,DEPOT NORD,EN_COURS_INJECTION
2026-02-15,ART-1513,601.83,DEPOT A,EN_COURS_INJECTION
2026-02-15,ART-1019,774.09,DEPOT NORD,EN_COURS_INJECTION
2026-01-15,ART-1759,690.36,DEPOT A,EN_COURS_INJECTION
2026-04-30,ART-1471,1080.32,MAGASIN CENTRAL,EN_COURS_INJECTION
2026-03-15,ART-1753,666.83,DEPOT B,EN_COURS_INJECTION
2026-02-15,ART-1746,1351.7,DEPOT NORD,EN_COURS_INJECTION
2026-03-31,ART-1466,97.07,DEPOT B,EN_COURS_INJECTION
2026-03-15,ART-1608,952.23,MAGASIN CENTRAL,EN_COURS_INJECTION
2026-02-15,ART-1768,571.8,DEPOT NORD,EN_COURS_INJECTION
2026-01-05,ART-1513,910.12,MAGASIN CENTRAL,EN_COURS_INJECTION
2026-03-05,ART-1451,786.94,DEPOT B,EN_COURS_INJECTION
2026-02-28,ART-1264,269.44,MAGASIN CENTRAL,EN_COURS_INJECTION
2026-02-15,ART-1089,906.68,MAGASIN CENTRAL,EN_COURS_INJECTION
2026-03-31,ART-1680,1431.87,MAGASIN CENTRAL,EN_COURS_INJECTION
2026-02-15,ART-1166,831.72,DEPOT B,EN_COURS_INJECTION
2026-03-05,ART-1763,159.52,DEPOT NORD,EN_COURS_INJECTION
2026-01-31,ART-1153,1030.91,DEPOT A,EN_COURS_INJECTION
2026-01-05,ART-1185,852.93,DEPOT A,EN_COURS_INJECTION
2026-02-05,ART-1567,644.65,ATELIER 1,EN_COURS_INJECTION
2026-02-15,ART-1290,853.01,ATELIER 1,EN_COURS_INJECTION
2026-03-05,ART-1391,1124.97,DEPOT A,EN_COURS_INJECTION
2026-01-31,ART-1249,886.45,MAGASIN CENTRAL,EN_COURS_INJECTION
2026-01-31,ART-1615,1156.39,DEPOT A,EN_COURS_INJECTION
2026-03-31,ART-1154,143.75,MAGASIN CENTRAL,EN_COURS_INJECTION
2026-03-15,ART-1318,911.81,MAGASIN CENTRAL,EN_COURS_INJECTION
2026-04-15,ART-1484,726.56,DEPOT B,EN_COURS_INJECTION
2026-04-30,ART-1412,1120.29,MAGASIN CENTRAL,EN_COURS_INJECTION
2026-01-05,ART-1556,1141.21,DEPOT B,EN_COURS_INJECTION
2026-02-28,ART-1369,1462.77,ATELIER 1,EN_COURS_INJECTION
2026-02-28,ART-1232,1488.21,MAGASIN CENTRAL,EN_COURS_INJECTION
2026-04-30,ART-1658,588.62,MAGASIN CENTRAL,EN_COURS_INJECTION
2026-01-31,ART-1603,923.31,DEPOT A,EN_COURS_INJECTION
2026-04-05,ART-1484,136.86,ATELIER 1,EN_COURS_INJECTION
2026-02-15,ART-1202,390.12,DEPOT NORD,EN_COURS_INJECTION
2026-04-30,ART-1600,1426.08,DEPOT NORD,EN_COURS_INJECTION
2026-03-05,ART-1215,1135.37,DEPOT A,EN_COURS_INJECTION
2026-02-28,ART-1037,135.49,DEPOT B,EN_COURS_INJECTION
2026-03-05,ART-1207,745.43,MAGASIN CENTRAL,EN_COURS_INJECTION
2026-03-31,ART-1471,258.4,DEPOT A,EN_COURS_INJECTION
2026-03-31,ART-1280,391.56,MAGASIN CENTRAL,EN_COURS_INJECTION
2026-01-15,ART-1189,1144.78,DEPOT A,EN_COURS_INJECTION
2026-01-15,ART-1145,624.64,,EN_COURS_INJECTION
2026-02-05,ART-1014,248.64,DEPOT NORD,EN_COURS_INJECTION
2026-01-31,ART-1701,581.5,DEPOT NORD,EN_COURS_INJECTION
2026-02-05,ART-1200,256.75,,EN_COURS_INJECTION
2026-01-31,ART-1210,1179.58,DEPOT NORD,EN_COURS_INJECTION
2026-04-05,ART-1363,167.4,DEPOT A,EN_COURS_INJECTION
2026-02-15,ART-1006,648.74,ATELIER 1,EN_COURS_INJECTION
2026-03-15,ART-1428,59.66,DEPOT A,EN_COURS_INJECTION
2026-04-05,ART-1739,358.4,MAGASIN CENTRAL,EN_COURS_INJECTION
2026-02-28,ART-1464,26.73,DEPOT B,EN_COURS_INJECTION
2026-03-05,ART-1095,1482.35,MAGASIN CENTRAL,EN_COURS_INJECTION
2026-03-15,ART-1358,736.47,MAGASIN CENTRAL,EN_COURS_INJECTION
2026-04-15,ART-1727,589.6,DEPOT A,EN_COURS_INJECTION
2026-01-15,ART-1071,608.65,MAGASIN CENTRAL,EN_COURS_INJECTION
2026-02-05,ART-1376,1106.43,DEPOT NORD,EN_COURS_INJECTION
2026-02-05,ART-1577,1447.27,MAGASIN CENTRAL,EN_COURS_INJECTION
2026-01-31,ART-1493,91.69,MAGASIN CENTRAL,EN_COURS_INJECTION
2026-03-31,ART-1593,1049.62,DEPOT NORD,EN_COURS_INJECTION
2026-01-05,ART-1662,1167.7,DEPOT NORD,EN_COURS_INJECTION
2026-02-28,ART-1317,58.45,DEPOT A,EN_COURS_INJECTION
2026-04-05,ART-1149,305.28,DEPOT A,EN_COURS_INJECTION
2026-01-31,ART-1223,1115.64,MAGASIN CENTRAL,EN_COURS_INJECTION
2026-04-15,ART-1411,424.76,MAGASIN CENTRAL,EN_COURS_INJECTION
2026-02-15,ART-1229,15.5,DEPOT NORD,EN_COURS_INJECTION
2026-03-31,ART-1522,611.06,ATELIER 1,EN_COURS_INJECTION
2026-01-15,ART-1186,1498.72,DEPOT B,EN_COURS_INJECTION
2026-01-05,ART-1042,922.8,DEPOT B,EN_COURS_INJECTION
2026-02-28,ART-1396,865.4,DEPOT B,EN_COURS_INJECTION
2026-01-05,ART-1665,741.59,MAGASIN CENTRAL,EN_COURS_INJECTION
2026-02-28,ART-1727,1192.33,DEPOT A,EN_COURS_INJECTION
2026-01-15,ART-1754,1258.9,DEPOT B,EN_COURS_INJECTION
2026-02-28,ART-1423,526.68,ATELIER 1,EN_COURS_INJECTION
2026-02-28,ART-1246,272.59,ATELIER 1,EN_COURS_INJECTION
2026-04-05,ART-1705,825.36,ATELIER 1,EN_COURS_INJECTION
2026-01-05,ART-1091,1208.41,MAGASIN CENTRAL,EN_COURS_INJECTION
2026-03-31,ART-1586,329.48,MAGASIN CENTRAL,EN_COURS_INJECTION
2026-01-31,ART-1149,1196.6,MAGASIN CENTRAL,EN_COURS_INJECTION
2026-01-15,ART-1321,1168.13,DEPOT NORD,EN_COURS_INJECTION
2026-01-15,ART-1365,1195.41,DEPOT A,EN_COURS_INJECTION
2026-04-30,ART-1115,1330.34,DEPOT B,EN_COURS_INJECTION
2026-04-30,ART-1457,938.69,DEPOT B,EN_COURS_INJECTION
2026-01-15,ART-1085,371.96,MAGASIN CENTRAL,EN_COURS_INJECTION
2026-01-05,ART-1515,217.64,DEPOT B,EN_COURS_INJECTION
2026-03-05,ART-1522,89.44,MAGASIN CENTRAL,EN_COURS_INJECTION
2026-03-15,ART-1757,926.85,MAGASIN CENTRAL,EN_COURS_INJECTION
2026-03-15,ART-1521,401.83,MAGASIN CENTRAL,EN_COURS_INJECTION
2026-02-28,ART-1013,762.16,DEPOT A,EN_COURS_INJECTION
2026-04-15,ART-1483,323.22,ATELIER 1,EN_COURS_INJECTION
2026-02-28,ART-1389,68.33,DEPOT A,EN_COURS_INJECTION
2026-02-15,ART-1368,772.98,DEPOT A,EN_COURS_INJECTION
2026-03-31,ART-1686,507.4,DEPOT A,EN_COURS_INJECTION
2026-04-05,ART-1768,353.48,DEPOT A,EN_COURS_INJECTION
2026-03-05,ART-1055,336.05,DEPOT B,EN_COURS_INJECTION
2026-03-15,ART-1674,1186.33,DEPOT NORD,EN_COURS_INJECTION
2026-01-05,ART-1162,192.45,DEPOT NORD,EN_COURS_INJECTION
2026-02-05,ART-1233,867.25,DEPOT A,EN_COURS_INJECTION
2026-02-05,ART-1084,285.7,DEPOT A,EN_COURS_INJECTION
2026-01-31,ART-1729,1168.66,DEPOT A,EN_COURS_INJECTION
2026-02-15,ART-1183,923.68,DEPOT B,EN_COURS_INJECTION
2026-04-15,ART-1218,1005.08,DEPOT A,EN_COURS_INJECTION
2026-01-31,ART-1391,273.77,ATELIER 1,EN_COURS_INJECTION
2026-01-31,ART-1464,1323.08,MAGASIN CENTRAL,EN_COURS_INJECTION
2026-03-15,ART-1779,1321.64,DEPOT B,EN_COURS_INJECTION
2026-02-28,ART-1509,1487.18,DEPOT NORD,EN_COURS_INJECTION
2026-02-15,ART-1709,27.55,DEPOT NORD,EN_COURS_INJECTION
2026-03-05,ART-1102,1032.9,DEPOT NORD,EN_COURS_INJECTION
2026-01-05,ART-1594,1471.14,DEPOT B,EN_COURS_INJECTION
2026-03-05,ART-1686,1225.95,DEPOT NORD,EN_COURS_INJECTION
2026-03-31,ART-1753,1312.61,DEPOT A,EN_COURS_INJECTION
2026-02-15,ART-1009,614.31,DEPOT A,EN_COURS_INJECTION
2026-04-15,ART-1752,756.15,MAGASIN CENTRAL,EN_COURS_INJECTION
2026-04-05,ART-1045,1365.85,DEPOT B,EN_COURS_INJECTION
2026-02-05,ART-1682,560.07,DEPOT B,EN_COURS_INJECTION
2026-03-05,ART-1700,119.43,DEPOT NORD,EN_COURS_INJECTION
2026-04-15,ART-1576,164.67,DEPOT B,EN_COURS_INJECTION
2026-02-05,ART-1571,612.74,ATELIER 1,EN_COURS_INJECTION
2026-01-05,ART-1669,1439.77,ATELIER 1,EN_COURS_INJECTION
2026-02-15,ART-1413,1283.17,DEPOT NORD,EN_COURS_INJECTION
2026-01-31,ART-1339,241.61,MAGASIN CENTRAL,EN_COURS_INJECTION
2026-03-05,ART-1700,141.11,MAGASIN CENTRAL,EN_COURS_INJECTION
2026-04-05,ART-1272,210.04,DEPOT B,EN_COURS_INJECTION
2026-01-31,ART-1594,898.93,ATELIER 1,EN_COURS_INJECTION
2026-04-05,ART-1511,345.37,DEPOT B,EN_COURS_INJECTION
2026-04-15,ART-1176,552.86,DEPOT A,EN_COURS_INJECTION
2026-03-31,ART-1567,557.13,DEPOT NORD,EN_COURS_INJECTION
2026-03-31,ART-1319,69.83,ATELIER 1,EN_COURS_INJECTION
2026-03-05,ART-1094,46.73,MAGASIN CENTRAL,EN_COURS_INJECTION
2026-03-31,ART-1305,1194.04,DEPOT B,EN_COURS_INJECTION
2026-04-15,ART-1311,598.1,DEPOT NORD,EN_COURS_INJECTION
2026-04-15,ART-1214,909.14,MAGASIN CENTRAL,EN_COURS_INJECTION
2026-03-31,ART-1266,316.82,DEPOT A,EN_COURS_INJECTION
2026-03-31,ART-1349,390.36,MAGASIN CENTRAL,EN_COURS_INJECTION
2026-02-05,ART-1540,1088.51,ATELIER 1,EN_COURS_INJECTION
2026-04-15,ART-1240,27.63,DEPOT A,EN_COURS_INJECTION
2026-03-15,ART-1683,637.55,DEPOT NORD,EN_COURS_INJECTION
2026-04-15,ART-1270,1120.51,DEPOT A,EN_COURS_INJECTION
2026-01-05,ART-1186,1319.34,DEPOT NORD,EN_COURS_INJECTION
2026-04-15,ART-1360,1165.5,DEPOT B,EN_COURS_INJECTION
2026-04-30,ART-1062,632.57,DEPOT A,EN_COURS_INJECTION
2026-04-15,ART-1770,1127.95,DEPOT NORD,EN_COURS_INJECTION
2026-01-15,ART-1573,1456.24,ATELIER 1,EN_COURS_INJECTION
2026-01-31,ART-1614,638.27,DEPOT NORD,EN_COURS_INJECTION
2026-02-05,ART-1399,755.98,DEPOT NORD,EN_COURS_INJECTION
2026-01-15,ART-1415,54.42,ATELIER 1,EN_COURS_INJECTION
2026-03-05,ART-1017,591.45,ATELIER 1,EN_COURS_INJECTION
2026-03-05,ART-1128,557.52,MAGASIN CENTRAL,EN_COURS_INJECTION
2026-02-28,ART-1380,1174.49,DEPOT B,EN_COURS_INJECTION
2026-01-05,ART-1127,906.8,DEPOT NORD,EN_COURS_INJECTION
2026-01-05,ART-1726,1383.05,,EN_COURS_INJECTION
2026-01-05,ART-1224,502.95,ATELIER 1,EN_COURS_INJECTION
2026-02-05,ART-1491,547.43,MAGASIN CENTRAL,EN_COURS_INJECTION
2026-02-05,ART-1523,602.15,ATELIER 1,EN_COURS_INJECTION
2026-03-31,ART-1713,809.28,ATELIER 1,EN_COURS_INJECTION
2026-04-15,ART-1409,1327.36,MAGASIN CENTRAL,EN_COURS_INJECTION
2026-02-15,ART-1652,1490.84,ATELIER 1,EN_COURS_INJECTION
2026-02-15,ART-1360,1042.5,DEPOT A,EN_COURS_INJECTION
2026-04-05,ART-1275,340.83,DEPOT B,EN_COURS_INJECTION
2026-04-05,ART-1718,1055.49,DEPOT B,EN_COURS_INJECTION
2026-02-05,ART-1344,753.97,ATELIER 1,EN_COURS_INJECTION
2026-03-15,ART-1416,948.06,ATELIER 1,EN_COURS_INJECTION
2026-01-31,ART-1780,629.94,ATELIER 1,EN_COURS_INJECTION
2026-02-28,ART-1314,34.05,MAGASIN CENTRAL,EN_COURS_INJECTION
2026-02-15,ART-1130,952.85,DEPOT B,EN_COURS_INJECTION
2026-04-30,ART-1284,610.96,MAGASIN CENTRAL,EN_COURS_INJECTION
2026-04-05,ART-1129,631.79,MAGASIN CENTRAL,EN_COURS_INJECTION
2026-01-31,ART-1249,1421.43,DEPOT NORD,EN_COURS_INJECTION
2026-01-15,ART-1229,753.96,MAGASIN CENTRAL,EN_COURS_INJECTION
2026-02-05,ART-1127,1393.76,DEPOT B,EN_COURS_INJECTION
2026-03-05,ART-1409,1235.15,ATELIER 1,EN_COURS_INJECTION
2026-01-05,ART-1039,556.26,DEPOT A,EN_COURS_INJECTION
2026-04-30,ART-1328,462.86,ATELIER 1,EN_COURS_INJECTION
2026-01-05,ART-1273,873.51,DEPOT NORD,EN_COURS_INJECTION
2026-01-31,ART-1775,1298.39,DEPOT NORD,EN_COURS_INJECTION
2026-03-05,ART-1661,1446.35,DEPOT B,EN_COURS_INJECTION
2026-04-05,ART-1401,10.54,MAGASIN CENTRAL,EN_COURS_INJECTION
2026-03-05,ART-1317,1499.39,DEPOT NORD,EN_COURS_INJECTION
2026-04-05,ART-1539,480.06,ATELIER 1,EN_COURS_INJECTION
2026-03-05,ART-1067,1362.43,DEPOT NORD,EN_COURS_INJECTION
2026-01-05,ART-1453,593.04,DEPOT A,EN_COURS_INJECTION
2026-04-05,ART-1581,399.43,DEPOT NORD,EN_COURS_INJECTION
2026-02-28,ART-1156,1213.28,DEPOT A,EN_COURS_INJECTION
2026-02-28,ART-1598,1227.35,ATELIER 1,EN_COURS_INJECTION
2026-03-15,ART-1484,218.73,DEPOT A,EN_COURS_INJECTION
2026-04-05,ART-1228,339.3,DEPOT NORD,EN_COURS_INJECTION
2026-03-31,ART-1540,607.26,MAGASIN CENTRAL,EN_COURS_INJECTION
2026-02-05,ART-1656,1319.13,DEPOT A,EN_COURS_INJECTION
2026-02-28,ART-1523,968.35,DEPOT A,EN_COURS_INJECTION
2026-03-05,ART-1794,1103.25,DEPOT NORD,EN_COURS_INJECTION
2026-04-05,ART-1001,1344.95,ATELIER 1,EN_COURS_INJECTION
2026-02-05,ART-1549,787.79,ATELIER 1,EN_COURS_INJECTION
2026-02-28,ART-1233,981.06,MAGASIN CENTRAL,EN_COURS_INJECTION
2026-04-15,ART-1570,457.23,ATELIER 1,EN_COURS_INJECTION
2026-03-31,ART-1467,1029.78,MAGASIN CENTRAL,EN_COURS_INJECTION
2026-04-05,ART-1761,239.91,ATELIER 1,EN_COURS_INJECTION
2026-03-15,ART-1110,291.47,MAGASIN CENTRAL,EN_COURS_INJECTION
2026-02-28,ART-1469,715.76,DEPOT A,EN_COURS_INJECTION
2026-01-15,ART-1634,17.88,ATELIER 1,EN_COURS_INJECTION
2026-04-30,ART-1652,641.1,DEPOT A,EN_COURS_INJECTION
2026-02-05,ART-1477,440.47,DEPOT B,EN_COURS_INJECTION
2026-04-15,ART-1438,1278.02,DEPOT B,EN_COURS_INJECTION
2026-01-05,ART-1258,799.38,DEPOT NORD,EN_COURS_INJECTION
2026-04-15,ART-1218,149.92,ATELIER 1,EN_COURS_INJECTION
2026-04-30,ART-1550,1172.23,MAGASIN CENTRAL,EN_COURS_INJECTION
2026-03-15,ART-1094,333.75,ATELIER 1,EN_COURS_INJECTION
2026-04-05,ART-1052,992.98,MAGASIN CENTRAL,EN_COURS_INJECTION
2026-03-05,ART-1734,1055.04,ATELIER 1,EN_COURS_INJECTION
2026-03-15,ART-1045,607.47,DEPOT B,EN_COURS_INJECTION
2026-01-15,ART-1461,193.88,MAGASIN CENTRAL,EN_COURS_INJECTION
2026-02-28,ART-1242,237.23,MAGASIN CENTRAL,EN_COURS_INJECTION
2026-02-15,ART-1486,921.95,MAGASIN CENTRAL,EN_COURS_INJECTION
2026-03-31,ART-1735,575.87,DEPOT A,EN_COURS_INJECTION
2026-03-05,ART-1610,1453.54,ATELIER 1,EN_COURS_INJECTION
2026-04-15,ART-1482,349.46,DEPOT B,EN_COURS_INJECTION
2026-04-30,ART-1260,685.35,DEPOT NORD,EN_COURS_INJECTION
2026-01-31,ART-1579,467.49,DEPOT A,EN_COURS_INJECTION
2026-01-15,ART-1339,636.07,ATELIER 1,EN_COURS_INJECTION
2026-03-05,ART-1442,1155.08,MAGASIN CENTRAL,EN_COURS_INJECTION
2026-01-31,ART-1327,1049.78,ATELIER 1,EN_COURS_INJECTION
2026-02-15,ART-1522,1242.59,ATELIER 1,EN_COURS_INJECTION
2026-03-15,ART-1234,327.53,ATELIER 1,EN_COURS_INJECTION
2026-02-05,ART-1659,321.41,MAGASIN CENTRAL,EN_COURS_INJECTION
2026-02-28,ART-1334,1330.83,DEPOT A,EN_COURS_INJECTION
2026-04-05,ART-1016,1082.69,MAGASIN CENTRAL,EN_COURS_INJECTION
2026-02-05,ART-1568,795.36,ATELIER 1,EN_COURS_INJECTION
2026-03-31,ART-1050,710.54,ATELIER 1,EN_COURS_INJECTION
2026-01-15,ART-1101,418.32,,EN_COURS_INJECTION
2026-01-15,ART-1688,643.07,DEPOT A,EN_COURS_INJECTION
2026-04-05,ART-1188,57.85,DEPOT NORD,EN_COURS_INJECTION
2026-02-05,ART-1710,461.86,ATELIER 1,EN_COURS_INJECTION
2026-03-15,ART-1656,1214.7,,EN_COURS_INJECTION
2026-04-05,ART-1571,925.46,MAGASIN CENTRAL,EN_COURS_INJECTION
2026-04-30,ART-1024,1018.21,DEPOT NORD,EN_COURS_INJECTION
2026-02-05,ART-1499,227.75,MAGASIN CENTRAL,EN_COURS_INJECTION
2026-03-05,ART-1301,567.72,ATELIER 1,EN_COURS_INJECTION
2026-03-05,ART-1426,1397.58,DEPOT B,EN_COURS_INJECTION
2026-02-28,ART-1518,885.83,DEPOT NORD,EN_COURS_INJECTION
2026-03-15,ART-1081,528.78,DEPOT B,EN_COURS_INJECTION
2026-01-15,ART-1191,469.37,DEPOT A,EN_COURS_INJECTION
2026-03-15,ART-1207,717.49,MAGASIN CENTRAL,EN_COURS_INJECTION
2026-01-31,ART-1759,891.99,MAGASIN CENTRAL,EN_COURS_INJECTION
2026-01-05,ART-1022,946.92,ATELIER 1,EN_COURS_INJECTION
2026-03-05,ART-1163,1350.58,MAGASIN CENTRAL,EN_COURS_INJECTION
2026-01-15,ART-1502,1326.36,DEPOT B,EN_COURS_INJECTION
2026-01-31,ART-1210,1351.92,MAGASIN CENTRAL,EN_COURS_INJECTION
2026-01-15,ART-1086,593.51,,EN_COURS_INJECTION
2026-01-15,ART-1024,214.62,DEPOT A,EN_COURS_INJECTION
2026-02-28,ART-1186,221.32,DEPOT NORD,EN_COURS_INJECTION
2026-03-05,ART-1535,1467.0,DEPOT B,EN_COURS_INJECTION
2026-03-15,ART-1487,1429.69,DEPOT NORD,EN_COURS_INJECTION
2026-03-15,ART-1538,1308.22,DEPOT NORD,EN_COURS_INJECTION
2026-04-15,ART-1581,824.61,ATELIER 1,EN_COURS_INJECTION
2026-04-15,ART-1272,1396.35,ATELIER 1,EN_COURS_INJECTION
2026-02-28,ART-1005,228.86,DEPOT A,EN_COURS_INJECTION
2026-01-15,ART-1079,825.19,DEPOT NORD,EN_COURS_INJECTION
2026-03-31,ART-1661,450.2,DEPOT NORD,EN_COURS_INJECTION
2026-04-05,ART-1232,268.59,DEPOT NORD,EN_COURS_INJECTION
2026-01-31,ART-1610,1260.08,MAGASIN CENTRAL,EN_COURS_INJECTION
2026-01-05,ART-1152,839.7,DEPOT B,EN_COURS_INJECTION
2026-04-05,ART-1597,79.08,MAGASIN CENTRAL,EN_COURS_INJECTION
2026-01-15,ART-1515,1147.76,DEPOT B,EN_COURS_INJECTION
2026-04-30,ART-1382,403.19,DEPOT A,EN_COURS_INJECTION
2026-01-31,ART-1191,1182.2,MAGASIN CENTRAL,EN_COURS_INJECTION
2026-04-05,ART-1314,423.94,DEPOT A,EN_COURS_INJECTION
2026-02-28,ART-1201,453.41,DEPOT B,EN_COURS_INJECTION
2026-04-15,ART-1475,763.61,DEPOT A,EN_COURS_INJECTION
2026-04-15,ART-1087,1159.89,DEPOT B,EN_COURS_INJECTION
2026-03-31,ART-1472,667.72,MAGASIN CENTRAL,EN_COURS_INJECTION
2026-03-15,ART-1067,22.36,DEPOT A,EN_COURS_INJECTION
2026-02-28,ART-1688,878.93,DEPOT B,EN_COURS_INJECTION
2026-01-15,ART-1018,445.65,MAGASIN CENTRAL,EN_COURS_INJECTION
2026-04-30,ART-1288,762.22,DEPOT A,EN_COURS_INJECTION
2026-01-05,ART-1419,188.14,ATELIER 1,EN_COURS_INJECTION
2026-01-05,ART-1306,53.61,DEPOT A,EN_COURS_INJECTION
2026-03-31,ART-1492,362.48,DEPOT A,EN_COURS_INJECTION
2026-02-28,ART-1448,548.07,DEPOT B,EN_COURS_INJECTION
2026-04-30,ART-1298,822.09,DEPOT B,EN_COURS_INJECTION
2026-02-05,ART-1366,913.0,MAGASIN CENTRAL,EN_COURS_INJECTION
2026-04-30,ART-1671,1133.16,ATELIER 1,EN_COURS_INJECTION
2026-03-15,ART-1790,,MAGASIN CENTRAL,EN_COURS_INJECTION
2026-02-15,ART-1786,453.48,ATELIER 1,EN_COURS_INJECTION
2026-04-05,ART-1502,735.9,ATELIER 1,EN_COURS_INJECTION
2026-02-28,ART-1142,886.76,ATELIER 1,EN_COURS_INJECTION
2026-02-05,ART-1517,1189.87,MAGASIN CENTRAL,EN_COURS_INJECTION
2026-02-05,ART-1744,463.09,MAGASIN CENTRAL,EN_COURS_INJECTION
2026-02-15,ART-1273,156.85,ATELIER 1,EN_COURS_INJECTION
2026-03-05,ART-1263,884.78,DEPOT NORD,EN_COURS_INJECTION
2026-01-31,ART-1566,241.1,DEPOT A,EN_COURS_INJECTION
2026-02-05,ART-1022,1153.9,DEPOT NORD,EN_COURS_INJECTION
2026-01-31,ART-1433,760.68,DEPOT NORD,EN_COURS_INJECTION
2026-01-05,ART-1387,1064.84,DEPOT A,EN_COURS_INJECTION
2026-03-05,ART-1548,30.4,ATELIER 1,EN_COURS_INJECTION
2026-01-05,ART-1777,293.02,DEPOT A,EN_COURS_INJECTION
2026-02-15,ART-1044,1052.18,DEPOT NORD,EN_COURS_INJECTION
2026-01-31,ART-1141,334.21,ATELIER 1,EN_COURS_INJECTION
2026-01-15,ART-1487,420.81,DEPOT NORD,EN_COURS_INJECTION
2026-02-15,ART-1458,371.2,DEPOT A,EN_COURS_INJECTION
2026-01-05,ART-1187,1486.87,MAGASIN CENTRAL,EN_COURS_INJECTION
2026-03-31,ART-1111,769.96,ATELIER 1,EN_COURS_INJECTION
2026-03-15,ART-1124,1420.89,DEPOT B,EN_COURS_INJECTION
2026-01-31,ART-1028,686.08,ATELIER 1,EN_COURS_INJECTION
2026-01-05,ART-1580,1442.79,DEPOT A,EN_COURS_INJECTION
2026-04-30,ART-1336,92.67,DEPOT A,EN_COURS_INJECTION
2026-03-15,ART-1781,1052.66,DEPOT B,EN_COURS_INJECTION
2026-02-28,ART-1665,466.09,MAGASIN CENTRAL,EN_COURS_INJECTION
2026-03-15,ART-1289,440.48,MAGASIN CENTRAL,EN_COURS_INJECTION
2026-03-31,ART-1007,573.65,ATELIER 1,EN_COURS_INJECTION
2026-02-05,ART-1741,1429.87,DEPOT A,EN_COURS_INJECTION
2026-03-15,ART-1726,1032.51,DEPOT A,EN_COURS_INJECTION
2026-04-15,ART-1786,1253.3,DEPOT NORD,EN_COURS_INJECTION
2026-02-28,ART-1063,1098.82,DEPOT B,EN_COURS_INJECTION
2026-02-28,ART-1671,1194.79,MAGASIN CENTRAL,EN_COURS_INJECTION
2026-04-15,ART-1739,434.69,DEPOT NORD,EN_COURS_INJECTION
2026-03-15,ART-1104,1198.27,DEPOT A,EN_COURS_INJECTION
2026-03-15,ART-1545,714.62,DEPOT B,EN_COURS_INJECTION
2026-02-05,ART-1570,1271.44,DEPOT NORD,EN_COURS_INJECTION
2026-03-31,ART-1131,86.5,DEPOT A,EN_COURS_INJECTION
2026-04-05,ART-1143,941.06,DEPOT A,EN_COURS_INJECTION
2026-03-15,ART-1345,231.73,ATELIER 1,EN_COURS_INJECTION
2026-02-15,ART-1720,1475.82,DEPOT NORD,EN_COURS_INJECTION
2026-01-15,ART-1775,347.78,DEPOT NORD,EN_COURS_INJECTION
2026-03-15,ART-1474,215.63,MAGASIN CENTRAL,EN_COURS_INJECTION
2026-03-05,ART-1518,765.25,DEPOT NORD,EN_COURS_INJECTION
2026-04-15,ART-1505,1451.33,DEPOT A,EN_COURS_INJECTION
2026-04-15,ART-1397,902.82,DEPOT NORD,EN_COURS_INJECTION
2026-02-28,ART-1148,351.16,MAGASIN CENTRAL,EN_COURS_INJECTION
2026-04-05,ART-1621,594.95,DEPOT A,EN_COURS_INJECTION
2026-01-05,ART-1375,738.14,DEPOT A,EN_COURS_INJECTION
2026-04-05,ART-1533,1228.72,DEPOT NORD,EN_COURS_INJECTION
2026-01-15,ART-1206,219.92,DEPOT NORD,EN_COURS_INJECTION
2026-03-05,ART-1107,1489.93,DEPOT B,EN_COURS_INJECTION
2026-02-15,ART-1140,768.63,ATELIER 1,EN_COURS_INJECTION
2026-02-05,ART-1677,1382.35,DEPOT NORD,EN_COURS_INJECTION
2026-01-15,ART-1484,399.96,DEPOT A,EN_COURS_INJECTION
2026-02-15,ART-1430,793.22,MAGASIN CENTRAL,EN_COURS_INJECTION
2026-02-15,ART-1449,326.48,DEPOT A,EN_COURS_INJECTION
2026-02-15,ART-1733,165.2,DEPOT NORD,EN_COURS_INJECTION
2026-01-15,ART-1511,338.25,MAGASIN CENTRAL,EN_COURS_INJECTION
2026-02-28,ART-1184,1115.22,DEPOT B,EN_COURS_INJECTION
2026-01-15,ART-1629,439.43,MAGASIN CENTRAL,EN_COURS_INJECTION
2026-02-05,ART-1623,1247.17,MAGASIN CENTRAL,EN_COURS_INJECTION
2026-01-15,ART-1588,1122.28,ATELIER 1,EN_COURS_INJECTION
2026-03-05,ART-1555,1442.95,DEPOT NORD,EN_COURS_INJECTION
2026-04-05,ART-1208,1464.51,DEPOT B,EN_COURS_INJECTION
2026-01-15,ART-1443,62.97,MAGASIN CENTRAL,EN_COURS_INJECTION
2026-03-31,ART-1416,579.11,MAGASIN CENTRAL,EN_COURS_INJECTION
2026-04-15,ART-1783,375.37,ATELIER 1,EN_COURS_INJECTION
2026-02-05,ART-1375,378.63,DEPOT A,EN_COURS_INJECTION
2026-03-15,ART-1619,1204.0,DEPOT NORD,EN_COURS_INJECTION
2026-04-30,ART-1531,1379.97,ATELIER 1,EN_COURS_INJECTION
2026-03-15,ART-1178,368.06,MAGASIN CENTRAL,EN_COURS_INJECTION
2026-02-15,ART-1704,1100.53,DEPOT A,EN_COURS_INJECTION
2026-03-15,ART-1649,1451.81,ATELIER 1,EN_COURS_INJECTION
2026-01-15,ART-1778,1228.32,MAGASIN CENTRAL,EN_COURS_INJECTION
2026-02-15,ART-1413,191.31,DEPOT A,EN_COURS_INJECTION
2026-04-30,ART-1088,192.05,MAGASIN CENTRAL,EN_COURS_INJECTION
2026-02-28,ART-1007,1023.41,DEPOT B,EN_COURS_INJECTION
2026-04-05,ART-1561,481.49,MAGASIN CENTRAL,EN_COURS_INJECTION
2026-02-15,ART-1085,149.54,DEPOT NORD,EN_COURS_INJECTION
2026-03-15,ART-1422,913.27,DEPOT NORD,EN_COURS_INJECTION
2026-01-31,ART-1193,1007.88,DEPOT NORD,EN_COURS_INJECTION
2026-04-15,ART-1223,1173.53,DEPOT B,EN_COURS_INJECTION
2026-02-05,ART-1188,98.68,MAGASIN CENTRAL,EN_COURS_INJECTION
2026-02-28,ART-1025,1364.45,ATELIER 1,EN_COURS_INJECTION
2026-04-30,ART-1466,18.54,MAGASIN CENTRAL,EN_COURS_INJECTION
2026-04-30,ART-1213,76.25,DEPOT A,EN_COURS_INJECTION
2026-03-05,ART-1180,377.46,MAGASIN CENTRAL,EN_COURS_INJECTION
2026-03-05,ART-1523,1465.12,ATELIER 1,EN_COURS_INJECTION
2026-01-31,ART-1696,826.53,DEPOT A,EN_COURS_INJECTION
2026-04-30,ART-1646,1464.69,MAGASIN CENTRAL,EN_COURS_INJECTION
2026-01-15,ART-1017,1219.56,DEPOT B,EN_COURS_INJECTION
2026-03-05,ART-1681,1280.09,DEPOT NORD,EN_COURS_INJECTION
2026-04-15,ART-1011,442.06,DEPOT B,EN_COURS_INJECTION
2026-01-31,ART-1752,1042.04,ATELIER 1,EN_COURS_INJECTION
2026-04-05,ART-1374,1432.54,MAGASIN CENTRAL,EN_COURS_INJECTION
2026-04-05,ART-1405,549.08,ATELIER 1,EN_COURS_INJECTION
2026-01-05,ART-1054,1440.05,DEPOT A,EN_COURS_INJECTION
2026-03-15,ART-1674,47.22,ATELIER 1,EN_COURS_INJECTION
2026-03-05,ART-1436,275.74,DEPOT A,EN_COURS_INJECTION
2026-04-15,ART-1189,288.69,ATELIER 1,EN_COURS_INJECTION
2026-03-15,ART-1330,1468.72,MAGASIN CENTRAL,EN_COURS_INJECTION
2026-01-31,ART-1527,898.59,DEPOT A,EN_COURS_INJECTION
2026-04-15,ART-1145,753.4,DEPOT A,EN_COURS_INJECTION
2026-03-15,ART-1645,301.34,DEPOT NORD,EN_COURS_INJECTION
2026-04-30,ART-1797,1416.63,ATELIER 1,EN_COURS_INJECTION
2026-04-15,ART-1792,1031.46,DEPOT A,EN_COURS_INJECTION
2026-01-15,ART-1385,236.22,DEPOT A,EN_COURS_INJECTION
2026-01-05,ART-1649,100.39,,EN_COURS_INJECTION
2026-02-05,ART-1464,1464.56,ATELIER 1,EN_COURS_INJECTION
2026-04-15,ART-1427,131.33,DEPOT A,EN_COURS_INJECTION
2026-03-31,ART-1717,257.91,DEPOT NORD,EN_COURS_INJECTION
2026-04-30,ART-1573,1183.66,DEPOT B,EN_COURS_INJECTION
2026-04-15,ART-1521,897.32,MAGASIN CENTRAL,EN_COURS_INJECTION
2026-01-15,ART-1390,912.08,DEPOT A,EN_COURS_INJECTION
2026-02-28,ART-1445,965.82,DEPOT NORD,EN_COURS_INJECTION
2026-01-05,ART-1062,554.11,DEPOT A,EN_COURS_INJECTION
2026-01-05,ART-1278,635.36,DEPOT NORD,EN_COURS_INJECTION
2026-04-05,ART-1511,493.16,DEPOT A,EN_COURS_INJECTION
2026-04-05,ART-1734,1419.68,DEPOT A,EN_COURS_INJECTION
2026-02-28,ART-1121,460.86,ATELIER 1,EN_COURS_INJECTION
2026-02-28,ART-1386,691.2,ATELIER 1,EN_COURS_INJECTION
2026-01-05,ART-1534,612.92,DEPOT B,EN_COURS_INJECTION
2026-02-15,ART-1645,211.66,DEPOT NORD,EN_COURS_INJECTION
2026-04-30,ART-1271,1382.53,DEPOT B,EN_COURS_INJECTION
2026-04-15,ART-1336,615.64,DEPOT A,EN_COURS_INJECTION
2026-02-05,ART-1112,1479.49,ATELIER 1,EN_COURS_INJECTION
2026-04-15,ART-1094,109.34,DEPOT A,EN_COURS_INJECTION
2026-03-05,ART-1094,1109.02,DEPOT NORD,EN_COURS_INJECTION
2026-02-15,ART-1068,671.47,ATELIER 1,EN_COURS_INJECTION
2026-02-05,ART-1516,507.14,ATELIER 1,EN_COURS_INJECTION
2026-02-05,ART-1634,905.61,ATELIER 1,EN_COURS_INJECTION
2026-04-15,ART-1751,820.1,MAGASIN CENTRAL,EN_COURS_INJECTION
2026-02-05,ART-1616,1112.22,ATELIER 1,EN_COURS_INJECTION
2026-03-05,ART-1143,952.5,ATELIER 1,EN_COURS_INJECTION
2026-04-05,ART-1453,312.18,DEPOT A,EN_COURS_INJECTION
2026-02-28,ART-1598,1462.15,DEPOT A,EN_COURS_INJECTION
2026-03-05,ART-1098,88.87,DEPOT B,EN_COURS_INJECTION
2026-02-28,ART-1647,959.52,DEPOT NORD,EN_COURS_INJECTION
2026-03-15,ART-1268,305.76,MAGASIN CENTRAL,EN_COURS_INJECTION
2026-01-31,ART-1673,809.16,DEPOT A,EN_COURS_INJECTION
2026-03-05,ART-1518,167.94,DEPOT B,EN_COURS_INJECTION
2026-02-15,ART-1159,824.71,MAGASIN CENTRAL,EN_COURS_INJECTION
2026-04-15,ART-1621,1274.76,ATELIER 1,EN_COURS_INJECTION
2026-03-31,ART-1406,543.07,DEPOT A,EN_COURS_INJECTION
2026-02-28,ART-1241,700.78,MAGASIN CENTRAL,EN_COURS_INJECTION
2026-03-05,ART-1391,849.93,DEPOT B,EN_COURS_INJECTION
2026-01-15,ART-1489,1457.9,DEPOT NORD,EN_COURS_INJECTION
2026-01-05,ART-1353,153.17,ATELIER 1,EN_COURS_INJECTION
2026-03-15,ART-1756,1425.66,MAGASIN CENTRAL,EN_COURS_INJECTION
2026-02-05,ART-1618,393.76,DEPOT B,EN_COURS_INJECTION
2026-02-28,ART-1351,485.4,DEPOT NORD,EN_COURS_INJECTION
2026-03-31,ART-1614,1302.98,DEPOT NORD,EN_COURS_INJECTION
2026-03-05,ART-1129,544.61,MAGASIN CENTRAL,EN_COURS_INJECTION
2026-04-30,ART-1633,994.99,DEPOT NORD,EN_COURS_INJECTION
2026-04-30,ART-1118,919.67,DEPOT NORD,EN_COURS_INJECTION
2026-01-31,ART-1785,215.58,DEPOT A,EN_COURS_INJECTION
2026-03-05,ART-1310,1160.53,DEPOT A,EN_COURS_INJECTION
2026-01-31,ART-1544,1461.95,DEPOT A,EN_COURS_INJECTION
2026-02-28,ART-1783,1384.66,DEPOT NORD,EN_COURS_INJECTION
2026-01-15,ART-1747,20.28,DEPOT A,EN_COURS_INJECTION
2026-02-28,ART-1114,1048.75,DEPOT B,EN_COURS_INJECTION
2026-01-05,ART-1598,456.49,MAGASIN CENTRAL,EN_COURS_INJECTION
2026-02-05,ART-1583,676.15,ATELIER 1,EN_COURS_INJECTION
2026-03-15,ART-1399,1009.29,DEPOT A,EN_COURS_INJECTION
2026-03-31,ART-1111,225.95,DEPOT NORD,EN_COURS_INJECTION
2026-02-15,ART-1685,1387.37,ATELIER 1,EN_COURS_INJECTION
2026-01-31,ART-1152,1194.05,DEPOT B,EN_COURS_INJECTION
2026-01-05,ART-1361,280.99,DEPOT A,EN_COURS_INJECTION
2026-03-05,ART-1216,1145.96,DEPOT A,EN_COURS_INJECTION
2026-04-05,ART-1093,683.74,ATELIER 1,EN_COURS_INJECTION
2026-03-05,ART-1371,1424.45,DEPOT B,EN_COURS_INJECTION
2026-01-15,ART-1227,343.8,DEPOT B,EN_COURS_INJECTION
2026-03-31,ART-1649,675.26,MAGASIN CENTRAL,EN_COURS_INJECTION
2026-02-15,ART-1317,1241.63,DEPOT B,EN_COURS_INJECTION
2026-01-15,ART-1779,1426.22,MAGASIN CENTRAL,EN_COURS_INJECTION
2026-01-31,ART-1479,267.74,MAGASIN CENTRAL,EN_COURS_INJECTION
2026-02-15,ART-1530,201.51,MAGASIN CENTRAL,EN_COURS_INJECTION
2026-02-15,ART-1735,628.74,DEPOT NORD,EN_COURS_INJECTION
2026-03-31,ART-1798,296.04,DEPOT NORD,EN_COURS_INJECTION
2026-04-30,ART-1392,1370.73,ATELIER 1,EN_COURS_INJECTION
2026-01-05,ART-1003,1288.74,DEPOT A,EN_COURS_INJECTION
2026-04-15,ART-1681,927.3,MAGASIN CENTRAL,EN_COURS_INJECTION
2026-01-31,ART-1573,664.05,DEPOT NORD,EN_COURS_INJECTION
2026-04-30,ART-1036,913.33,DEPOT B,EN_COURS_INJECTION
2026-01-05,ART-1457,500.02,MAGASIN CENTRAL,EN_COURS_INJECTION
2026-04-30,ART-1089,1278.96,DEPOT A,EN_COURS_INJECTION
2026-01-05,ART-1669,1264.53,DEPOT B,EN_COURS_INJECTION
2026-04-15,ART-1238,90.23,DEPOT NORD,EN_COURS_INJECTION
2026-04-05,ART-1457,772.57,DEPOT NORD,EN_COURS_INJECTION
2026-04-30,ART-1541,553.9,DEPOT A,EN_COURS_INJECTION
2026-01-05,ART-1145,1411.81,ATELIER 1,EN_COURS_INJECTION
2026-01-05,ART-1209,93.25,DEPOT B,EN_COURS_INJECTION
2026-02-05,ART-1041,1382.27,DEPOT A,EN_COURS_INJECTION
2026-04-15,ART-1426,1148.74,ATELIER 1,EN_COURS_INJECTION
2026-03-15,ART-1645,1232.27,ATELIER 1,EN_COURS_INJECTION
2026-01-31,ART-1407,302.2,MAGASIN CENTRAL,EN_COURS_INJECTION
2026-04-30,ART-1380,909.22,DEPOT B,EN_COURS_INJECTION
2026-03-05,ART-1003,160.11,MAGASIN CENTRAL,EN_COURS_INJECTION
2026-03-31,ART-1508,662.01,DEPOT A,EN_COURS_INJECTION
2026-02-15,ART-1656,1459.85,ATELIER 1,EN_COURS_INJECTION
2026-03-05,ART-1090,463.64,DEPOT NORD,EN_COURS_INJECTION
2026-02-05,ART-1562,1013.14,DEPOT A,EN_COURS_INJECTION
2026-04-05,ART-1056,1420.61,DEPOT NORD,EN_COURS_INJECTION
2026-04-15,ART-1680,611.57,ATELIER 1,EN_COURS_INJECTION
2026-02-28,ART-1051,468.64,DEPOT NORD,EN_COURS_INJECTION
2026-02-05,ART-1194,152.79,DEPOT B,EN_COURS_INJECTION
2026-01-15,ART-1289,611.4,DEPOT B,EN_COURS_INJECTION
2026-03-15,ART-1552,1009.57,DEPOT NORD,EN_COURS_INJECTION
2026-03-15,ART-1294,1363.01,ATELIER 1,EN_COURS_INJECTION
2026-04-15,ART-1196,269.75,DEPOT B,EN_COURS_INJECTION
2026-04-05,ART-1010,415.36,MAGASIN CENTRAL,EN_COURS_INJECTION
2026-04-15,ART-1076,1115.08,DEPOT A,EN_COURS_INJECTION
2026-03-31,ART-1082,1027.67,DEPOT NORD,EN_COURS_INJECTION
2026-01-05,ART-1306,328.99,DEPOT B,EN_COURS_INJECTION
2026-01-31,ART-1302,877.89,DEPOT A,EN_COURS_INJECTION
2026-01-15,ART-1247,1373.5,DEPOT A,EN_COURS_INJECTION
2026-01-15,ART-1793,801.69,DEPOT NORD,EN_COURS_INJECTION
2026-01-15,ART-1702,901.14,DEPOT B,EN_COURS_INJECTION
2026-01-05,ART-1759,1205.25,MAGASIN CENTRAL,EN_COURS_INJECTION
2026-02-05,ART-1800,223.74,DEPOT A,EN_COURS_INJECTION
2026-04-15,ART-1079,0.0,DEPOT B,EN_COURS_INJECTION
2026-03-31,ART-1113,1327.12,DEPOT B,EN_COURS_INJECTION
2026-04-30,ART-1772,1115.57,MAGASIN CENTRAL,EN_COURS_INJECTION
2026-01-15,ART-1182,624.16,MAGASIN CENTRAL,EN_COURS_INJECTION
2026-02-05,ART-1624,1193.05,DEPOT NORD,EN_COURS_INJECTION
2026-02-05,ART-1534,175.86,ATELIER 1,EN_COURS_INJECTION
2026-01-31,ART-1274,310.22,DEPOT B,EN_COURS_INJECTION
2026-04-15,ART-1518,744.98,MAGASIN CENTRAL,EN_COURS_INJECTION
2026-01-05,ART-1221,249.97,DEPOT NORD,EN_COURS_INJECTION
2026-02-15,ART-1065,160.06,DEPOT NORD,EN_COURS_INJECTION
2026-04-05,ART-1075,135.64,DEPOT NORD,EN_COURS_INJECTION
2026-01-31,ART-1506,1206.86,ATELIER 1,EN_COURS_INJECTION
2026-02-05,ART-1577,1113.17,DEPOT NORD,EN_COURS_INJECTION
2026-04-05,ART-1381,645.61,DEPOT A,EN_COURS_INJECTION
2026-02-05,ART-1232,238.25,DEPOT A,EN_COURS_INJECTION
2026-01-15,ART-1645,1198.57,DEPOT NORD,EN_COURS_INJECTION
2026-01-15,ART-1437,668.21,DEPOT B,EN_COURS_INJECTION
2026-02-15,ART-1107,1185.52,DEPOT NORD,EN_COURS_INJECTION
2026-03-15,ART-1072,1231.04,DEPOT B,EN_COURS_INJECTION
2026-02-28,ART-1040,1091.3,DEPOT NORD,EN_COURS_INJECTION
2026-04-15,ART-1352,642.6,MAGASIN CENTRAL,EN_COURS_INJECTION
2026-04-30,ART-1254,1416.1,ATELIER 1,EN_COURS_INJECTION
2026-03-05,ART-1752,732.52,DEPOT NORD,EN_COURS_INJECTION
2026-04-15,ART-1368,350.57,DEPOT NORD,EN_COURS_INJECTION
2026-03-15,ART-1313,1326.34,DEPOT NORD,EN_COURS_INJECTION
2026-04-05,ART-1643,44.88,MAGASIN CENTRAL,EN_COURS_INJECTION
2026-01-31,ART-1381,1386.55,ATELIER 1,EN_COURS_INJECTION
2026-01-05,ART-1070,504.88,DEPOT A,EN_COURS_INJECTION
2026-01-05,ART-1023,1496.16,ATELIER 1,EN_COURS_INJECTION
2026-04-30,ART-1499,162.41,MAGASIN CENTRAL,EN_COURS_INJECTION
2026-01-31,ART-1484,199.2,DEPOT B,EN_COURS_INJECTION
2026-01-15,ART-1490,296.58,DEPOT A,EN_COURS_INJECTION
2026-02-28,ART-1385,1059.81,DEPOT A,EN_COURS_INJECTION
2026-02-28,ART-1496,89.35,DEPOT NORD,EN_COURS_INJECTION
2026-03-05,ART-1501,1193.39,DEPOT NORD,EN_COURS_INJECTION
2026-04-05,ART-1765,897.55,DEPOT NORD,EN_COURS_INJECTION
2026-01-05,ART-1145,432.06,DEPOT A,EN_COURS_INJECTION
2026-04-30,ART-1709,171.47,DEPOT A,EN_COURS_INJECTION
2026-03-05,ART-1137,1325.62,DEPOT NORD,EN_COURS_INJECTION
2026-04-05,ART-1426,1044.92,DEPOT NORD,EN_COURS_INJECTION
2026-03-05,ART-1357,107.68,DEPOT A,EN_COURS_INJECTION
2026-01-05,ART-1415,735.83,DEPOT A,EN_COURS_INJECTION
2026-04-15,ART-1615,13.31,DEPOT NORD,EN_COURS_INJECTION
2026-02-05,ART-1738,586.36,DEPOT NORD,EN_COURS_INJECTION
2026-01-31,ART-1454,476.01,DEPOT A,EN_COURS_INJECTION
2026-03-31,ART-1395,1304.96,DEPOT NORD,EN_COURS_INJECTION
2026-02-28,ART-1436,273.46,DEPOT B,EN_COURS_INJECTION
2026-03-05,ART-1759,785.59,DEPOT A,EN_COURS_INJECTION
2026-01-05,ART-1028,1151.17,DEPOT A,EN_COURS_INJECTION
2026-02-05,ART-1091,741.64,MAGASIN CENTRAL,EN_COURS_INJECTION
2026-03-15,ART-1164,619.81,ATELIER 1,EN_COURS_INJECTION
2026-02-15,ART-1690,1477.66,DEPOT NORD,EN_COURS_INJECTION
2026-03-05,ART-1687,699.28,ATELIER 1,EN_COURS_INJECTION
2026-03-15,ART-1653,239.69,MAGASIN CENTRAL,EN_COURS_INJECTION
2026-01-31,ART-1518,563.24,DEPOT NORD,EN_COURS_INJECTION
2026-01-15,ART-1242,259.3,DEPOT A,EN_COURS_INJECTION
2026-02-15,ART-1156,678.66,DEPOT NORD,EN_COURS_INJECTION
2026-03-15,ART-1443,707.41,MAGASIN CENTRAL,EN_COURS_INJECTION
2026-01-15,ART-1491,545.14,DEPOT A,EN_COURS_INJECTION
2026-03-05,ART-1514,513.76,MAGASIN CENTRAL,EN_COURS_INJECTION
2026-04-30,ART-1005,1005.28,MAGASIN CENTRAL,EN_COURS_INJECTION
2026-02-15,ART-1669,1365.54,DEPOT NORD,EN_COURS_INJECTION
2026-01-31,ART-1296,1284.97,DEPOT NORD,EN_COURS_INJECTION
2026-04-05,ART-1139,335.44,MAGASIN CENTRAL,EN_COURS_INJECTION
2026-02-28,ART-1390,1134.48,,EN_COURS_INJECTION
2026-02-05,ART-1084,18.81,DEPOT NORD,EN_COURS_INJECTION
2026-02-05,ART-1365,1118.76,DEPOT B,EN_COURS_INJECTION
2026-04-05,ART-1376,450.72,MAGASIN CENTRAL,EN_COURS_INJECTION
2026-01-15,ART-1233,745.69,MAGASIN CENTRAL,EN_COURS_INJECTION
2026-04-05,ART-1703,700.79,DEPOT B,EN_COURS_INJECTION
2026-02-05,ART-1133,1406.98,DEPOT NORD,EN_COURS_INJECTION
2026-01-31,ART-1193,1273.48,MAGASIN CENTRAL,EN_COURS_INJECTION
2026-01-31,ART-1252,512.55,ATELIER 1,EN_COURS_INJECTION
2026-03-05,ART-1273,768.28,DEPOT NORD,EN_COURS_INJECTION
2026-02-28,ART-1054,831.1,ATELIER 1,EN_COURS_INJECTION
2026-02-28,ART-1557,1448.99,DEPOT NORD,EN_COURS_INJECTION
2026-04-30,ART-1541,310.65,MAGASIN CENTRAL,EN_COURS_INJECTION
2026-01-31,ART-1338,779.6,ATELIER 1,EN_COURS_INJECTION
2026-03-15,ART-1720,1244.06,DEPOT B,EN_COURS_INJECTION
2026-03-05,ART-1206,1296.89,DEPOT NORD,EN_COURS_INJECTION
2026-01-15,ART-1053,930.07,MAGASIN CENTRAL,EN_COURS_INJECTION
2026-03-15,ART-1191,542.29,MAGASIN CENTRAL,EN_COURS_INJECTION
2026-04-30,ART-1259,71.32,ATELIER 1,EN_COURS_INJECTION
2026-03-05,ART-1185,396.62,DEPOT NORD,EN_COURS_INJECTION
2026-02-15,ART-1258,830.08,MAGASIN CENTRAL,EN_COURS_INJECTION
2026-01-15,ART-1349,769.84,DEPOT A,EN_COURS_INJECTION
2026-04-05,ART-1288,218.94,ATELIER 1,EN_COURS_INJECTION
2026-02-05,ART-1208,288.79,DEPOT NORD,EN_COURS_INJECTION
2026-04-30,ART-1533,135.65,MAGASIN CENTRAL,EN_COURS_INJECTION
2026-04-05,ART-1326,33.67,DEPOT A,EN_COURS_INJECTION
2026-01-31,ART-1670,971.5,DEPOT NORD,EN_COURS_INJECTION
2026-04-30,ART-1723,1098.24,DEPOT B,EN_COURS_INJECTION
2026-01-15,ART-1796,1046.08,MAGASIN CENTRAL,EN_COURS_INJECTION
2026-01-05,ART-1438,404.75,MAGASIN CENTRAL,EN_COURS_INJECTION
2026-02-05,ART-1362,873.82,DEPOT NORD,EN_COURS_INJECTION
2026-03-15,ART-1314,655.65,MAGASIN CENTRAL,EN_COURS_INJECTION
2026-02-28,ART-1307,464.0,ATELIER 1,EN_COURS_INJECTION
2026-03-15,ART-1394,71.4,DEPOT B,EN_COURS_INJECTION
2026-01-05,ART-1775,506.72,DEPOT B,EN_COURS_INJECTION
2026-01-15,ART-1497,1458.3,MAGASIN CENTRAL,EN_COURS_INJECTION
2026-01-31,ART-1703,854.13,DEPOT NORD,EN_COURS_INJECTION
2026-03-31,ART-1197,570.4,DEPOT NORD,EN_COURS_INJECTION
2026-04-15,ART-1010,371.38,ATELIER 1,EN_COURS_INJECTION
2026-04-05,ART-1068,32.17,DEPOT A,EN_COURS_INJECTION
2026-03-15,ART-1370,926.55,MAGASIN CENTRAL,EN_COURS_INJECTION
2026-03-15,ART-1496,278.75,ATELIER 1,EN_COURS_INJECTION
2026-04-15,ART-1672,610.3,MAGASIN CENTRAL,EN_COURS_INJECTION
2026-04-15,ART-1646,1251.57,DEPOT A,EN_COURS_INJECTION
2026-03-15,ART-1188,207.07,MAGASIN CENTRAL,EN_COURS_INJECTION
2026-04-30,ART-1455,213.51,ATELIER 1,EN_COURS_INJECTION
2026-04-30,ART-1083,1375.28,DEPOT B,EN_COURS_INJECTION
2026-04-15,ART-1743,1186.84,DEPOT A,EN_COURS_INJECTION
2026-02-15,ART-1456,821.79,DEPOT B,EN_COURS_INJECTION
2026-01-05,ART-1032,262.65,DEPOT A,EN_COURS_INJECTION
2026-03-31,ART-1690,1487.05,DEPOT NORD,EN_COURS_INJECTION
2026-02-15,ART-1605,300.43,MAGASIN CENTRAL,EN_COURS_INJECTION
2026-01-05,ART-1168,88.46,DEPOT NORD,EN_COURS_INJECTION
2026-02-05,ART-1079,886.54,DEPOT NORD,EN_COURS_INJECTION
2026-01-05,ART-1421,1322.0,DEPOT NORD,EN_COURS_INJECTION
2026-03-15,ART-1380,167.2,DEPOT NORD,EN_COURS_INJECTION
2026-04-05,ART-1152,1054.78,MAGASIN CENTRAL,EN_COURS_INJECTION
2026-04-30,ART-1420,1125.25,ATELIER 1,EN_COURS_INJECTION
2026-01-15,ART-1442,1027.07,DEPOT A,EN_COURS_INJECTION
2026-03-05,ART-1712,44.06,DEPOT B,EN_COURS_INJECTION
2026-04-15,ART-1209,604.27,ATELIER 1,EN_COURS_INJECTION
2026-02-05,ART-1271,468.01,DEPOT B,EN_COURS_INJECTION
2026-04-05,ART-1183,875.82,DEPOT NORD,EN_COURS_INJECTION
2026-02-28,ART-1041,784.28,DEPOT NORD,EN_COURS_INJECTION
2026-02-05,ART-1132,512.1,DEPOT NORD,EN_COURS_INJECTION
2026-02-05,ART-1789,665.34,MAGASIN CENTRAL,EN_COURS_INJECTION
2026-03-15,ART-1404,802.52,DEPOT B,EN_COURS_INJECTION
2026-04-15,ART-1409,587.82,DEPOT NORD,EN_COURS_INJECTION
2026-02-15,ART-1473,155.3,DEPOT NORD,EN_COURS_INJECTION
2026-04-30,ART-1781,259.89,DEPOT B,EN_COURS_INJECTION
2026-02-15,ART-1352,1105.51,ATELIER 1,EN_COURS_INJECTION
2026-04-30,ART-1626,523.31,MAGASIN CENTRAL,EN_COURS_INJECTION
2026-04-05,ART-1574,1276.56,MAGASIN CENTRAL,EN_COURS_INJECTION
2026-02-05,ART-1722,320.82,MAGASIN CENTRAL,EN_COURS_INJECTION
2026-02-28,ART-1755,1027.1,DEPOT A,EN_COURS_INJECTION
2026-01-05,ART-1591,558.76,MAGASIN CENTRAL,EN_COURS_INJECTION
2026-02-15,ART-1591,478.34,DEPOT NORD,EN_COURS_INJECTION
2026-02-28,ART-1586,974.1,DEPOT NORD,EN_COURS_INJECTION
2026-02-15,ART-1316,1412.84,DEPOT NORD,EN_COURS_INJECTION
2026-02-28,ART-1544,878.52,DEPOT A,EN_COURS_INJECTION
2026-02-28,ART-1299,,DEPOT B,EN_COURS_INJECTION
2026-03-05,ART-1234,551.24,MAGASIN CENTRAL,EN_COURS_INJECTION
2026-04-30,ART-1271,239.89,DEPOT B,EN_COURS_INJECTION
2026-02-28,ART-1734,83.8,DEPOT A,EN_COURS_INJECTION
2026-03-15,ART-1470,0.0,MAGASIN CENTRAL,EN_COURS_INJECTION
2026-01-05,ART-1145,442.61,DEPOT B,EN_COURS_INJECTION
2026-04-15,ART-1243,1430.17,ATELIER 1,EN_COURS_INJECTION
2026-01-05,ART-1747,769.65,DEPOT B,EN_COURS_INJECTION
2026-02-15,ART-1123,171.05,ATELIER 1,EN_COURS_INJECTION
2026-04-15,ART-1333,69.12,DEPOT B,EN_COURS_INJECTION
2026-04-05,ART-1430,500.16,DEPOT B,EN_COURS_INJECTION
2026-04-30,ART-1222,0.0,MAGASIN CENTRAL,EN_COURS_INJECTION
2026-03-31,ART-1231,330.53,ATELIER 1,EN_COURS_INJECTION
2026-04-05,ART-1541,1429.86,ATELIER 1,EN_COURS_INJECTION
2026-03-31,ART-1421,1465.75,DEPOT A,EN_COURS_INJECTION
2026-02-15,ART-1777,764.93,MAGASIN CENTRAL,EN_COURS_INJECTION
2026-01-05,ART-1239,1216.28,DEPOT NORD,EN_COURS_INJECTION
2026-04-30,ART-1059,269.99,DEPOT NORD,EN_COURS_INJECTION
2026-01-05,ART-1221,474.56,DEPOT A,EN_COURS_INJECTION
2026-01-15,ART-1669,1397.37,ATELIER 1,EN_COURS_INJECTION
2026-04-30,ART-1386,349.12,DEPOT NORD,EN_COURS_INJECTION
2026-04-30,ART-1510,977.66,DEPOT A,EN_COURS_INJECTION
2026-03-31,ART-1150,334.5,ATELIER 1,EN_COURS_INJECTION
2026-03-05,ART-1602,691.67,ATELIER 1,EN_COURS_INJECTION
2026-03-05,ART-1592,394.72,DEPOT B,EN_COURS_INJECTION
2026-01-31,ART-1090,1172.48,DEPOT NORD,EN_COURS_INJECTION
2026-01-31,ART-1530,1306.2,DEPOT NORD,EN_COURS_INJECTION
2026-04-15,ART-1259,1493.83,ATELIER 1,EN_COURS_INJECTION
2026-03-05,ART-1154,34.82,DEPOT NORD,EN_COURS_INJECTION
2026-02-15,ART-1525,684.66,MAGASIN CENTRAL,EN_COURS_INJECTION
2026-03-31,ART-1491,1421.63,ATELIER 1,EN_COURS_INJECTION
2026-02-05,ART-1408,1163.22,DEPOT B,EN_COURS_INJECTION
2026-04-05,ART-1550,1383.67,MAGASIN CENTRAL,EN_COURS_INJECTION
2026-03-05,ART-1728,573.59,ATELIER 1,EN_COURS_INJECTION
2026-03-05,ART-1379,718.41,DEPOT A,EN_COURS_INJECTION
2026-03-15,ART-1184,543.51,ATELIER 1,EN_COURS_INJECTION
2026-01-15,ART-1776,13.5,DEPOT A,EN_COURS_INJECTION
2026-04-15,ART-1650,805.21,DEPOT B,EN_COURS_INJECTION
2026-04-30,ART-1785,1005.18,DEPOT A,EN_COURS_INJECTION
2026-04-15,ART-1516,206.05,DEPOT A,EN_COURS_INJECTION
2026-03-15,ART-1388,175.48,ATELIER 1,EN_COURS_INJECTION
2026-02-15,ART-1529,516.61,DEPOT B,EN_COURS_INJECTION
2026-03-05,ART-1636,1335.3,ATELIER 1,EN_COURS_INJECTION
2026-02-05,ART-1369,982.49,DEPOT A,EN_COURS_INJECTION
2026-03-05,ART-1385,812.93,ATELIER 1,EN_COURS_INJECTION
2026-02-05,ART-1157,625.36,MAGASIN CENTRAL,EN_COURS_INJECTION
2026-01-31,ART-1352,1299.08,DEPOT B,EN_COURS_INJECTION
2026-01-31,ART-1006,1094.57,DEPOT A,EN_COURS_INJECTION
2026-02-28,ART-1020,634.44,ATELIER 1,EN_COURS_INJECTION
2026-04-15,ART-1098,1264.0,DEPOT NORD,EN_COURS_INJECTION
2026-02-05,ART-1209,0.0,DEPOT A,EN_COURS_INJECTION
2026-03-31,ART-1453,1239.79,ATELIER 1,EN_COURS_INJECTION
2026-03-05,ART-1324,214.97,DEPOT NORD,EN_COURS_INJECTION
2026-03-15,ART-1658,79.02,DEPOT B,EN_COURS_INJECTION
2026-03-05,ART-1745,471.96,MAGASIN CENTRAL,EN_COURS_INJECTION
2026-03-15,ART-1663,679.93,DEPOT B,EN_COURS_INJECTION
2026-04-30,ART-1350,886.79,MAGASIN CENTRAL,EN_COURS_INJECTION
2026-01-15,ART-1548,1315.96,DEPOT A,EN_COURS_INJECTION
2026-02-28,ART-1154,1238.96,DEPOT A,EN_COURS_INJECTION
2026-04-15,ART-1345,1497.08,DEPOT NORD,EN_COURS_INJECTION
2026-04-30,ART-1149,413.29,ATELIER 1,EN_COURS_INJECTION
2026-04-05,ART-1504,440.49,DEPOT NORD,EN_COURS_INJECTION
2026-03-31,ART-1421,231.45,DEPOT NORD,EN_COURS_INJECTION
2026-04-30,ART-1029,1089.73,DEPOT B,EN_COURS_INJECTION
2026-04-05,ART-1190,793.35,DEPOT B,EN_COURS_INJECTION
2026-03-15,ART-1228,941.61,MAGASIN CENTRAL,EN_COURS_INJECTION
2026-01-31,ART-1646,63.32,ATELIER 1,EN_COURS_INJECTION
2026-01-31,ART-1318,971.06,DEPOT NORD,EN_COURS_INJECTION
2026-01-05,ART-1019,750.78,DEPOT NORD,EN_COURS_INJECTION
2026-04-05,ART-1210,868.4,ATELIER 1,EN_COURS_INJECTION
2026-02-15,ART-1060,248.8,DEPOT A,EN_COURS_INJECTION
2026-03-05,ART-1146,150.73,DEPOT A,EN_COURS_INJECTION
2026-04-05,ART-1647,1301.51,DEPOT B,EN_COURS_INJECTION
2026-03-15,ART-1122,396.98,MAGASIN CENTRAL,EN_COURS_INJECTION
2026-01-31,ART-1754,889.28,DEPOT B,EN_COURS_INJECTION
2026-02-05,ART-1264,101.24,MAGASIN CENTRAL,EN_COURS_INJECTION
2026-01-15,ART-1394,113.92,,EN_COURS_INJECTION
2026-03-15,ART-1455,229.83,DEPOT NORD,EN_COURS_INJECTION
2026-04-05,ART-1208,456.37,ATELIER 1,EN_COURS_INJECTION
2026-01-31,ART-1064,1096.52,DEPOT B,EN_COURS_INJECTION
2026-04-15,ART-1341,24.85,DEPOT A,EN_COURS_INJECTION
2026-03-15,ART-1135,999.66,DEPOT A,EN_COURS_INJECTION
2026-04-05,ART-1541,1405.22,DEPOT NORD,EN_COURS_INJECTION
2026-03-31,ART-1203,780.07,DEPOT NORD,EN_COURS_INJECTION
2026-04-05,ART-1431,832.65,ATELIER 1,EN_COURS_INJECTION
2026-03-05,ART-1660,815.31,DEPOT B,EN_COURS_INJECTION
2026-02-15,ART-1369,1075.83,DEPOT NORD,EN_COURS_INJECTION
2026-02-05,ART-1597,180.57,DEPOT NORD,EN_COURS_INJECTION
2026-03-15,ART-1527,790.85,MAGASIN CENTRAL,EN_COURS_INJECTION
2026-03-05,ART-1687,661.33,DEPOT A,EN_COURS_INJECTION
2026-03-31,ART-1656,640.1,DEPOT B,EN_COURS_INJECTION
2026-01-15,ART-1403,1023.35,DEPOT B,EN_COURS_INJECTION
2026-02-15,ART-1381,948.64,DEPOT B,EN_COURS_INJECTION
2026-02-15,ART-1729,550.58,DEPOT NORD,EN_COURS_INJECTION
2026-04-15,ART-1434,1271.83,DEPOT NORD,EN_COURS_INJECTION
2026-04-15,ART-1343,171.29,DEPOT B,EN_COURS_INJECTION
2026-04-05,ART-1226,275.23,DEPOT B,EN_COURS_INJECTION
2026-04-15,ART-1541,27.14,DEPOT A,EN_COURS_INJECTION
2026-02-15,ART-1506,1373.52,ATELIER 1,EN_COURS_INJECTION
2026-03-15,ART-1779,1487.67,MAGASIN CENTRAL,EN_COURS_INJECTION
2026-01-05,ART-1174,250.91,DEPOT B,EN_COURS_INJECTION
2026-02-15,ART-1694,1020.02,DEPOT B,EN_COURS_INJECTION
2026-03-31,ART-1362,220.0,DEPOT A,EN_COURS_INJECTION
2026-03-15,ART-1431,1489.81,DEPOT A,EN_COURS_INJECTION
2026-02-28,ART-1171,177.0,ATELIER 1,EN_COURS_INJECTION
2026-04-30,ART-1792,1158.4,DEPOT B,EN_COURS_INJECTION
2026-01-31,ART-1274,456.2,DEPOT B,EN_COURS_INJECTION
2026-01-31,ART-1154,1397.08,DEPOT NORD,EN_COURS_INJECTION
2026-02-28,ART-1191,1175.77,DEPOT B,EN_COURS_INJECTION
2026-03-15,ART-1427,897.76,MAGASIN CENTRAL,EN_COURS_INJECTION
2026-03-05,ART-1208,442.91,DEPOT A,EN_COURS_INJECTION
2026-01-31,ART-1612,1306.38,MAGASIN CENTRAL,EN_COURS_INJECTION
2026-04-30,ART-1559,675.17,MAGASIN CENTRAL,EN_COURS_INJECTION
2026-04-30,ART-1169,547.13,DEPOT NORD,EN_COURS_INJECTION
2026-01-05,ART-1505,204.45,DEPOT B,EN_COURS_INJECTION
2026-02-05,ART-1059,1242.39,DEPOT A,EN_COURS_INJECTION
2026-04-30,ART-1330,302.2,ATELIER 1,EN_COURS_INJECTION
2026-02-28,ART-1779,187.13,ATELIER 1,EN_COURS_INJECTION
2026-04-05,ART-1045,880.75,MAGASIN CENTRAL,EN_COURS_INJECTION
2026-03-31,ART-1139,1055.32,DEPOT NORD,EN_COURS_INJECTION
2026-03-31,ART-1566,200.1,DEPOT A,EN_COURS_INJECTION
2026-01-05,ART-1792,595.45,MAGASIN CENTRAL,EN_COURS_INJECTION
2026-03-05,ART-1351,584.11,DEPOT NORD,EN_COURS_INJECTION
2026-04-30,ART-1656,656.16,ATELIER 1,EN_COURS_INJECTION
2026-01-31,ART-1075,1482.95,DEPOT NORD,EN_COURS_INJECTION
2026-03-31,ART-1213,20.97,MAGASIN CENTRAL,EN_COURS_INJECTION
2026-02-05,ART-1076,635.25,MAGASIN CENTRAL,EN_COURS_INJECTION
2026-01-31,ART-1464,1218.85,DEPOT A,EN_COURS_INJECTION
2026-02-28,ART-1179,955.3,ATELIER 1,EN_COURS_INJECTION
2026-04-05,ART-1329,1259.75,DEPOT B,EN_COURS_INJECTION
2026-02-05,ART-1004,1179.02,DEPOT A,EN_COURS_INJECTION
2026-02-28,ART-1681,1434.97,DEPOT A,EN_COURS_INJECTION
2026-03-31,ART-1712,1315.23,MAGASIN CENTRAL,EN_COURS_INJECTION
2026-01-31,ART-1182,506.56,ATELIER 1,EN_COURS_INJECTION
2026-04-30,ART-1035,418.62,MAGASIN CENTRAL,EN_COURS_INJECTION
2026-04-15,ART-1410,929.0,ATELIER 1,EN_COURS_INJECTION
2026-04-05,ART-1009,411.37,DEPOT B,EN_COURS_INJECTION
2026-02-05,ART-1663,317.61,DEPOT A,EN_COURS_INJECTION
2026-03-15,ART-1395,1233.2,DEPOT A,EN_COURS_INJECTION
2026-03-05,ART-1123,1184.77,DEPOT A,EN_COURS_INJECTION
2026-02-15,ART-1684,413.75,DEPOT NORD,EN_COURS_INJECTION
2026-01-05,ART-1610,252.61,ATELIER 1,EN_COURS_INJECTION
2026-03-05,ART-1693,1097.6,DEPOT B,EN_COURS_INJECTION
2026-04-05,ART-1421,305.49,DEPOT B,EN_COURS_INJECTION
2026-01-15,ART-1330,1050.57,DEPOT NORD,EN_COURS_INJECTION
2026-03-31,ART-1322,1031.27,DEPOT A,EN_COURS_INJECTION
2026-02-15,ART-1443,247.61,ATELIER 1,EN_COURS_INJECTION
2026-03-31,ART-1576,1245.47,DEPOT NORD,EN_COURS_INJECTION
2026-04-15,ART-1401,858.31,ATELIER 1,EN_COURS_INJECTION
2026-01-15,ART-1250,512.63,DEPOT NORD,EN_COURS_INJECTION
2026-04-05,ART-1143,1223.76,ATELIER 1,EN_COURS_INJECTION
2026-03-05,ART-1180,81.23,ATELIER 1,EN_COURS_INJECTION
2026-01-15,ART-1331,337.87,DEPOT B,EN_COURS_INJECTION
2026-03-15,ART-1307,200.06,DEPOT B,EN_COURS_INJECTION
2026-04-15,ART-1730,1306.54,MAGASIN CENTRAL,EN_COURS_INJECTION
2026-03-05,ART-1706,761.87,DEPOT B,EN_COURS_INJECTION
2026-03-15,ART-1479,335.44,DEPOT NORD,EN_COURS_INJECTION
2026-03-05,ART-1718,543.76,MAGASIN CENTRAL,EN_COURS_INJECTION
2026-01-31,ART-1155,1488.56,DEPOT NORD,EN_COURS_INJECTION
2026-04-05,ART-1662,568.87,DEPOT B,EN_COURS_INJECTION
2026-02-15,ART-1789,693.32,MAGASIN CENTRAL,EN_COURS_INJECTION
2026-01-31,ART-1146,179.66,DEPOT NORD,EN_COURS_INJECTION
2026-02-05,ART-1396,1030.61,DEPOT B,EN_COURS_INJECTION
2026-04-05,ART-1718,815.61,DEPOT A,EN_COURS_INJECTION
2026-02-15,ART-1225,901.54,,EN_COURS_INJECTION
2026-04-30,ART-1406,510.77,DEPOT B,EN_COURS_INJECTION
2026-04-30,ART-1193,1347.96,ATELIER 1,EN_COURS_INJECTION
2026-03-15,ART-1035,646.32,ATELIER 1,EN_COURS_INJECTION
2026-02-28,ART-1325,1067.93,DEPOT A,EN_COURS_INJECTION
2026-02-28,ART-1025,874.8,DEPOT B,EN_COURS_INJECTION
2026-02-28,ART-1060,212.02,MAGASIN CENTRAL,EN_COURS_INJECTION
2026-04-05,ART-1322,658.46,DEPOT NORD,EN_COURS_INJECTION
2026-04-15,ART-1238,1039.98,DEPOT A,EN_COURS_INJECTION
2026-03-31,ART-1751,302.4,MAGASIN CENTRAL,EN_COURS_INJECTION
2026-02-28,ART-1161,997.69,DEPOT NORD,EN_COURS_INJECTION
2026-03-31,ART-1721,846.0,DEPOT A,EN_COURS_INJECTION
2026-01-05,ART-1544,794.6,DEPOT NORD,EN_COURS_INJECTION
2026-01-05,ART-1330,205.68,DEPOT A,EN_COURS_INJECTION
2026-02-28,ART-1049,605.33,DEPOT B,EN_COURS_INJECTION
2026-04-30,ART-1011,530.09,DEPOT B,EN_COURS_INJECTION
2026-01-15,ART-1004,161.07,MAGASIN CENTRAL,EN_COURS_INJECTION
2026-03-05,ART-1091,99.65,DEPOT NORD,EN_COURS_INJECTION
2026-03-05,ART-1147,1130.6,DEPOT A,EN_COURS_INJECTION
2026-02-15,ART-1384,353.91,ATELIER 1,EN_COURS_INJECTION
2026-02-28,ART-1301,1256.84,DEPOT A,EN_COURS_INJECTION
2026-03-15,ART-1574,402.01,DEPOT A,EN_COURS_INJECTION
2026-03-15,ART-1724,1182.77,ATELIER 1,EN_COURS_INJECTION
2026-04-15,ART-1478,1010.02,DEPOT B,EN_COURS_INJECTION
2026-02-05,ART-1092,478.76,DEPOT B,EN_COURS_INJECTION
2026-03-05,ART-1419,787.77,DEPOT A,EN_COURS_INJECTION
2026-01-31,ART-1403,114.5,MAGASIN CENTRAL,EN_COURS_INJECTION
2026-01-05,ART-1685,731.18,MAGASIN CENTRAL,EN_COURS_INJECTION
2026-02-28,ART-1656,1279.02,MAGASIN CENTRAL,EN_COURS_INJECTION
2026-04-30,ART-1375,338.67,DEPOT A,EN_COURS_INJECTION
2026-02-05,ART-1353,227.8,ATELIER 1,EN_COURS_INJECTION
2026-02-05,ART-1171,807.44,DEPOT A,EN_COURS_INJECTION
2026-02-05,ART-1434,1221.37,DEPOT A,EN_COURS_INJECTION
2026-04-05,ART-1035,1039.23,DEPOT NORD,EN_COURS_INJECTION
2026-04-30,ART-1321,246.81,DEPOT B,EN_COURS_INJECTION
2026-01-31,ART-1468,253.66,DEPOT B,EN_COURS_INJECTION
2026-04-05,ART-1751,806.11,ATELIER 1,EN_COURS_INJECTION
2026-04-30,ART-1395,1476.04,DEPOT NORD,EN_COURS_INJECTION
2026-02-28,ART-1666,1025.4,MAGASIN CENTRAL,EN_COURS_INJECTION
2026-03-05,ART-1194,1486.68,DEPOT A,EN_COURS_INJECTION
2026-02-28,ART-1501,971.52,MAGASIN CENTRAL,EN_COURS_INJECTION
2026-03-05,ART-1520,213.75,DEPOT NORD,EN_COURS_INJECTION
2026-02-15,ART-1742,1089.91,DEPOT A,EN_COURS_INJECTION
2026-01-05,ART-1695,323.27,DEPOT NORD,EN_COURS_INJECTION
2026-04-05,ART-1570,902.5,DEPOT NORD,EN_COURS_INJECTION
2026-04-30,ART-1790,1418.68,ATELIER 1,EN_COURS_INJECTION
2026-02-28,ART-1197,1121.9,DEPOT A,EN_COURS_INJECTION
2026-04-15,ART-1231,1078.64,DEPOT A,EN_COURS_INJECTION
2026-03-05,ART-1532,234.82,ATELIER 1,EN_COURS_INJECTION
2026-01-31,ART-1512,65.44,ATELIER 1,EN_COURS_INJECTION
2026-01-31,ART-1397,642.25,DEPOT NORD,EN_COURS_INJECTION
2026-01-15,ART-1020,1195.9,MAGASIN CENTRAL,EN_COURS_INJECTION
2026-02-28,ART-1717,1404.9,DEPOT NORD,EN_COURS_INJECTION
2026-01-31,ART-1208,120.34,ATELIER 1,EN_COURS_INJECTION
2026-02-05,ART-1750,1260.41,DEPOT NORD,EN_COURS_INJECTION
2026-02-28,ART-1758,407.45,DEPOT NORD,EN_COURS_INJECTION
2026-04-15,ART-1309,1212.17,DEPOT NORD,EN_COURS_INJECTION
2026-04-15,ART-1230,1467.35,DEPOT B,EN_COURS_INJECTION
2026-03-15,ART-1397,1090.59,DEPOT A,EN_COURS_INJECTION
2026-04-30,ART-1217,1123.35,DEPOT NORD,EN_COURS_INJECTION
2026-03-05,ART-1577,27.34,ATELIER 1,EN_COURS_INJECTION
2026-02-15,ART-1098,956.35,MAGASIN CENTRAL,EN_COURS_INJECTION
2026-04-15,ART-1799,332.55,MAGASIN CENTRAL,EN_COURS_INJECTION
2026-02-05,ART-1370,1438.73,DEPOT B,EN_COURS_INJECTION
2026-02-05,ART-1733,704.58,DEPOT A,EN_COURS_INJECTION
2026-02-15,ART-1319,16.65,MAGASIN CENTRAL,EN_COURS_INJECTION
2026-03-31,ART-1131,104.8,DEPOT B,EN_COURS_INJECTION
2026-02-28,ART-1209,711.99,DEPOT A,EN_COURS_INJECTION
2026-04-15,ART-1180,1348.6,ATELIER 1,EN_COURS_INJECTION
2026-03-31,ART-1250,38.31,ATELIER 1,EN_COURS_INJECTION
2026-02-28,ART-1019,1351.07,ATELIER 1,EN_COURS_INJECTION
2026-02-15,ART-1696,554.89,DEPOT A,EN_COURS_INJECTION
2026-03-15,ART-1207,,DEPOT NORD,EN_COURS_INJECTION
2026-04-30,ART-1704,1003.15,DEPOT B,EN_COURS_INJECTION
2026-03-31,ART-1078,1229.46,MAGASIN CENTRAL,EN_COURS_INJECTION
2026-01-05,ART-1008,1453.11,MAGASIN CENTRAL,EN_COURS_INJECTION
2026-03-15,ART-1747,935.24,MAGASIN CENTRAL,EN_COURS_INJECTION
2026-04-05,ART-1777,14.01,DEPOT NORD,EN_COURS_INJECTION
2026-04-05,ART-1352,1454.06,MAGASIN CENTRAL,EN_COURS_INJECTION
2026-02-28,ART-1048,105.24,DEPOT B,EN_COURS_INJECTION
2026-03-31,ART-1121,82.2,DEPOT A,EN_COURS_INJECTION
2026-01-05,ART-1198,1008.97,DEPOT A,EN_COURS_INJECTION
2026-01-31,ART-1337,545.54,DEPOT B,EN_COURS_INJECTION
2026-03-31,ART-1121,274.69,MAGASIN CENTRAL,EN_COURS_INJECTION
2026-02-15,ART-1090,1227.25,DEPOT NORD,EN_COURS_INJECTION
2026-03-05,ART-1050,807.71,ATELIER 1,EN_COURS_INJECTION
2026-02-05,ART-1417,93.97,DEPOT NORD,EN_COURS_INJECTION
2026-03-31,ART-1625,903.47,DEPOT A,EN_COURS_INJECTION
2026-02-28,ART-1019,466.75,ATELIER 1,EN_COURS_INJECTION
2026-03-15,ART-1571,756.39,DEPOT B,EN_COURS_INJECTION
2026-01-15,ART-1723,562.33,DEPOT NORD,EN_COURS_INJECTION
2026-02-05,ART-1411,1322.34,ATELIER 1,EN_COURS_INJECTION
2026-01-15,ART-1256,1074.59,ATELIER 1,EN_COURS_INJECTION
2026-03-15,ART-1051,86.9,ATELIER 1,EN_COURS_INJECTION
2026-03-15,ART-1463,58.54,DEPOT NORD,EN_COURS_INJECTION
2026-02-05,ART-1336,42.48,DEPOT NORD,EN_COURS_INJECTION
2026-01-05,ART-1616,529.41,ATELIER 1,EN_COURS_INJECTION
2026-01-31,ART-1014,1346.85,DEPOT A,EN_COURS_INJECTION
2026-03-31,ART-1647,26.58,DEPOT A,EN_COURS_INJECTION
2026-01-15,ART-1478,981.97,ATELIER 1,EN_COURS_INJECTION
2026-04-15,ART-1558,253.05,DEPOT B,EN_COURS_INJECTION
2026-02-05,ART-1029,596.04,ATELIER 1,EN_COURS_INJECTION
2026-04-30,ART-1795,100.64,DEPOT B,EN_COURS_INJECTION
2026-01-05,ART-1707,1243.6,DEPOT B,EN_COURS_INJECTION
2026-04-05,ART-1165,197.02,DEPOT A,EN_COURS_INJECTION
2026-02-15,ART-1531,649.36,MAGASIN CENTRAL,EN_COURS_INJECTION
2026-02-28,ART-1290,11.6,DEPOT A,EN_COURS_INJECTION
2026-03-31,ART-1506,286.18,MAGASIN CENTRAL,EN_COURS_INJECTION
2026-03-05,ART-1418,844.62,DEPOT NORD,EN_COURS_INJECTION
2026-04-15,ART-1702,547.82,DEPOT NORD,EN_COURS_INJECTION
2026-03-05,ART-1131,881.17,ATELIER 1,EN_COURS_INJECTION
2026-01-15,ART-1625,629.22,DEPOT A,EN_COURS_INJECTION
2026-02-15,ART-1523,193.55,DEPOT B,EN_COURS_INJECTION
2026-02-05,ART-1476,723.75,DEPOT NORD,EN_COURS_INJECTION
2026-01-05,ART-1490,926.87,DEPOT B,EN_COURS_INJECTION
2026-02-05,ART-1158,547.36,DEPOT NORD,EN_COURS_INJECTION
2026-03-05,ART-1604,770.53,DEPOT A,EN_COURS_INJECTION
2026-02-15,ART-1377,852.39,DEPOT NORD,EN_COURS_INJECTION
2026-01-31,ART-1560,434.72,DEPOT B,EN_COURS_INJECTION
2026-03-31,ART-1096,966.04,DEPOT NORD,EN_COURS_INJECTION
2026-04-05,ART-1402,295.38,DEPOT NORD,EN_COURS_INJECTION
2026-03-31,ART-1546,1457.45,DEPOT NORD,EN_COURS_INJECTION
2026-04-05,ART-1605,1023.32,DEPOT NORD,EN_COURS_INJECTION
2026-04-15,ART-1449,1486.55,DEPOT A,EN_COURS_INJECTION
2026-04-05,ART-1470,1093.91,ATELIER 1,EN_COURS_INJECTION
2026-02-15,ART-1738,1067.5,MAGASIN CENTRAL,EN_COURS_INJECTION
2026-02-15,ART-1145,417.03,DEPOT A,EN_COURS_INJECTION
2026-03-15,ART-1236,1420.95,DEPOT B,EN_COURS_INJECTION
2026-02-28,ART-1210,325.54,DEPOT NORD,EN_COURS_INJECTION
2026-01-31,ART-1050,447.08,ATELIER 1,EN_COURS_INJECTION
2026-02-15,ART-1337,1092.63,MAGASIN CENTRAL,EN_COURS_INJECTION
2026-02-05,ART-1768,664.95,DEPOT B,EN_COURS_INJECTION
2026-01-31,ART-1246,1081.65,ATELIER 1,EN_COURS_INJECTION
2026-01-05,ART-1579,137.77,DEPOT NORD,EN_COURS_INJECTION
2026-01-31,ART-1360,1202.04,ATELIER 1,EN_COURS_INJECTION
2026-02-05,ART-1653,1251.93,ATELIER 1,EN_COURS_INJECTION
2026-02-15,ART-1202,310.25,DEPOT A,EN_COURS_INJECTION
2026-03-15,ART-1222,1351.11,,EN_COURS_INJECTION
2026-01-31,ART-1598,1491.98,DEPOT B,EN_COURS_INJECTION
2026-01-15,ART-1050,928.93,DEPOT B,EN_COURS_INJECTION
2026-04-15,ART-1444,353.45,DEPOT A,EN_COURS_INJECTION
2026-04-05,ART-1286,1331.21,DEPOT B,EN_COURS_INJECTION
2026-03-15,ART-1399,962.48,MAGASIN CENTRAL,EN_COURS_INJECTION
2026-03-15,ART-1109,502.71,DEPOT NORD,EN_COURS_INJECTION
2026-03-31,ART-1098,40.75,DEPOT A,EN_COURS_INJECTION
2026-02-15,ART-1737,235.95,ATELIER 1,EN_COURS_INJECTION
2026-01-05,ART-1469,391.56,DEPOT B,EN_COURS_INJECTION
2026-03-15,ART-1279,1270.5,ATELIER 1,EN_COURS_INJECTION
2026-01-31,ART-1711,1393.94,ATELIER 1,EN_COURS_INJECTION
2026-04-30,ART-1387,591.6,DEPOT B,EN_COURS_INJECTION
2026-02-05,ART-1022,1008.13,MAGASIN CENTRAL,EN_COURS_INJECTION
2026-01-15,ART-1123,139.21,DEPOT B,EN_COURS_INJECTION
2026-03-31,ART-1414,439.82,DEPOT NORD,EN_COURS_INJECTION
2026-03-15,ART-1396,40.33,DEPOT NORD,EN_COURS_INJECTION
2026-04-05,ART-1617,797.57,ATELIER 1,EN_COURS_INJECTION
2026-03-05,ART-1056,1150.04,MAGASIN CENTRAL,EN_COURS_INJECTION
2026-02-28,ART-1391,914.19,ATELIER 1,EN_COURS_INJECTION
2026-01-05,ART-1771,1453.2,DEPOT A,EN_COURS_INJECTION
2026-01-31,ART-1732,264.11,DEPOT A,EN_COURS_INJECTION
2026-03-31,ART-1443,969.53,DEPOT B,EN_COURS_INJECTION
2026-04-30,ART-1381,828.78,ATELIER 1,EN_COURS_INJECTION
2026-01-31,ART-1127,944.27,ATELIER 1,EN_COURS_INJECTION
2026-03-31,ART-1108,949.7,DEPOT NORD,EN_COURS_INJECTION
2026-04-30,ART-1701,151.88,DEPOT B,EN_COURS_INJECTION
2026-04-30,ART-1146,738.32,MAGASIN CENTRAL,EN_COURS_INJECTION
2026-04-05,ART-1754,1467.44,ATELIER 1,EN_COURS_INJECTION
2026-03-15,ART-1641,158.62,MAGASIN CENTRAL,EN_COURS_INJECTION
2026-01-05,ART-1412,1038.16,DEPOT NORD,EN_COURS_INJECTION
2026-01-15,ART-1166,97.12,DEPOT A,EN_COURS_INJECTION
2026-03-31,ART-1228,325.58,MAGASIN CENTRAL,EN_COURS_INJECTION
2026-04-15,ART-1560,426.98,ATELIER 1,EN_COURS_INJECTION
2026-04-30,ART-1020,604.24,DEPOT NORD,EN_COURS_INJECTION
2026-04-05,ART-1707,134.63,DEPOT A,EN_COURS_INJECTION
2026-02-05,ART-1630,256.24,MAGASIN CENTRAL,EN_COURS_INJECTION
2026-02-15,ART-1683,1485.02,DEPOT NORD,EN_COURS_INJECTION
2026-04-30,ART-1667,1118.77,ATELIER 1,EN_COURS_INJECTION
2026-02-05,ART-1657,532.05,DEPOT A,EN_COURS_INJECTION
2026-01-15,ART-1371,657.88,MAGASIN CENTRAL,EN_COURS_INJECTION
2026-04-15,ART-1753,435.98,ATELIER 1,EN_COURS_INJECTION
2026-04-15,ART-1711,1055.79,DEPOT A,EN_COURS_INJECTION
2026-04-15,ART-1158,1187.29,MAGASIN CENTRAL,EN_COURS_INJECTION
2026-02-28,ART-1167,1443.85,MAGASIN CENTRAL,EN_COURS_INJECTION
2026-02-05,ART-1646,1122.76,ATELIER 1,EN_COURS_INJECTION
2026-04-15,ART-1646,546.14,DEPOT NORD,EN_COURS_INJECTION
2026-02-15,ART-1249,994.45,ATELIER 1,EN_COURS_INJECTION
2026-04-30,ART-1329,810.76,DEPOT NORD,EN_COURS_INJECTION
2026-03-31,ART-1229,611.73,ATELIER 1,EN_COURS_INJECTION
2026-02-28,ART-1279,15.09,DEPOT B,EN_COURS_INJECTION
2026-04-05,ART-1420,550.97,DEPOT A,EN_COURS_INJECTION
2026-04-15,ART-1229,939.17,ATELIER 1,EN_COURS_INJECTION
2026-02-28,ART-1160,1253.88,DEPOT A,EN_COURS_INJECTION
2026-03-15,ART-1767,766.9,ATELIER 1,EN_COURS_INJECTION
2026-03-05,ART-1113,942.6,DEPOT A,EN_COURS_INJECTION
2026-02-28,ART-1526,691.39,ATELIER 1,EN_COURS_INJECTION
2026-03-15,ART-1145,1191.16,ATELIER 1,EN_COURS_INJECTION
2026-03-15,ART-1339,512.95,MAGASIN CENTRAL,EN_COURS_INJECTION
2026-01-05,ART-1652,81.32,DEPOT A,EN_COURS_INJECTION
2026-01-15,ART-1041,613.43,MAGASIN CENTRAL,EN_COURS_INJECTION
2026-04-05,ART-1552,1486.5,ATELIER 1,EN_COURS_INJECTION
2026-01-15,ART-1695,339.41,DEPOT B,EN_COURS_INJECTION
2026-01-05,ART-1181,158.0,MAGASIN CENTRAL,EN_COURS_INJECTION
2026-02-15,ART-1356,1330.63,ATELIER 1,EN_COURS_INJECTION
2026-02-28,ART-1554,283.06,MAGASIN CENTRAL,EN_COURS_INJECTION
2026-01-31,ART-1097,111.55,ATELIER 1,EN_COURS_INJECTION
2026-04-15,ART-1573,156.4,ATELIER 1,EN_COURS_INJECTION
2026-01-31,ART-1686,922.37,DEPOT A,EN_COURS_INJECTION
2026-02-05,ART-1096,1035.02,DEPOT B,EN_COURS_INJECTION
2026-03-15,ART-1001,1156.43,DEPOT A,EN_COURS_INJECTION
2026-01-15,ART-1500,308.17,ATELIER 1,EN_COURS_INJECTION
2026-03-31,ART-1013,1151.24,DEPOT NORD,EN_COURS_INJECTION
2026-04-15,ART-1416,820.27,DEPOT NORD,EN_COURS_INJECTION
2026-02-15,ART-1273,79.45,DEPOT B,EN_COURS_INJECTION
2026-01-15,ART-1002,284.95,DEPOT NORD,EN_COURS_INJECTION
2026-01-15,ART-1506,304.16,DEPOT A,EN_COURS_INJECTION
2026-04-30,ART-1299,39.72,DEPOT B,EN_COURS_INJECTION
2026-03-15,ART-1204,731.94,DEPOT B,EN_COURS_INJECTION
2026-02-05,ART-1315,454.47,ATELIER 1,EN_COURS_INJECTION
2026-01-15,ART-1436,1070.95,ATELIER 1,EN_COURS_INJECTION
2026-04-15,ART-1225,349.37,MAGASIN CENTRAL,EN_COURS_INJECTION
2026-02-15,ART-1780,724.63,DEPOT A,EN_COURS_INJECTION
2026-03-15,ART-1627,624.25,DEPOT B,EN_COURS_INJECTION
2026-04-05,ART-1284,94.43,DEPOT B,EN_COURS_INJECTION
2026-03-15,ART-1433,427.68,DEPOT NORD,EN_COURS_INJECTION
2026-02-28,ART-1313,149.02,MAGASIN CENTRAL,EN_COURS_INJECTION
2026-01-15,ART-1487,571.43,MAGASIN CENTRAL,EN_COURS_INJECTION
2026-03-05,ART-1508,595.84,DEPOT A,EN_COURS_INJECTION
2026-03-15,ART-1588,917.0,DEPOT A,EN_COURS_INJECTION
2026-04-30,ART-1794,97.76,DEPOT A,EN_COURS_INJECTION
2026-01-31,ART-1563,1062.42,DEPOT B,EN_COURS_INJECTION
2026-02-28,ART-1361,251.42,MAGASIN CENTRAL,EN_COURS_INJECTION
2026-01-31,ART-1305,742.75,DEPOT NORD,EN_COURS_INJECTION
2026-04-15,ART-1336,589.33,MAGASIN CENTRAL,EN_COURS_INJECTION
2026-01-05,ART-1230,698.05,MAGASIN CENTRAL,EN_COURS_INJECTION
2026-02-15,ART-1619,274.19,ATELIER 1,EN_COURS_INJECTION
2026-04-15,ART-1291,751.92,DEPOT A,EN_COURS_INJECTION
2026-01-05,ART-1785,1381.65,ATELIER 1,EN_COURS_INJECTION
2026-02-05,ART-1506,1473.89,DEPOT B,EN_COURS_INJECTION
2026-03-05,ART-1376,1147.83,DEPOT A,EN_COURS_INJECTION
2026-01-31,ART-1308,1287.87,DEPOT NORD,EN_COURS_INJECTION
2026-04-30,ART-1570,805.79,DEPOT B,EN_COURS_INJECTION
2026-03-05,ART-1186,269.24,MAGASIN CENTRAL,EN_COURS_INJECTION
2026-02-15,ART-1758,1478.31,DEPOT A,EN_COURS_INJECTION
2026-01-31,ART-1787,747.52,ATELIER 1,EN_COURS_INJECTION
2026-03-05,ART-1784,414.55,DEPOT B,EN_COURS_INJECTION
2026-01-05,ART-1420,684.96,DEPOT NORD,EN_COURS_INJECTION
2026-02-15,ART-1015,150.7,DEPOT NORD,EN_COURS_INJECTION
2026-03-15,ART-1323,153.84,DEPOT A,EN_COURS_INJECTION
2026-02-28,ART-1266,1083.1,DEPOT NORD,EN_COURS_INJECTION
2026-01-15,ART-1176,190.31,DEPOT NORD,EN_COURS_INJECTION
2026-01-05,ART-1796,1222.16,MAGASIN CENTRAL,EN_COURS_INJECTION
2026-03-05,ART-1678,475.24,DEPOT NORD,EN_COURS_INJECTION
2026-03-31,ART-1146,1463.43,DEPOT A,EN_COURS_INJECTION
2026-04-05,ART-1766,901.19,ATELIER 1,EN_COURS_INJECTION
2026-03-31,ART-1542,1406.79,DEPOT B,EN_COURS_INJECTION
2026-04-05,ART-1664,572.0,MAGASIN CENTRAL,EN_COURS_INJECTION
2026-04-30,ART-1284,238.56,DEPOT A,EN_COURS_INJECTION
2026-01-31,ART-1038,507.67,ATELIER 1,EN_COURS_INJECTION
2026-01-31,ART-1751,1284.0,DEPOT A,EN_COURS_INJECTION
2026-03-15,ART-1726,855.18,DEPOT B,EN_COURS_INJECTION
2026-02-15,ART-1612,1311.51,ATELIER 1,EN_COURS_INJECTION
2026-04-15,ART-1459,19.39,DEPOT A,EN_COURS_INJECTION
2026-03-05,ART-1613,164.28,MAGASIN CENTRAL,EN_COURS_INJECTION
2026-01-05,ART-1295,940.41,ATELIER 1,EN_COURS_INJECTION
2026-01-15,ART-1043,963.18,DEPOT NORD,EN_COURS_INJECTION
2026-01-15,ART-1547,1087.05,DEPOT A,EN_COURS_INJECTION
2026-01-31,ART-1147,143.75,DEPOT B,EN_COURS_INJECTION
2026-03-31,ART-1081,126.71,MAGASIN CENTRAL,EN_COURS_INJECTION
2026-03-05,ART-1153,1152.3,DEPOT A,EN_COURS_INJECTION
2026-02-05,ART-1301,1399.23,MAGASIN CENTRAL,EN_COURS_INJECTION
2026-02-15,ART-1371,245.63,DEPOT B,EN_COURS_INJECTION
2026-03-05,ART-1216,1159.07,DEPOT B,EN_COURS_INJECTION
2026-01-15,ART-1408,1250.39,DEPOT A,EN_COURS_INJECTION
2026-02-28,ART-1013,1401.22,DEPOT NORD,EN_COURS_INJECTION
2026-01-15,ART-1661,1060.43,MAGASIN CENTRAL,EN_COURS_INJECTION
2026-03-31,ART-1568,614.31,MAGASIN CENTRAL,EN_COURS_INJECTION
2026-04-15,ART-1563,129.79,MAGASIN CENTRAL,EN_COURS_INJECTION
2026-01-05,ART-1406,807.88,MAGASIN CENTRAL,EN_COURS_INJECTION
2026-02-05,ART-1173,911.17,DEPOT A,EN_COURS_INJECTION
2026-01-31,ART-1621,420.49,ATELIER 1,EN_COURS_INJECTION
2026-02-28,ART-1549,407.6,ATELIER 1,EN_COURS_INJECTION
2026-03-15,ART-1646,973.74,DEPOT A,EN_COURS_INJECTION
2026-04-15,ART-1193,1287.88,MAGASIN CENTRAL,EN_COURS_INJECTION
2026-01-05,ART-1421,48.7,DEPOT B,EN_COURS_INJECTION
2026-01-05,ART-1206,1029.2,DEPOT B,EN_COURS_INJECTION
2026-02-15,ART-1276,286.75,DEPOT NORD,EN_COURS_INJECTION
2026-02-05,ART-1012,1439.74,DEPOT NORD,EN_COURS_INJECTION
2026-01-31,ART-1467,1405.63,DEPOT A,EN_COURS_INJECTION
2026-03-05,ART-1497,1422.26,DEPOT NORD,EN_COURS_INJECTION
2026-01-31,ART-1524,340.09,DEPOT NORD,EN_COURS_INJECTION
2026-03-05,ART-1645,0.0,DEPOT B,EN_COURS_INJECTION
2026-01-05,ART-1699,1061.77,DEPOT A,EN_COURS_INJECTION
2026-04-15,ART-1529,1489.12,DEPOT A,EN_COURS_INJECTION
2026-04-15,ART-1251,734.21,DEPOT A,EN_COURS_INJECTION
2026-04-15,ART-1754,1069.96,ATELIER 1,EN_COURS_INJECTION
2026-03-31,ART-1321,951.69,MAGASIN CENTRAL,EN_COURS_INJECTION
2026-01-31,ART-1118,,MAGASIN CENTRAL,EN_COURS_INJECTION
2026-02-28,ART-1504,362.2,ATELIER 1,EN_COURS_INJECTION
2026-03-05,ART-1545,654.92,ATELIER 1,EN_COURS_INJECTION
2026-03-05,ART-1654,142.24,MAGASIN CENTRAL,EN_COURS_INJECTION
2026-01-05,ART-1728,360.25,DEPOT NORD,EN_COURS_INJECTION
2026-02-28,ART-1120,909.61,MAGASIN CENTRAL,EN_COURS_INJECTION
2026-04-15,ART-1573,994.15,DEPOT A,EN_COURS_INJECTION
2026-04-05,ART-1148,1092.86,ATELIER 1,EN_COURS_INJECTION
2026-03-05,ART-1565,631.53,DEPOT B,EN_COURS_INJECTION
2026-03-15,ART-1270,788.64,DEPOT NORD,EN_COURS_INJECTION
2026-02-28,ART-1294,1030.66,DEPOT NORD,EN_COURS_INJECTION
2026-02-28,ART-1717,215.3,ATELIER 1,EN_COURS_INJECTION
2026-01-31,ART-1561,620.82,ATELIER 1,EN_COURS_INJECTION
2026-03-05,ART-1540,187.63,MAGASIN CENTRAL,EN_COURS_INJECTION
2026-04-30,ART-1019,363.77,DEPOT NORD,EN_COURS_INJECTION
2026-04-05,ART-1405,168.09,MAGASIN CENTRAL,EN_COURS_INJECTION
2026-04-15,ART-1232,613.11,DEPOT NORD,EN_COURS_INJECTION
2026-01-31,ART-1178,360.46,MAGASIN CENTRAL,EN_COURS_INJECTION
2026-02-05,ART-1320,89.96,DEPOT A,EN_COURS_INJECTION
2026-04-15,ART-1519,316.43,DEPOT NORD,EN_COURS_INJECTION
2026-04-15,ART-1699,1341.39,DEPOT NORD,EN_COURS_INJECTION
2026-04-15,ART-1695,998.62,DEPOT B,EN_COURS_INJECTION
2026-03-05,ART-1235,96.61,DEPOT A,EN_COURS_INJECTION
2026-01-31,ART-1679,354.78,DEPOT A,EN_COURS_INJECTION
2026-04-15,ART-1123,714.92,DEPOT NORD,EN_COURS_INJECTION
2026-02-28,ART-1041,428.77,DEPOT A,EN_COURS_INJECTION
2026-04-30,ART-1593,203.6,ATELIER 1,EN_COURS_INJECTION
2026-03-31,ART-1619,997.74,MAGASIN CENTRAL,EN_COURS_INJECTION
2026-01-15,ART-1314,290.31,DEPOT A,EN_COURS_INJECTION
2026-04-05,ART-1788,323.08,ATELIER 1,EN_COURS_INJECTION
2026-03-31,ART-1356,1290.18,DEPOT B,EN_COURS_INJECTION
2026-02-28,ART-1154,1061.48,DEPOT NORD,EN_COURS_INJECTION
2026-03-05,ART-1334,142.68,DEPOT NORD,EN_COURS_INJECTION
2026-02-15,ART-1096,1418.31,DEPOT A,EN_COURS_INJECTION
2026-01-05,ART-1330,108.43,MAGASIN CENTRAL,EN_COURS_INJECTION
2026-04-05,ART-1543,587.84,DEPOT B,EN_COURS_INJECTION
2026-01-15,ART-1266,1135.3,MAGASIN CENTRAL,EN_COURS_INJECTION
2026-03-31,ART-1404,83.71,DEPOT NORD,EN_COURS_INJECTION
2026-01-15,ART-1774,1420.51,MAGASIN CENTRAL,EN_COURS_INJECTION
2026-03-15,ART-1411,73.26,DEPOT A,EN_COURS_INJECTION
2026-01-05,ART-1683,1453.52,DEPOT A,EN_COURS_INJECTION
2026-01-15,ART-1776,236.97,DEPOT NORD,EN_COURS_INJECTION
2026-01-31,ART-1231,1272.61,DEPOT A,EN_COURS_INJECTION
2026-04-30,ART-1614,36.67,ATELIER 1,EN_COURS_INJECTION
2026-01-05,ART-1577,225.32,ATELIER 1,EN_COURS_INJECTION
2026-04-30,ART-1406,311.02,DEPOT A,EN_COURS_INJECTION
2026-04-15,ART-1068,34.77,MAGASIN CENTRAL,EN_COURS_INJECTION
2026-03-05,ART-1513,1429.82,ATELIER 1,EN_COURS_INJECTION
2026-04-30,ART-1354,646.15,DEPOT A,EN_COURS_INJECTION
2026-02-05,ART-1168,1003.0,DEPOT NORD,EN_COURS_INJECTION
2026-04-15,ART-1070,1014.42,ATELIER 1,EN_COURS_INJECTION
2026-02-28,ART-1379,993.06,DEPOT NORD,EN_COURS_INJECTION
2026-02-28,ART-1046,995.24,ATELIER 1,EN_COURS_INJECTION
2026-04-30,ART-1766,196.75,DEPOT B,EN_COURS_INJECTION
2026-04-05,ART-1241,426.93,DEPOT NORD,EN_COURS_INJECTION
2026-03-31,ART-1391,1261.69,DEPOT NORD,EN_COURS_INJECTION
2026-02-15,ART-1644,400.66,DEPOT B,EN_COURS_INJECTION
2026-02-05,ART-1367,80.2,ATELIER 1,EN_COURS_INJECTION
2026-04-15,ART-1225,540.56,DEPOT B,EN_COURS_INJECTION
2026-02-05,ART-1581,1406.82,MAGASIN CENTRAL,EN_COURS_INJECTION
2026-04-05,ART-1469,81.23,DEPOT NORD,EN_COURS_INJECTION
2026-01-31,ART-1496,270.85,DEPOT A,EN_COURS_INJECTION
2026-02-28,ART-1011,1222.98,MAGASIN CENTRAL,EN_COURS_INJECTION
2026-03-05,ART-1019,1390.64,DEPOT NORD,EN_COURS_INJECTION
2026-04-05,ART-1497,627.31,DEPOT NORD,EN_COURS_INJECTION
2026-02-28,ART-1441,916.93,DEPOT B,EN_COURS_INJECTION
2026-01-05,ART-1260,1114.91,DEPOT NORD,EN_COURS_INJECTION
2026-03-31,ART-1550,975.02,DEPOT B,EN_COURS_INJECTION
2026-04-30,ART-1282,1035.92,DEPOT A,EN_COURS_INJECTION
2026-02-15,ART-1527,1018.84,DEPOT NORD,EN_COURS_INJECTION
2026-02-28,ART-1432,1100.85,DEPOT NORD,EN_COURS_INJECTION
2026-01-31,ART-1392,31.57,ATELIER 1,EN_COURS_INJECTION
2026-01-31,ART-1734,682.6,MAGASIN CENTRAL,EN_COURS_INJECTION
2026-03-05,ART-1768,1031.12,DEPOT A,EN_COURS_INJECTION
2026-04-30,ART-1348,186.22,MAGASIN CENTRAL,EN_COURS_INJECTION
2026-04-05,ART-1701,1430.14,MAGASIN CENTRAL,EN_COURS_INJECTION
2026-04-30,ART-1787,971.13,,EN_COURS_INJECTION
2026-01-15,ART-1165,152.28,MAGASIN CENTRAL,EN_COURS_INJECTION
2026-01-31,ART-1015,396.66,ATELIER 1,EN_COURS_INJECTION
2026-03-05,ART-1471,209.41,MAGASIN CENTRAL,EN_COURS_INJECTION
2026-02-15,ART-1682,1483.73,ATELIER 1,EN_COURS_INJECTION
2026-04-15,ART-1221,1357.01,ATELIER 1,EN_COURS_INJECTION
2026-03-15,ART-1016,15.07,DEPOT B,EN_COURS_INJECTION
2026-04-05,ART-1256,923.45,DEPOT NORD,EN_COURS_INJECTION
2026-03-05,ART-1147,1199.85,ATELIER 1,EN_COURS_INJECTION
2026-03-15,ART-1734,594.49,DEPOT NORD,EN_COURS_INJECTION
2026-04-05,ART-1769,667.13,DEPOT NORD,EN_COURS_INJECTION
2026-02-05,ART-1064,189.89,MAGASIN CENTRAL,EN_COURS_INJECTION
2026-04-30,ART-1712,56.66,DEPOT NORD,EN_COURS_INJECTION
2026-04-05,ART-1454,922.58,MAGASIN CENTRAL,EN_COURS_INJECTION
2026-02-05,ART-1442,570.24,MAGASIN CENTRAL,EN_COURS_INJECTION
2026-01-05,ART-1732,1310.57,DEPOT NORD,EN_COURS_INJECTION
2026-03-05,ART-1206,1250.8,DEPOT B,EN_COURS_INJECTION
2026-03-15,ART-1726,330.18,MAGASIN CENTRAL,EN_COURS_INJECTION
2026-04-30,ART-1728,873.96,DEPOT NORD,EN_COURS_INJECTION
2026-04-30,ART-1091,1194.97,MAGASIN CENTRAL,EN_COURS_INJECTION
2026-04-05,ART-1249,203.79,DEPOT A,EN_COURS_INJECTION
2026-04-15,ART-1156,536.93,DEPOT A,EN_COURS_INJECTION
2026-01-31,ART-1711,205.74,MAGASIN CENTRAL,EN_COURS_INJECTION
2026-01-15,ART-1649,607.26,ATELIER 1,EN_COURS_INJECTION
2026-01-31,ART-1104,1265.23,DEPOT A,EN_COURS_INJECTION
2026-03-05,ART-1120,1146.13,MAGASIN CENTRAL,EN_COURS_INJECTION
2026-02-15,ART-1552,272.59,MAGASIN CENTRAL,EN_COURS_INJECTION
2026-02-28,ART-1442,452.88,ATELIER 1,EN_COURS_INJECTION
2026-03-05,ART-1434,521.82,DEPOT NORD,EN_COURS_INJECTION
2026-04-30,ART-1612,302.86,MAGASIN CENTRAL,EN_COURS_INJECTION
2026-04-15,ART-1438,802.19,DEPOT NORD,EN_COURS_INJECTION
2026-04-15,ART-1397,950.25,DEPOT B,EN_COURS_INJECTION
2026-01-05,ART-1080,1067.13,DEPOT B,EN_COURS_INJECTION
2026-01-05,ART-1600,882.41,DEPOT B,EN_COURS_INJECTION
2026-04-30,ART-1169,344.04,ATELIER 1,EN_COURS_INJECTION
2026-04-30,ART-1745,308.91,DEPOT B,EN_COURS_INJECTION
2026-02-15,ART-1101,240.01,ATELIER 1,EN_COURS_INJECTION
2026-03-31,ART-1181,51.21,ATELIER 1,EN_COURS_INJECTION
2026-04-30,ART-1313,1343.22,MAGASIN CENTRAL,EN_COURS_INJECTION
2026-04-05,ART-1691,1028.47,DEPOT NORD,EN_COURS_INJECTION
2026-01-05,ART-1509,256.48,MAGASIN CENTRAL,EN_COURS_INJECTION
2026-02-15,ART-1314,806.87,DEPOT NORD,EN_COURS_INJECTION
2026-02-28,ART-1212,75.24,DEPOT B,EN_COURS_INJECTION
2026-04-30,ART-1208,564.29,DEPOT B,EN_COURS_INJECTION
2026-01-05,ART-1035,613.68,MAGASIN CENTRAL,EN_COURS_INJECTION
2026-04-05,ART-1364,938.16,DEPOT B,EN_COURS_INJECTION
2026-04-05,ART-1493,1327.08,DEPOT NORD,EN_COURS_INJECTION
2026-01-05,ART-1787,65.43,DEPOT NORD,EN_COURS_INJECTION
2026-04-05,ART-1641,1305.13,DEPOT NORD,EN_COURS_INJECTION
2026-02-15,ART-1541,408.02,ATELIER 1,EN_COURS_INJECTION
2026-04-15,ART-1739,327.39,DEPOT A,EN_COURS_INJECTION
2026-03-31,ART-1152,1286.7,MAGASIN CENTRAL,EN_COURS_INJECTION
2026-01-15,ART-1569,960.74,DEPOT B,EN_COURS_INJECTION
2026-03-15,ART-1046,1349.88,DEPOT B,EN_COURS_INJECTION
2026-04-05,ART-1797,871.53,DEPOT B,EN_COURS_INJECTION
2026-03-15,ART-1287,1164.92,ATELIER 1,EN_COURS_INJECTION
2026-01-05,ART-1208,935.73,MAGASIN CENTRAL,EN_COURS_INJECTION
2026-02-15,ART-1471,1036.45,DEPOT NORD,EN_COURS_INJECTION
2026-01-31,ART-1392,255.69,DEPOT NORD,EN_COURS_INJECTION
2026-02-05,ART-1303,192.09,ATELIER 1,EN_COURS_INJECTION
2026-04-30,ART-1431,1167.71,DEPOT A,EN_COURS_INJECTION
2026-04-30,ART-1184,1074.85,DEPOT NORD,EN_COURS_INJECTION
2026-02-15,ART-1757,839.27,MAGASIN CENTRAL,EN_COURS_INJECTION
2026-01-05,ART-1204,10.94,ATELIER 1,EN_COURS_INJECTION
2026-03-31,ART-1150,1376.41,DEPOT B,EN_COURS_INJECTION
2026-03-15,ART-1781,1307.53,MAGASIN CENTRAL,EN_COURS_INJECTION
2026-02-05,ART-1600,759.74,DEPOT NORD,EN_COURS_INJECTION
2026-04-15,ART-1611,650.64,ATELIER 1,EN_COURS_INJECTION
2026-04-30,ART-1423,889.12,MAGASIN CENTRAL,EN_COURS_INJECTION
2026-02-28,ART-1269,939.02,,EN_COURS_INJECTION
2026-04-30,ART-1073,325.65,DEPOT NORD,EN_COURS_INJECTION
2026-01-15,ART-1774,888.21,DEPOT B,EN_COURS_INJECTION
2026-01-15,ART-1518,823.69,MAGASIN CENTRAL,EN_COURS_INJECTION
2026-04-05,ART-1531,200.3,MAGASIN CENTRAL,EN_COURS_INJECTION
2026-02-28,ART-1362,87.61,ATELIER 1,EN_COURS_INJECTION
2026-03-15,ART-1283,476.51,DEPOT B,EN_COURS_INJECTION
2026-02-15,ART-1017,993.71,DEPOT A,EN_COURS_INJECTION
2026-04-15,ART-1676,1375.78,ATELIER 1,EN_COURS_INJECTION
2026-02-15,ART-1281,1434.64,DEPOT NORD,EN_COURS_INJECTION
2026-02-05,ART-1447,806.43,MAGASIN CENTRAL,EN_COURS_INJECTION
2026-01-05,ART-1767,182.45,ATELIER 1,EN_COURS_INJECTION
2026-03-05,ART-1399,110.45,DEPOT A,EN_COURS_INJECTION
2026-04-30,ART-1058,485.43,DEPOT NORD,EN_COURS_INJECTION
2026-01-15,ART-1133,790.51,DEPOT NORD,EN_COURS_INJECTION
2026-04-30,ART-1775,317.41,DEPOT B,EN_COURS_INJECTION
2026-03-15,ART-1582,651.0,DEPOT A,EN_COURS_INJECTION
2026-02-15,ART-1244,1267.07,DEPOT B,EN_COURS_INJECTION
2026-01-31,ART-1659,725.81,DEPOT A,EN_COURS_INJECTION
2026-02-05,ART-1099,172.99,ATELIER 1,EN_COURS_INJECTION
2026-02-05,ART-1470,1419.14,DEPOT B,EN_COURS_INJECTION
2026-03-15,ART-1062,902.52,DEPOT A,EN_COURS_INJECTION
2026-02-05,ART-1254,278.94,DEPOT A,EN_COURS_INJECTION
2026-03-15,ART-1367,427.06,DEPOT B,EN_COURS_INJECTION
2026-01-05,ART-1193,653.0,DEPOT A,EN_COURS_INJECTION
2026-03-15,ART-1391,1034.02,DEPOT A,EN_COURS_INJECTION
2026-02-05,ART-1633,151.71,DEPOT NORD,EN_COURS_INJECTION
2026-04-05,ART-1247,534.79,MAGASIN CENTRAL,EN_COURS_INJECTION
2026-01-05,ART-1241,987.46,DEPOT B,EN_COURS_INJECTION
2026-02-05,ART-1778,311.79,ATELIER 1,EN_COURS_INJECTION
2026-02-15,ART-1407,999.91,MAGASIN CENTRAL,EN_COURS_INJECTION
2026-03-15,ART-1573,924.7,DEPOT A,EN_COURS_INJECTION
2026-04-05,ART-1499,1114.83,DEPOT B,EN_COURS_INJECTION
2026-02-15,ART-1446,645.79,MAGASIN CENTRAL,EN_COURS_INJECTION
2026-02-05,ART-1529,1142.27,MAGASIN CENTRAL,EN_COURS_INJECTION
2026-04-05,ART-1617,1028.04,DEPOT B,EN_COURS_INJECTION
2026-02-15,ART-1728,1322.0,DEPOT NORD,EN_COURS_INJECTION
2026-04-15,ART-1789,1259.17,DEPOT NORD,EN_COURS_INJECTION
2026-03-31,ART-1061,667.28,DEPOT B,EN_COURS_INJECTION
2026-04-05,ART-1177,1352.32,DEPOT NORD,EN_COURS_INJECTION
2026-01-31,ART-1152,742.61,DEPOT A,EN_COURS_INJECTION
2026-01-05,ART-1409,62.96,ATELIER 1,EN_COURS_INJECTION
2026-01-15,ART-1602,1281.08,MAGASIN CENTRAL,EN_COURS_INJECTION
2026-02-15,ART-1367,49.08,MAGASIN CENTRAL,EN_COURS_INJECTION
2026-02-15,ART-1480,189.23,DEPOT B,EN_COURS_INJECTION
2026-02-05,ART-1734,619.12,DEPOT B,EN_COURS_INJECTION
2026-03-15,ART-1748,359.19,DEPOT A,EN_COURS_INJECTION
2026-04-05,ART-1569,1486.51,DEPOT B,EN_COURS_INJECTION
2026-02-05,ART-1292,65.95,DEPOT A,EN_COURS_INJECTION
2026-04-30,ART-1648,1267.57,ATELIER 1,EN_COURS_INJECTION
2026-03-31,ART-1323,632.48,DEPOT NORD,EN_COURS_INJECTION
2026-01-15,ART-1373,352.75,DEPOT B,EN_COURS_INJECTION
2026-04-05,ART-1794,917.69,DEPOT A,EN_COURS_INJECTION
2026-03-15,ART-1316,853.53,DEPOT A,EN_COURS_INJECTION
2026-04-30,ART-1750,294.43,DEPOT A,EN_COURS_INJECTION
2026-04-15,ART-1074,928.45,DEPOT NORD,EN_COURS_INJECTION
2026-03-15,ART-1611,690.27,DEPOT B,EN_COURS_INJECTION
2026-01-05,ART-1468,79.4,DEPOT NORD,EN_COURS_INJECTION
2026-03-05,ART-1477,258.3,DEPOT A,EN_COURS_INJECTION
2026-04-30,ART-1582,1375.99,DEPOT A,EN_COURS_INJECTION
2026-02-15,ART-1192,150.01,MAGASIN CENTRAL,EN_COURS_INJECTION
2026-02-05,ART-1252,973.56,DEPOT A,EN_COURS_INJECTION
2026-02-05,ART-1665,1034.05,DEPOT NORD,EN_COURS_INJECTION
2026-01-31,ART-1754,472.13,MAGASIN CENTRAL,EN_COURS_INJECTION
2026-03-05,ART-1111,129.11,ATELIER 1,EN_COURS_INJECTION
2026-01-15,ART-1636,519.68,DEPOT A,EN_COURS_INJECTION
2026-03-05,ART-1712,1489.9,DEPOT A,EN_COURS_INJECTION
2026-04-05,ART-1756,22.5,DEPOT A,EN_COURS_INJECTION
2026-04-15,ART-1420,1374.66,MAGASIN CENTRAL,EN_COURS_INJECTION
2026-03-31,ART-1145,287.9,DEPOT A,EN_COURS_INJECTION
2026-03-31,ART-1276,1270.17,DEPOT A,EN_COURS_INJECTION
2026-01-31,ART-1086,388.78,DEPOT B,EN_COURS_INJECTION
2026-03-31,ART-1290,581.83,ATELIER 1,EN_COURS_INJECTION
2026-01-15,ART-1073,659.1,MAGASIN CENTRAL,EN_COURS_INJECTION
2026-04-15,ART-1487,745.23,,EN_COURS_INJECTION
2026-04-15,ART-1274,826.8,DEPOT A,EN_COURS_INJECTION
2026-01-31,ART-1004,1438.14,DEPOT NORD,EN_COURS_INJECTION
2026-02-15,ART-1293,270.47,ATELIER 1,EN_COURS_INJECTION
2026-03-05,ART-1575,582.07,DEPOT B,EN_COURS_INJECTION
2026-04-15,ART-1022,31.35,DEPOT NORD,EN_COURS_INJECTION
2026-02-05,ART-1345,1273.42,DEPOT NORD,EN_COURS_INJECTION
2026-04-30,ART-1706,1263.62,,EN_COURS_INJECTION
2026-03-15,ART-1032,1147.74,MAGASIN CENTRAL,EN_COURS_INJECTION
2026-02-05,ART-1348,850.38,,EN_COURS_INJECTION
2026-02-28,ART-1570,176.75,DEPOT B,EN_COURS_INJECTION
2026-01-31,ART-1645,808.74,ATELIER 1,EN_COURS_INJECTION
2026-03-15,ART-1413,613.05,DEPOT NORD,EN_COURS_INJECTION
2026-03-05,ART-1580,989.86,DEPOT A,EN_COURS_INJECTION
2026-04-15,ART-1464,735.66,DEPOT B,EN_COURS_INJECTION
2026-03-05,ART-1309,1370.11,ATELIER 1,EN_COURS_INJECTION
2026-02-05,ART-1537,743.6,DEPOT B,EN_COURS_INJECTION
2026-04-05,ART-1131,1266.93,MAGASIN CENTRAL,EN_COURS_INJECTION
2026-01-15,ART-1635,554.49,DEPOT NORD,EN_COURS_INJECTION
2026-04-30,ART-1624,56.51,DEPOT A,EN_COURS_INJECTION
2026-04-05,ART-1329,283.97,MAGASIN CENTRAL,EN_COURS_INJECTION
2026-02-28,ART-1161,428.36,DEPOT A,EN_COURS_INJECTION
2026-01-31,ART-1245,277.99,MAGASIN CENTRAL,EN_COURS_INJECTION
2026-01-05,ART-1714,438.97,DEPOT B,EN_COURS_INJECTION
2026-02-05,ART-1513,497.28,DEPOT NORD,EN_COURS_INJECTION
2026-04-30,ART-1347,132.02,DEPOT NORD,EN_COURS_INJECTION
2026-03-31,ART-1573,1045.71,DEPOT B,EN_COURS_INJECTION
2026-02-15,ART-1191,1131.02,DEPOT A,EN_COURS_INJECTION
2026-04-30,ART-1110,1093.77,DEPOT A,EN_COURS_INJECTION
2026-04-05,ART-1045,1252.97,DEPOT B,EN_COURS_INJECTION
2026-03-31,ART-1149,583.4,DEPOT B,EN_COURS_INJECTION
2026-01-15,ART-1283,319.06,ATELIER 1,EN_COURS_INJECTION
2026-04-15,ART-1026,1284.85,ATELIER 1,EN_COURS_INJECTION
2026-03-05,ART-1348,1244.51,,EN_COURS_INJECTION
2026-03-31,ART-1504,29.57,DEPOT NORD,EN_COURS_INJECTION
2026-03-05,ART-1540,375.14,DEPOT A,EN_COURS_INJECTION
2026-01-31,ART-1212,1366.15,DEPOT NORD,EN_COURS_INJECTION
2026-03-05,ART-1321,191.51,DEPOT NORD,EN_COURS_INJECTION
2026-01-15,ART-1498,0.0,DEPOT NORD,EN_COURS_INJECTION
2026-04-05,ART-1493,739.69,MAGASIN CENTRAL,EN_COURS_INJECTION
2026-01-31,ART-1581,133.2,DEPOT A,EN_COURS_INJECTION
2026-02-05,ART-1489,768.86,DEPOT A,EN_COURS_INJECTION
2026-03-15,ART-1678,595.65,MAGASIN CENTRAL,EN_COURS_INJECTION
2026-02-05,ART-1719,213.55,DEPOT A,EN_COURS_INJECTION
2026-04-05,ART-1444,249.16,MAGASIN CENTRAL,EN_COURS_INJECTION
2026-02-15,ART-1018,482.13,DEPOT B,EN_COURS_INJECTION
2026-02-05,ART-1796,724.08,ATELIER 1,EN_COURS_INJECTION
2026-04-30,ART-1201,571.85,DEPOT B,EN_COURS_INJECTION
2026-02-05,ART-1537,424.18,DEPOT A,EN_COURS_INJECTION
2026-04-15,ART-1145,1045.42,MAGASIN CENTRAL,EN_COURS_INJECTION
2026-03-15,ART-1564,1200.73,ATELIER 1,EN_COURS_INJECTION
2026-04-30,ART-1368,1226.43,DEPOT NORD,EN_COURS_INJECTION
2026-01-15,ART-1465,417.08,DEPOT NORD,EN_COURS_INJECTION
2026-03-05,ART-1317,1372.3,DEPOT A,EN_COURS_INJECTION
2026-01-15,ART-1408,1449.92,DEPOT NORD,EN_COURS_INJECTION
2026-04-30,ART-1054,1128.29,DEPOT NORD,EN_COURS_INJECTION
2026-04-30,ART-1267,905.79,MAGASIN CENTRAL,EN_COURS_INJECTION
2026-02-15,ART-1639,1388.4,DEPOT NORD,EN_COURS_INJECTION
2026-01-05,ART-1792,1242.67,ATELIER 1,EN_COURS_INJECTION
2026-04-30,ART-1487,1394.48,DEPOT B,EN_COURS_INJECTION
2026-02-05,ART-1440,796.95,DEPOT B,EN_COURS_INJECTION
2026-04-30,ART-1114,567.01,ATELIER 1,EN_COURS_INJECTION
2026-03-05,ART-1214,1294.43,MAGASIN CENTRAL,EN_COURS_INJECTION
2026-01-31,ART-1576,669.93,DEPOT B,EN_COURS_INJECTION
2026-02-15,ART-1022,475.86,DEPOT B,EN_COURS_INJECTION
2026-02-05,ART-1017,532.58,ATELIER 1,EN_COURS_INJECTION
2026-04-05,ART-1332,23.38,DEPOT A,EN_COURS_INJECTION
2026-01-31,ART-1272,663.66,DEPOT B,EN_COURS_INJECTION
2026-04-05,ART-1206,504.62,ATELIER 1,EN_COURS_INJECTION
2026-03-15,ART-1348,128.35,DEPOT A,EN_COURS_INJECTION
2026-04-05,ART-1538,1387.54,DEPOT A,EN_COURS_INJECTION
2026-04-05,ART-1319,1117.24,DEPOT A,EN_COURS_INJECTION
2026-03-31,ART-1326,568.83,DEPOT B,EN_COURS_INJECTION
2026-02-15,ART-1050,1472.92,DEPOT NORD,EN_COURS_INJECTION
2026-02-05,ART-1232,501.93,DEPOT B,EN_COURS_INJECTION
2026-03-31,ART-1113,232.27,MAGASIN CENTRAL,EN_COURS_INJECTION
2026-04-30,ART-1632,514.14,MAGASIN CENTRAL,EN_COURS_INJECTION
2026-01-31,ART-1781,407.6,DEPOT B,EN_COURS_INJECTION
2026-01-31,ART-1019,939.93,DEPOT B,EN_COURS_INJECTION
2026-01-31,ART-1695,526.95,DEPOT B,EN_COURS_INJECTION
2026-04-30,ART-1482,563.18,DEPOT NORD,EN_COURS_INJECTION
2026-02-05,ART-1533,1271.6,ATELIER 1,EN_COURS_INJECTION
2026-02-15,ART-1032,965.8,DEPOT B,EN_COURS_INJECTION
2026-02-05,ART-1344,500.59,MAGASIN CENTRAL,EN_COURS_INJECTION
2026-02-15,ART-1338,610.83,ATELIER 1,EN_COURS_INJECTION
2026-02-05,ART-1090,135.82,DEPOT A,EN_COURS_INJECTION
2026-04-30,ART-1301,1409.13,ATELIER 1,EN_COURS_INJECTION
2026-04-15,ART-1222,651.44,ATELIER 1,EN_COURS_INJECTION
2026-03-15,ART-1221,579.39,DEPOT B,EN_COURS_INJECTION
2026-03-05,ART-1348,675.99,MAGASIN CENTRAL,EN_COURS_INJECTION
2026-03-31,ART-1454,161.16,DEPOT NORD,EN_COURS_INJECTION
2026-03-15,ART-1151,1244.7,MAGASIN CENTRAL,EN_COURS_INJECTION
2026-01-31,ART-1799,1469.6,DEPOT NORD,EN_COURS_INJECTION
2026-03-31,ART-1494,810.85,ATELIER 1,EN_COURS_INJECTION
2026-04-15,ART-1311,606.19,DEPOT A,EN_COURS_INJECTION
2026-04-30,ART-1600,104.12,ATELIER 1,EN_COURS_INJECTION
2026-01-31,ART-1787,525.75,DEPOT NORD,EN_COURS_INJECTION
2026-03-15,ART-1485,643.11,DEPOT NORD,EN_COURS_INJECTION
2026-02-05,ART-1398,731.04,DEPOT B,EN_COURS_INJECTION
2026-02-05,ART-1186,806.37,ATELIER 1,EN_COURS_INJECTION
2026-02-15,ART-1722,132.11,ATELIER 1,EN_COURS_INJECTION
2026-02-15,ART-1420,861.19,DEPOT A,EN_COURS_INJECTION
2026-03-31,ART-1386,1095.76,DEPOT A,EN_COURS_INJECTION
2026-01-31,ART-1204,8.08,DEPOT B,EN_COURS_INJECTION
2026-01-31,ART-1424,65.37,MAGASIN CENTRAL,EN_COURS_INJECTION
2026-02-28,ART-1230,35.74,MAGASIN CENTRAL,EN_COURS_INJECTION
2026-02-05,ART-1280,934.56,MAGASIN CENTRAL,EN_COURS_INJECTION
2026-02-15,ART-1554,972.02,DEPOT A,EN_COURS_INJECTION
2026-03-05,ART-1396,897.19,DEPOT A,EN_COURS_INJECTION
2026-02-28,ART-1776,643.35,DEPOT B,EN_COURS_INJECTION
2026-04-30,ART-1345,183.31,ATELIER 1,EN_COURS_INJECTION
2026-03-05,ART-1022,1400.64,ATELIER 1,EN_COURS_INJECTION
2026-02-28,ART-1011,740.82,MAGASIN CENTRAL,EN_COURS_INJECTION
2026-01-05,ART-1166,230.03,MAGASIN CENTRAL,EN_COURS_INJECTION
2026-03-05,ART-1109,151.13,DEPOT A,EN_COURS_INJECTION
2026-04-30,ART-1363,476.44,DEPOT NORD,EN_COURS_INJECTION
2026-04-05,ART-1126,741.87,DEPOT NORD,EN_COURS_INJECTION
2026-02-05,ART-1219,768.42,MAGASIN CENTRAL,EN_COURS_INJECTION
2026-04-30,ART-1721,1492.27,DEPOT NORD,EN_COURS_INJECTION
2026-03-15,ART-1671,556.84,DEPOT B,EN_COURS_INJECTION
2026-01-05,ART-1237,299.96,DEPOT NORD,EN_COURS_INJECTION
2026-03-15,ART-1512,124.18,ATELIER 1,EN_COURS_INJECTION
2026-03-15,ART-1408,696.65,ATELIER 1,EN_COURS_INJECTION
2026-04-15,ART-1214,1135.33,DEPOT B,EN_COURS_INJECTION
2026-01-15,ART-1340,1043.77,DEPOT A,EN_COURS_INJECTION
2026-04-30,ART-1369,1237.82,DEPOT A,EN_COURS_INJECTION
2026-01-05,ART-1051,836.43,DEPOT A,EN_COURS_INJECTION
2026-03-05,ART-1740,16.11,DEPOT A,EN_COURS_INJECTION
2026-01-31,ART-1335,758.33,ATELIER 1,EN_COURS_INJECTION
2026-04-30,ART-1407,110.47,DEPOT A,EN_COURS_INJECTION
2026-04-15,ART-1502,848.58,MAGASIN CENTRAL,EN_COURS_INJECTION
2026-01-15,ART-1198,533.78,DEPOT NORD,EN_COURS_INJECTION
2026-04-05,ART-1008,69.13,ATELIER 1,EN_COURS_INJECTION
2026-04-05,ART-1599,530.88,MAGASIN CENTRAL,EN_COURS_INJECTION
2026-04-30,ART-1132,264.64,DEPOT A,EN_COURS_INJECTION
2026-04-15,ART-1327,1123.34,DEPOT A,EN_COURS_INJECTION
2026-03-05,ART-1740,1374.86,DEPOT NORD,EN_COURS_INJECTION
2026-03-31,ART-1336,960.48,MAGASIN CENTRAL,EN_COURS_INJECTION
2026-04-05,ART-1328,120.95,ATELIER 1,EN_COURS_INJECTION
2026-01-31,ART-1384,45.59,ATELIER 1,EN_COURS_INJECTION
2026-01-15,ART-1291,794.12,DEPOT NORD,EN_COURS_INJECTION
2026-02-28,ART-1255,760.71,ATELIER 1,EN_COURS_INJECTION
2026-04-05,ART-1421,337.17,MAGASIN CENTRAL,EN_COURS_INJECTION
2026-01-05,ART-1333,694.97,DEPOT NORD,EN_COURS_INJECTION
2026-01-31,ART-1515,1087.4,ATELIER 1,EN_COURS_INJECTION
2026-01-15,ART-1167,414.36,DEPOT A,EN_COURS_INJECTION
2026-04-15,ART-1280,299.56,ATELIER 1,EN_COURS_INJECTION
2026-01-15,ART-1745,518.64,DEPOT B,EN_COURS_INJECTION
2026-04-15,ART-1381,90.34,ATELIER 1,EN_COURS_INJECTION
2026-04-30,ART-1441,1422.88,MAGASIN CENTRAL,EN_COURS_INJECTION
2026-03-15,ART-1195,12.74,DEPOT B,EN_COURS_INJECTION
2026-03-15,ART-1134,1060.49,DEPOT B,EN_COURS_INJECTION
2026-03-31,ART-1199,599.09,DEPOT A,EN_COURS_INJECTION
2026-02-15,ART-1085,235.56,DEPOT B,EN_COURS_INJECTION
2026-01-31,ART-1701,195.67,DEPOT A,EN_COURS_INJECTION
2026-01-15,ART-1032,1080.32,ATELIER 1,EN_COURS_INJECTION
2026-04-05,ART-1798,203.38,DEPOT B,EN_COURS_INJECTION
2026-01-05,ART-1293,1240.05,DEPOT B,EN_COURS_INJECTION
2026-02-15,ART-1009,241.24,DEPOT B,EN_COURS_INJECTION
2026-04-15,ART-1103,920.6,DEPOT A,EN_COURS_INJECTION
2026-02-15,ART-1431,43.06,DEPOT NORD,EN_COURS_INJECTION
2026-04-30,ART-1165,1222.32,DEPOT NORD,EN_COURS_INJECTION
2026-04-05,ART-1561,1024.7,DEPOT A,EN_COURS_INJECTION
2026-02-28,ART-1337,533.43,MAGASIN CENTRAL,EN_COURS_INJECTION
2026-01-05,ART-1464,1041.91,MAGASIN CENTRAL,EN_COURS_INJECTION
2026-02-15,ART-1234,334.75,MAGASIN CENTRAL,EN_COURS_INJECTION
2026-03-31,ART-1076,56.53,ATELIER 1,EN_COURS_INJECTION
2026-01-15,ART-1026,1169.24,DEPOT NORD,EN_COURS_INJECTION
2026-03-05,ART-1326,275.11,DEPOT NORD,EN_COURS_INJECTION
2026-02-15,ART-1216,317.6,DEPOT NORD,EN_COURS_INJECTION
2026-03-15,ART-1505,1462.0,ATELIER 1,EN_COURS_INJECTION
2026-04-15,ART-1240,99.96,DEPOT NORD,EN_COURS_INJECTION
2026-03-05,ART-1696,1029.45,MAGASIN CENTRAL,EN_COURS_INJECTION
2026-04-30,ART-1004,1116.43,DEPOT A,EN_COURS_INJECTION
2026-02-28,ART-1610,1291.68,ATELIER 1,EN_COURS_INJECTION
2026-01-05,ART-1605,655.17,DEPOT NORD,EN_COURS_INJECTION
2026-03-31,ART-1070,1292.35,DEPOT A,EN_COURS_INJECTION
2026-04-30,ART-1082,1170.84,DEPOT NORD,EN_COURS_INJECTION
2026-01-05,ART-1453,1276.29,ATELIER 1,EN_COURS_INJECTION
2026-04-05,ART-1626,617.65,DEPOT A,EN_COURS_INJECTION
2026-02-28,ART-1299,1218.42,DEPOT NORD,EN_COURS_INJECTION
2026-03-05,ART-1361,905.16,ATELIER 1,EN_COURS_INJECTION
2026-04-30,ART-1444,448.32,MAGASIN CENTRAL,EN_COURS_INJECTION
2026-04-15,ART-1301,1498.1,DEPOT B,EN_COURS_INJECTION
2026-04-05,ART-1230,327.87,DEPOT B,EN_COURS_INJECTION
2026-04-15,ART-1021,30.18,DEPOT B,EN_COURS_INJECTION
2026-02-28,ART-1172,216.17,DEPOT B,EN_COURS_INJECTION
2026-02-05,ART-1197,147.44,MAGASIN CENTRAL,EN_COURS_INJECTION
2026-03-31,ART-1596,940.56,DEPOT A,EN_COURS_INJECTION
2026-03-31,ART-1798,1015.72,DEPOT A,EN_COURS_INJECTION
2026-03-05,ART-1076,127.16,MAGASIN CENTRAL,EN_COURS_INJECTION
2026-03-15,ART-1167,609.84,ATELIER 1,EN_COURS_INJECTION
2026-04-15,ART-1796,445.87,MAGASIN CENTRAL,EN_COURS_INJECTION
2026-04-15,ART-1200,1393.48,MAGASIN CENTRAL,EN_COURS_INJECTION
2026-01-05,ART-1482,993.42,ATELIER 1,EN_COURS_INJECTION
2026-03-31,ART-1280,412.15,DEPOT A,EN_COURS_INJECTION
2026-03-15,ART-1225,1330.86,MAGASIN CENTRAL,EN_COURS_INJECTION
2026-03-31,ART-1003,901.49,ATELIER 1,EN_COURS_INJECTION
2026-01-15,ART-1058,84.57,DEPOT NORD,EN_COURS_INJECTION
2026-04-30,ART-1467,373.88,DEPOT A,EN_COURS_INJECTION
2026-02-15,ART-1791,1041.22,DEPOT NORD,EN_COURS_INJECTION
2026-02-05,ART-1760,430.08,MAGASIN CENTRAL,EN_COURS_INJECTION
2026-03-05,ART-1245,491.37,MAGASIN CENTRAL,EN_COURS_INJECTION
2026-03-05,ART-1604,582.95,ATELIER 1,EN_COURS_INJECTION
2026-03-31,ART-1549,1381.14,ATELIER 1,EN_COURS_INJECTION
2026-04-15,ART-1217,1010.94,DEPOT A,EN_COURS_INJECTION
2026-01-05,ART-1352,733.09,DEPOT B,EN_COURS_INJECTION
2026-02-15,ART-1618,906.61,DEPOT NORD,EN_COURS_INJECTION
2026-01-15,ART-1099,533.28,DEPOT NORD,EN_COURS_INJECTION
2026-01-05,ART-1092,68.65,ATELIER 1,EN_COURS_INJECTION
2026-04-30,ART-1560,304.41,DEPOT A,EN_COURS_INJECTION
2026-04-15,ART-1164,378.84,DEPOT A,EN_COURS_INJECTION
2026-01-15,ART-1575,314.85,DEPOT A,EN_COURS_INJECTION
2026-02-05,ART-1424,971.22,ATELIER 1,EN_COURS_INJECTION
2026-04-30,ART-1697,557.49,DEPOT NORD,EN_COURS_INJECTION
2026-02-05,ART-1382,1153.51,DEPOT A,EN_COURS_INJECTION
2026-03-31,ART-1276,74.65,ATELIER 1,EN_COURS_INJECTION
2026-02-05,ART-1592,428.31,MAGASIN CENTRAL,EN_COURS_INJECTION
2026-04-05,ART-1535,420.0,DEPOT A,EN_COURS_INJECTION
2026-01-15,ART-1607,1225.09,DEPOT B,EN_COURS_INJECTION
2026-03-05,ART-1512,260.28,ATELIER 1,EN_COURS_INJECTION
2026-01-31,ART-1190,1358.46,DEPOT B,EN_COURS_INJECTION
2026-04-15,ART-1385,435.32,MAGASIN CENTRAL,EN_COURS_INJECTION
2026-03-05,ART-1340,832.66,ATELIER 1,EN_COURS_INJECTION
2026-04-05,ART-1198,29.9,DEPOT B,EN_COURS_INJECTION
2026-04-15,ART-1164,636.87,DEPOT B,EN_COURS_INJECTION
2026-02-15,ART-1101,1380.69,DEPOT B,EN_COURS_INJECTION
2026-03-15,ART-1389,1485.56,ATELIER 1,EN_COURS_INJECTION
2026-03-31,ART-1058,1371.56,ATELIER 1,EN_COURS_INJECTION
2026-02-05,ART-1748,396.67,ATELIER 1,EN_COURS_INJECTION
2026-03-05,ART-1720,1156.62,MAGASIN CENTRAL,EN_COURS_INJECTION
2026-04-05,ART-1635,1454.67,DEPOT NORD,EN_COURS_INJECTION
2026-01-05,ART-1101,601.09,DEPOT B,EN_COURS_INJECTION
2026-04-05,ART-1384,1162.49,DEPOT B,EN_COURS_INJECTION
2026-03-31,ART-1018,1384.55,DEPOT NORD,EN_COURS_INJECTION
2026-02-15,ART-1096,1382.8,DEPOT NORD,EN_COURS_INJECTION
2026-04-05,ART-1558,635.63,MAGASIN CENTRAL,EN_COURS_INJECTION
2026-02-05,ART-1650,1096.27,ATELIER 1,EN_COURS_INJECTION
2026-04-05,ART-1095,988.44,DEPOT A,EN_COURS_INJECTION
2026-04-30,ART-1383,87.02,ATELIER 1,EN_COURS_INJECTION
2026-03-31,ART-1651,1031.83,ATELIER 1,EN_COURS_INJECTION
2026-01-05,ART-1598,257.28,DEPOT A,EN_COURS_INJECTION
2026-04-05,ART-1667,30.54,MAGASIN CENTRAL,EN_COURS_INJECTION
2026-03-05,ART-1105,291.53,DEPOT B,EN_COURS_INJECTION
2026-01-31,ART-1089,1366.3,DEPOT A,EN_COURS_INJECTION
2026-02-28,ART-1509,386.22,DEPOT A,EN_COURS_INJECTION
2026-01-15,ART-1458,1077.09,MAGASIN CENTRAL,EN_COURS_INJECTION
2026-01-31,ART-1547,1361.73,DEPOT B,EN_COURS_INJECTION
2026-04-30,ART-1738,84.98,ATELIER 1,EN_COURS_INJECTION
2026-04-30,ART-1069,332.99,ATELIER 1,EN_COURS_INJECTION
2026-03-31,ART-1601,1087.88,DEPOT NORD,EN_COURS_INJECTION
2026-03-05,ART-1021,85.7,ATELIER 1,EN_COURS_INJECTION
2026-01-05,ART-1295,257.01,DEPOT B,EN_COURS_INJECTION
2026-01-05,ART-1097,423.53,MAGASIN CENTRAL,EN_COURS_INJECTION
2026-03-31,ART-1425,706.39,ATELIER 1,EN_COURS_INJECTION
2026-03-15,ART-1141,8.05,DEPOT NORD,EN_COURS_INJECTION
2026-01-05,ART-1241,1442.56,MAGASIN CENTRAL,EN_COURS_INJECTION
2026-02-28,ART-1710,1471.57,,EN_COURS_INJECTION
2026-01-05,ART-1509,857.31,MAGASIN CENTRAL,EN_COURS_INJECTION
2026-04-05,ART-1736,1277.57,ATELIER 1,EN_COURS_INJECTION
2026-02-28,ART-1256,1129.08,DEPOT B,EN_COURS_INJECTION
2026-02-15,ART-1624,1214.77,DEPOT NORD,EN_COURS_INJECTION
2026-01-05,ART-1449,667.74,DEPOT A,EN_COURS_INJECTION
2026-04-30,ART-1152,855.58,MAGASIN CENTRAL,EN_COURS_INJECTION
2026-04-05,ART-1204,974.1,ATELIER 1,EN_COURS_INJECTION
2026-03-05,ART-1212,747.03,DEPOT NORD,EN_COURS_INJECTION
2026-04-30,ART-1700,487.74,MAGASIN CENTRAL,EN_COURS_INJECTION
2026-01-15,ART-1200,193.79,ATELIER 1,EN_COURS_INJECTION
2026-04-05,ART-1221,159.5,DEPOT NORD,EN_COURS_INJECTION
2026-04-05,ART-1474,1352.98,DEPOT B,EN_COURS_INJECTION
2026-01-15,ART-1710,986.41,DEPOT B,EN_COURS_INJECTION
2026-04-05,ART-1039,523.04,DEPOT A,EN_COURS_INJECTION
2026-03-15,ART-1160,1200.27,DEPOT NORD,EN_COURS_INJECTION
2026-02-05,ART-1173,1322.27,DEPOT NORD,EN_COURS_INJECTION
2026-01-05,ART-1798,292.56,ATELIER 1,EN_COURS_INJECTION
2026-01-05,ART-1776,209.75,DEPOT A,EN_COURS_INJECTION
2026-02-05,ART-1510,739.94,ATELIER 1,EN_COURS_INJECTION
2026-02-28,ART-1223,1196.89,DEPOT NORD,EN_COURS_INJECTION
2026-01-05,ART-1071,823.36,DEPOT B,EN_COURS_INJECTION
2026-02-05,ART-1015,514.23,MAGASIN CENTRAL,EN_COURS_INJECTION
2026-03-15,ART-1466,1109.1,DEPOT A,EN_COURS_INJECTION
2026-03-15,ART-1782,1029.01,DEPOT NORD,EN_COURS_INJECTION
2026-01-05,ART-1296,711.69,DEPOT B,EN_COURS_INJECTION
2026-02-28,ART-1690,764.5,DEPOT A,EN_COURS_INJECTION
2026-01-05,ART-1102,1358.77,DEPOT NORD,EN_COURS_INJECTION
2026-04-05,ART-1058,515.75,ATELIER 1,EN_COURS_INJECTION
2026-01-15,ART-1297,870.91,DEPOT A,EN_COURS_INJECTION
2026-01-15,ART-1067,506.65,DEPOT B,EN_COURS_INJECTION
2026-03-31,ART-1468,1395.48,DEPOT NORD,EN_COURS_INJECTION
2026-04-15,ART-1207,1457.61,DEPOT B,EN_COURS_INJECTION
2026-03-05,ART-1638,167.37,DEPOT NORD,EN_COURS_INJECTION
2026-04-05,ART-1533,1291.25,DEPOT A,EN_COURS_INJECTION
2026-02-28,ART-1526,870.77,DEPOT NORD,EN_COURS_INJECTION
2026-03-05,ART-1430,42.23,ATELIER 1,EN_COURS_INJECTION
2026-04-30,ART-1690,225.88,DEPOT B,EN_COURS_INJECTION
2026-04-30,ART-1133,1248.7,MAGASIN CENTRAL,EN_COURS_INJECTION
2026-04-05,ART-1669,705.85,DEPOT NORD,EN_COURS_INJECTION
2026-04-15,ART-1264,1281.54,DEPOT A,EN_COURS_INJECTION
2026-03-05,ART-1218,211.36,DEPOT B,EN_COURS_INJECTION
2026-03-15,ART-1144,1293.0,DEPOT B,EN_COURS_INJECTION
2026-02-15,ART-1722,747.37,ATELIER 1,EN_COURS_INJECTION
2026-03-15,ART-1194,937.22,DEPOT NORD,EN_COURS_INJECTION
2026-03-15,ART-1127,1432.55,DEPOT B,EN_COURS_INJECTION
2026-01-15,ART-1540,369.26,DEPOT B,EN_COURS_INJECTION
2026-02-28,ART-1749,452.44,DEPOT B,EN_COURS_INJECTION
2026-04-05,ART-1559,53.88,ATELIER 1,EN_COURS_INJECTION
2026-03-15,ART-1083,212.32,ATELIER 1,EN_COURS_INJECTION
2026-04-30,ART-1202,246.13,DEPOT NORD,EN_COURS_INJECTION
2026-01-31,ART-1607,1305.68,MAGASIN CENTRAL,EN_COURS_INJECTION
2026-01-15,ART-1304,1261.6,ATELIER 1,EN_COURS_INJECTION
2026-02-05,ART-1660,1261.98,DEPOT NORD,EN_COURS_INJECTION
2026-02-28,ART-1711,1236.0,MAGASIN CENTRAL,EN_COURS_INJECTION
2026-03-05,ART-1067,1191.44,DEPOT B,EN_COURS_INJECTION
2026-03-15,ART-1421,414.9,DEPOT B,EN_COURS_INJECTION
2026-03-15,ART-1533,777.19,DEPOT NORD,EN_COURS_INJECTION
2026-03-05,ART-1740,81.67,MAGASIN CENTRAL,EN_COURS_INJECTION
2026-03-05,ART-1311,897.88,DEPOT B,EN_COURS_INJECTION
2026-01-15,ART-1145,402.52,DEPOT A,EN_COURS_INJECTION
2026-03-15,ART-1276,1104.59,MAGASIN CENTRAL,EN_COURS_INJECTION
2026-02-15,ART-1678,546.73,DEPOT NORD,EN_COURS_INJECTION
2026-04-30,ART-1715,351.03,DEPOT A,EN_COURS_INJECTION
2026-01-05,ART-1717,879.87,DEPOT NORD,EN_COURS_INJECTION
2026-03-05,ART-1220,1106.53,DEPOT A,EN_COURS_INJECTION
2026-03-15,ART-1379,233.43,DEPOT B,EN_COURS_INJECTION
2026-04-05,ART-1125,827.98,DEPOT NORD,EN_COURS_INJECTION
2026-03-31,ART-1493,318.61,MAGASIN CENTRAL,EN_COURS_INJECTION
2026-02-15,ART-1250,211.95,MAGASIN CENTRAL,EN_COURS_INJECTION
2026-02-05,ART-1184,191.09,DEPOT NORD,EN_COURS_INJECTION
2026-03-31,ART-1102,1397.8,ATELIER 1,EN_COURS_INJECTION
2026-04-05,ART-1041,921.52,DEPOT B,EN_COURS_INJECTION
2026-02-28,ART-1722,683.7,ATELIER 1,EN_COURS_INJECTION
2026-03-15,ART-1569,305.02,DEPOT A,EN_COURS_INJECTION
2026-03-31,ART-1791,727.24,MAGASIN CENTRAL,EN_COURS_INJECTION
2026-03-05,ART-1170,453.95,MAGASIN CENTRAL,EN_COURS_INJECTION
2026-03-31,ART-1210,854.49,DEPOT B,EN_COURS_INJECTION
2026-04-05,ART-1781,,MAGASIN CENTRAL,EN_COURS_INJECTION
2026-02-15,ART-1415,975.65,ATELIER 1,EN_COURS_INJECTION
2026-03-15,ART-1180,113.59,ATELIER 1,EN_COURS_INJECTION
2026-02-28,ART-1145,306.89,DEPOT B,EN_COURS_INJECTION
2026-01-31,ART-1428,375.42,DEPOT B,EN_COURS_INJECTION
2026-01-05,ART-1163,721.8,ATELIER 1,EN_COURS_INJECTION
2026-03-05,ART-1551,1204.96,DEPOT A,EN_COURS_INJECTION
2026-03-31,ART-1644,1324.08,MAGASIN CENTRAL,EN_COURS_INJECTION
2026-03-31,ART-1340,898.27,MAGASIN CENTRAL,EN_COURS_INJECTION
2026-04-05,ART-1164,544.47,DEPOT B,EN_COURS_INJECTION
2026-03-05,ART-1378,199.37,MAGASIN CENTRAL,EN_COURS_INJECTION
2026-03-05,ART-1698,529.04,MAGASIN CENTRAL,EN_COURS_INJECTION
2026-01-05,ART-1295,642.14,MAGASIN CENTRAL,EN_COURS_INJECTION
2026-01-31,ART-1503,1141.94,DEPOT A,EN_COURS_INJECTION
2026-01-05,ART-1218,117.64,MAGASIN CENTRAL,EN_COURS_INJECTION
2026-01-15,ART-1617,165.87,ATELIER 1,EN_COURS_INJECTION
2026-01-31,ART-1374,39.52,DEPOT NORD,EN_COURS_INJECTION
2026-02-15,ART-1738,123.61,DEPOT NORD,EN_COURS_INJECTION
2026-01-31,ART-1796,789.08,DEPOT A,EN_COURS_INJECTION
2026-03-05,ART-1709,186.67,ATELIER 1,EN_COURS_INJECTION
2026-04-30,ART-1415,375.0,DEPOT A,EN_COURS_INJECTION
2026-02-28,ART-1417,410.79,MAGASIN CENTRAL,EN_COURS_INJECTION
2026-04-30,ART-1769,321.69,ATELIER 1,EN_COURS_INJECTION
2026-04-30,ART-1656,166.43,DEPOT B,EN_COURS_INJECTION
2026-03-05,ART-1009,922.16,DEPOT A,EN_COURS_INJECTION
2026-02-05,ART-1493,334.17,DEPOT B,EN_COURS_INJECTION
2026-03-15,ART-1258,176.08,,EN_COURS_INJECTION
2026-01-05,ART-1072,1124.17,MAGASIN CENTRAL,EN_COURS_INJECTION
2026-01-15,ART-1360,788.07,DEPOT A,EN_COURS_INJECTION
2026-02-28,ART-1439,1053.2,ATELIER 1,EN_COURS_INJECTION
2026-02-05,ART-1393,1307.56,DEPOT A,EN_COURS_INJECTION
2026-04-15,ART-1118,1361.07,DEPOT NORD,EN_COURS_INJECTION
2026-02-05,ART-1133,1059.53,MAGASIN CENTRAL,EN_COURS_INJECTION
2026-02-05,ART-1591,374.06,DEPOT NORD,EN_COURS_INJECTION
2026-02-15,ART-1198,1233.38,ATELIER 1,EN_COURS_INJECTION
2026-03-15,ART-1590,840.33,DEPOT B,EN_COURS_INJECTION
2026-03-15,ART-1009,1141.59,MAGASIN CENTRAL,EN_COURS_INJECTION
2026-01-31,ART-1611,520.1,DEPOT A,EN_COURS_INJECTION
2026-04-30,ART-1006,394.0,DEPOT NORD,EN_COURS_INJECTION
2026-02-15,ART-1340,1037.74,ATELIER 1,EN_COURS_INJECTION
2026-03-15,ART-1771,467.93,MAGASIN CENTRAL,EN_COURS_INJECTION
2026-04-30,ART-1147,99.86,ATELIER 1,EN_COURS_INJECTION
2026-04-15,ART-1261,865.7,DEPOT A,EN_COURS_INJECTION
2026-01-15,ART-1026,1184.4,ATELIER 1,EN_COURS_INJECTION
2026-04-15,ART-1734,1238.11,DEPOT A,EN_COURS_INJECTION
2026-03-05,ART-1741,820.41,DEPOT B,EN_COURS_INJECTION
2026-01-05,ART-1650,1386.6,DEPOT B,EN_COURS_INJECTION
2026-02-05,ART-1581,1451.14,ATELIER 1,EN_COURS_INJECTION
2026-03-15,ART-1791,1288.28,DEPOT A,EN_COURS_INJECTION
2026-01-31,ART-1111,1141.25,DEPOT A,EN_COURS_INJECTION
2026-04-30,ART-1451,1149.03,DEPOT A,EN_COURS_INJECTION
2026-02-15,ART-1375,1093.87,DEPOT NORD,EN_COURS_INJECTION
2026-04-30,ART-1292,710.19,DEPOT A,EN_COURS_INJECTION
2026-02-28,ART-1315,998.16,ATELIER 1,EN_COURS_INJECTION
2026-04-05,ART-1299,826.25,DEPOT A,EN_COURS_INJECTION
2026-01-31,ART-1463,981.89,DEPOT A,EN_COURS_INJECTION
2026-01-31,ART-1643,1112.65,DEPOT A,EN_COURS_INJECTION
2026-02-05,ART-1008,1391.57,DEPOT A,EN_COURS_INJECTION
2026-01-05,ART-1508,1474.53,DEPOT NORD,EN_COURS_INJECTION
2026-04-15,ART-1156,51.75,DEPOT NORD,EN_COURS_INJECTION
2026-04-30,ART-1430,967.59,DEPOT A,EN_COURS_INJECTION
2026-02-15,ART-1779,1456.08,DEPOT A,EN_COURS_INJECTION
2026-04-30,ART-1667,211.31,DEPOT NORD,EN_COURS_INJECTION
2026-03-31,ART-1390,53.07,DEPOT NORD,EN_COURS_INJECTION
2026-04-30,ART-1800,1244.01,DEPOT B,EN_COURS_INJECTION
2026-03-15,ART-1502,1242.46,MAGASIN CENTRAL,EN_COURS_INJECTION
2026-03-31,ART-1253,496.69,MAGASIN CENTRAL,EN_COURS_INJECTION
2026-03-05,ART-1744,607.51,DEPOT B,EN_COURS_INJECTION
2026-02-05,ART-1596,1389.55,DEPOT B,EN_COURS_INJECTION
2026-02-05,ART-1738,682.47,MAGASIN CENTRAL,EN_COURS_INJECTION
2026-04-15,ART-1754,77.9,DEPOT B,EN_COURS_INJECTION
2026-04-30,ART-1661,1345.11,MAGASIN CENTRAL,EN_COURS_INJECTION
2026-03-15,ART-1755,1335.0,ATELIER 1,EN_COURS_INJECTION
2026-02-28,ART-1101,1441.62,DEPOT A,EN_COURS_INJECTION
2026-03-05,ART-1447,176.49,DEPOT NORD,EN_COURS_INJECTION
2026-01-05,ART-1221,714.96,MAGASIN CENTRAL,EN_COURS_INJECTION
2026-02-28,ART-1098,198.76,DEPOT B,EN_COURS_INJECTION
2026-02-28,ART-1424,1390.95,MAGASIN CENTRAL,EN_COURS_INJECTION
2026-02-05,ART-1713,125.91,MAGASIN CENTRAL,EN_COURS_INJECTION
2026-04-30,ART-1087,432.35,DEPOT A,EN_COURS_INJECTION
2026-01-15,ART-1208,1394.84,DEPOT A,EN_COURS_INJECTION
2026-01-31,ART-1619,49.28,DEPOT B,EN_COURS_INJECTION
2026-02-15,ART-1329,159.97,DEPOT NORD,EN_COURS_INJECTION
2026-01-15,ART-1265,1452.96,DEPOT B,EN_COURS_INJECTION
2026-04-30,ART-1029,109.98,MAGASIN CENTRAL,EN_COURS_INJECTION
2026-02-28,ART-1306,935.76,DEPOT NORD,EN_COURS_INJECTION
2026-02-15,ART-1667,1424.72,DEPOT B,EN_COURS_INJECTION
2026-02-05,ART-1186,609.03,DEPOT NORD,EN_COURS_INJECTION
2026-03-15,ART-1108,724.7,DEPOT B,EN_COURS_INJECTION
2026-02-15,ART-1451,1026.01,DEPOT A,EN_COURS_INJECTION
2026-01-15,ART-1490,439.36,DEPOT B,EN_COURS_INJECTION
2026-04-15,ART-1067,1203.4,DEPOT A,EN_COURS_INJECTION
2026-03-31,ART-1263,937.95,DEPOT B,EN_COURS_INJECTION
2026-03-15,ART-1094,1040.55,MAGASIN CENTRAL,EN_COURS_INJECTION
2026-04-15,ART-1589,99.56,MAGASIN CENTRAL,EN_COURS_INJECTION
2026-03-05,ART-1227,1321.96,ATELIER 1,EN_COURS_INJECTION
2026-02-15,ART-1374,149.21,DEPOT B,EN_COURS_INJECTION
2026-02-15,ART-1530,1334.65,ATELIER 1,EN_COURS_INJECTION
2026-04-05,ART-1036,1420.34,DEPOT NORD,EN_COURS_INJECTION
2026-03-31,ART-1583,642.04,DEPOT A,EN_COURS_INJECTION
2026-02-28,ART-1675,1236.99,MAGASIN CENTRAL,EN_COURS_INJECTION
2026-01-31,ART-1703,37.37,DEPOT B,EN_COURS_INJECTION
2026-03-15,ART-1637,75.63,DEPOT NORD,EN_COURS_INJECTION
2026-03-05,ART-1006,255.87,DEPOT B,EN_COURS_INJECTION
2026-01-05,ART-1240,1319.4,DEPOT B,EN_COURS_INJECTION
2026-02-05,ART-1364,1474.23,DEPOT NORD,EN_COURS_INJECTION
2026-01-15,ART-1032,1492.02,DEPOT B,EN_COURS_INJECTION
2026-02-28,ART-1579,576.23,MAGASIN CENTRAL,EN_COURS_INJECTION
2026-01-31,ART-1336,141.36,ATELIER 1,EN_COURS_INJECTION
2026-02-05,ART-1181,505.42,DEPOT A,EN_COURS_INJECTION
2026-02-15,ART-1140,747.45,DEPOT A,EN_COURS_INJECTION
2026-03-31,ART-1455,1275.81,DEPOT NORD,EN_COURS_INJECTION
2026-04-15,ART-1562,293.59,MAGASIN CENTRAL,EN_COURS_INJECTION
2026-04-30,ART-1380,1312.49,DEPOT NORD,EN_COURS_INJECTION
2026-02-28,ART-1241,1466.61,DEPOT B,EN_COURS_INJECTION
2026-02-28,ART-1135,937.13,MAGASIN CENTRAL,EN_COURS_INJECTION
2026-02-05,ART-1266,724.43,DEPOT NORD,EN_COURS_INJECTION
2026-03-15,ART-1542,1017.9,DEPOT NORD,EN_COURS_INJECTION
2026-01-15,ART-1602,25.25,,EN_COURS_INJECTION
2026-04-15,ART-1703,24.01,DEPOT A,EN_COURS_INJECTION
2026-04-05,ART-1625,1272.21,DEPOT NORD,EN_COURS_INJECTION
2026-02-28,ART-1731,1239.79,DEPOT B,EN_COURS_INJECTION
2026-04-05,ART-1340,417.73,ATELIER 1,EN_COURS_INJECTION
2026-04-30,ART-1783,1411.76,,EN_COURS_INJECTION
2026-04-05,ART-1290,1112.78,MAGASIN CENTRAL,EN_COURS_INJECTION
2026-03-05,ART-1702,258.41,ATELIER 1,EN_COURS_INJECTION
2026-04-30,ART-1229,486.14,DEPOT NORD,EN_COURS_INJECTION
2026-02-15,ART-1543,381.98,DEPOT NORD,EN_COURS_INJECTION
2026-02-28,ART-1763,1143.7,ATELIER 1,EN_COURS_INJECTION
2026-04-05,ART-1109,328.75,DEPOT B,EN_COURS_INJECTION
2026-03-31,ART-1570,290.97,DEPOT B,EN_COURS_INJECTION
2026-04-30,ART-1140,1403.75,DEPOT B,EN_COURS_INJECTION
2026-03-05,ART-1691,704.82,ATELIER 1,EN_COURS_INJECTION
2026-03-31,ART-1437,817.51,DEPOT A,EN_COURS_INJECTION
2026-04-30,ART-1359,1406.38,MAGASIN CENTRAL,EN_COURS_INJECTION
2026-01-15,ART-1798,754.33,,EN_COURS_INJECTION
2026-03-31,ART-1115,1074.7,DEPOT A,EN_COURS_INJECTION
2026-01-31,ART-1277,607.03,MAGASIN CENTRAL,EN_COURS_INJECTION
2026-01-31,ART-1638,295.92,DEPOT B,EN_COURS_INJECTION
2026-02-05,ART-1280,1206.63,ATELIER 1,EN_COURS_INJECTION
2026-03-15,ART-1161,1184.66,DEPOT A,EN_COURS_INJECTION
2026-01-31,ART-1344,428.0,DEPOT A,EN_COURS_INJECTION
2026-03-05,ART-1361,229.82,DEPOT B,EN_COURS_INJECTION
2026-02-05,ART-1173,226.12,DEPOT B,EN_COURS_INJECTION
2026-03-15,ART-1243,709.9,DEPOT A,EN_COURS_INJECTION
2026-01-31,ART-1788,561.27,DEPOT A,EN_COURS_INJECTION
2026-02-15,ART-1421,795.76,DEPOT NORD,EN_COURS_INJECTION
2026-01-15,ART-1591,239.08,,EN_COURS_INJECTION
2026-02-28,ART-1190,1405.32,DEPOT A,EN_COURS_INJECTION
2026-03-05,ART-1276,304.18,DEPOT A,EN_COURS_INJECTION
2026-02-15,ART-1014,800.53,DEPOT B,EN_COURS_INJECTION
2026-03-31,ART-1058,1294.11,MAGASIN CENTRAL,EN_COURS_INJECTION
2026-03-31,ART-1139,594.21,DEPOT A,EN_COURS_INJECTION
2026-02-15,ART-1251,1030.44,DEPOT NORD,EN_COURS_INJECTION
2026-04-30,ART-1504,181.32,DEPOT A,EN_COURS_INJECTION
2026-04-05,ART-1084,1489.91,DEPOT NORD,EN_COURS_INJECTION
2026-04-05,ART-1283,226.91,MAGASIN CENTRAL,EN_COURS_INJECTION
2026-01-31,ART-1691,90.42,MAGASIN CENTRAL,EN_COURS_INJECTION
2026-02-05,ART-1341,596.44,MAGASIN CENTRAL,EN_COURS_INJECTION
2026-03-31,ART-1187,1218.26,MAGASIN CENTRAL,EN_COURS_INJECTION
2026-04-05,ART-1376,801.88,DEPOT A,EN_COURS_INJECTION
2026-02-05,ART-1205,509.84,MAGASIN CENTRAL,EN_COURS_INJECTION
2026-02-05,ART-1449,1393.33,DEPOT B,EN_COURS_INJECTION
2026-02-05,ART-1168,443.43,DEPOT A,EN_COURS_INJECTION
2026-03-15,ART-1638,101.56,MAGASIN CENTRAL,EN_COURS_INJECTION
2026-04-15,ART-1630,837.1,DEPOT A,EN_COURS_INJECTION
2026-03-31,ART-1578,714.08,DEPOT NORD,EN_COURS_INJECTION
2026-01-15,ART-1432,252.63,ATELIER 1,EN_COURS_INJECTION
2026-04-15,ART-1019,304.09,DEPOT NORD,EN_COURS_INJECTION
2026-03-31,ART-1431,980.25,DEPOT A,EN_COURS_INJECTION
2026-04-15,ART-1282,294.71,DEPOT B,EN_COURS_INJECTION
2026-04-15,ART-1783,691.17,DEPOT B,EN_COURS_INJECTION
2026-03-15,ART-1679,0.0,DEPOT A,EN_COURS_INJECTION
2026-02-28,ART-1155,19.56,DEPOT A,EN_COURS_INJECTION
2026-01-31,ART-1345,194.04,DEPOT A,EN_COURS_INJECTION
2026-02-15,ART-1603,624.3,ATELIER 1,EN_COURS_INJECTION
2026-01-15,ART-1419,1073.28,DEPOT A,EN_COURS_INJECTION
2026-03-05,ART-1191,941.86,DEPOT B,EN_COURS_INJECTION
2026-01-15,ART-1486,250.82,DEPOT A,EN_COURS_INJECTION
2026-04-30,ART-1195,960.4,DEPOT A,EN_COURS_INJECTION
2026-04-05,ART-1150,1252.4,ATELIER 1,EN_COURS_INJECTION
2026-01-15,ART-1140,210.14,MAGASIN CENTRAL,EN_COURS_INJECTION
2026-03-05,ART-1584,558.9,MAGASIN CENTRAL,EN_COURS_INJECTION
2026-01-05,ART-1224,729.05,DEPOT NORD,EN_COURS_INJECTION
2026-03-15,ART-1520,415.14,ATELIER 1,EN_COURS_INJECTION
2026-04-15,ART-1346,0.0,MAGASIN CENTRAL,EN_COURS_INJECTION
2026-01-31,ART-1097,1194.23,DEPOT B,EN_COURS_INJECTION
2026-02-15,ART-1673,1120.51,DEPOT NORD,EN_COURS_INJECTION
2026-03-05,ART-1194,568.78,DEPOT NORD,EN_COURS_INJECTION
2026-01-15,ART-1139,738.05,DEPOT NORD,EN_COURS_INJECTION
2026-02-28,ART-1312,844.24,DEPOT A,EN_COURS_INJECTION
2026-04-15,ART-1144,1268.12,MAGASIN CENTRAL,EN_COURS_INJECTION
2026-01-15,ART-1151,350.42,DEPOT A,EN_COURS_INJECTION
2026-03-05,ART-1539,1242.65,MAGASIN CENTRAL,EN_COURS_INJECTION
2026-01-15,ART-1021,241.52,ATELIER 1,EN_COURS_INJECTION
2026-03-05,ART-1351,765.17,ATELIER 1,EN_COURS_INJECTION
2026-01-31,ART-1128,6.01,MAGASIN CENTRAL,EN_COURS_INJECTION
2026-01-05,ART-1258,104.68,DEPOT A,EN_COURS_INJECTION
2026-03-05,ART-1518,1383.88,ATELIER 1,EN_COURS_INJECTION
2026-02-28,ART-1105,585.21,MAGASIN CENTRAL,EN_COURS_INJECTION
2026-04-30,ART-1341,1241.11,ATELIER 1,EN_COURS_INJECTION
2026-02-15,ART-1253,319.04,DEPOT A,EN_COURS_INJECTION
2026-03-15,ART-1702,283.11,DEPOT NORD,EN_COURS_INJECTION
2026-03-05,ART-1265,721.89,DEPOT NORD,EN_COURS_INJECTION
2026-04-30,ART-1215,1043.47,DEPOT A,EN_COURS_INJECTION
2026-01-15,ART-1594,1041.95,MAGASIN CENTRAL,EN_COURS_INJECTION
2026-03-31,ART-1700,1235.73,DEPOT B,EN_COURS_INJECTION
2026-04-30,ART-1091,1139.95,DEPOT A,EN_COURS_INJECTION
2026-04-15,ART-1250,611.99,MAGASIN CENTRAL,EN_COURS_INJECTION
2026-01-15,ART-1757,1217.98,DEPOT A,EN_COURS_INJECTION
2026-04-30,ART-1666,399.33,MAGASIN CENTRAL,EN_COURS_INJECTION
2026-01-31,ART-1626,1051.94,DEPOT B,EN_COURS_INJECTION
2026-02-28,ART-1019,910.58,MAGASIN CENTRAL,EN_COURS_INJECTION
2026-03-15,ART-1013,519.78,MAGASIN CENTRAL,EN_COURS_INJECTION
2026-03-31,ART-1357,952.73,MAGASIN CENTRAL,EN_COURS_INJECTION
2026-04-30,ART-1466,652.09,DEPOT A,EN_COURS_INJECTION
2026-04-30,ART-1624,667.94,DEPOT B,EN_COURS_INJECTION
2026-01-31,ART-1293,987.53,DEPOT B,EN_COURS_INJECTION
2026-03-05,ART-1239,298.99,ATELIER 1,EN_COURS_INJECTION
2026-03-15,ART-1194,1463.19,MAGASIN CENTRAL,EN_COURS_INJECTION
2026-03-15,ART-1286,198.31,ATELIER 1,EN_COURS_INJECTION
2026-04-05,ART-1236,428.8,DEPOT A,EN_COURS_INJECTION
2026-01-15,ART-1264,1257.17,DEPOT A,EN_COURS_INJECTION
2026-04-30,ART-1037,740.93,DEPOT A,EN_COURS_INJECTION
2026-04-30,ART-1037,1492.5,DEPOT NORD,EN_COURS_INJECTION
2026-02-15,ART-1595,55.95,DEPOT NORD,EN_COURS_INJECTION
2026-02-15,ART-1719,576.59,MAGASIN CENTRAL,EN_COURS_INJECTION
2026-02-15,ART-1488,509.72,MAGASIN CENTRAL,EN_COURS_INJECTION
2026-02-05,ART-1729,1407.06,ATELIER 1,EN_COURS_INJECTION
2026-02-28,ART-1685,925.42,DEPOT B,EN_COURS_INJECTION
2026-01-15,ART-1399,401.57,DEPOT B,EN_COURS_INJECTION
2026-02-15,ART-1167,1402.98,DEPOT NORD,EN_COURS_INJECTION
2026-03-31,ART-1792,676.9,DEPOT A,EN_COURS_INJECTION
