Code_Article,Designation,Nom_Abrege,Famille_Article,Groupe_Comptable,Groupe_Client,Date_Creation
A0362AC,Flotteur J81 Assy,Moldfr3,PF-PSF,09-PF-TN1,M+H,2026-10-07
A0362AD,Flotteur J81 Assy,Moldfr3,PF-PSF,09-PF-TN1,M+H,2026-10-07
A0363CC,Reservoir W211,Bospo3,PF-PSF,09-PF-TN1,Bosch,2026-10-07
A0371BB,Flotteur B,Moldfr3,PF-PSF,09-PF-TN1,M+H,2026-10-07
A0381BE,Orp2 Def Sans Sebacat 450Mb,Eatus3,PF-PSF,09-PF-TN1,Othaut,2026-10-07
A0391B,Flotteur F199/X4400,0,PF-PSF,03-SEM-TN1,0,2026-10-07
A0392BA,Detecteur F199,Bospo3,PF-PSF,03-SEM-TN1,Bosch,2026-10-07
A0395A,Detecteur X4400,0,PF-PSF,03-SEM-TN1,0,2026-10-07
A0398A,Flotteur Asm F199 Rhd Moule 8208,0,PF-PSF,03-SEM-TN1,0,2026-10-07
A0401AA,Reservoir X4400 Rhd,Bospo3,PF-PSF,09-PF-TN1,Bosch,2026-10-07
A0404CJ,Plastic Filler Head T6 Diesel,Poaes3,PF-PSF,09-PF-TN1,Po,2026-10-07
A0409AG,Reservoir 418 -,Hpi3,PF-PSF,09-PF-TN1,Othaut,2026-10-07
A0409BB,Reservoir Fuso,Hpi3,PF-PSF,03-SEM-TN1,Othaut,2026-10-07
A0421AD,Reservoir T7 Ass,Bospo3,PF-PSF,09-PF-TN1,Bosch,2026-10-07
A0424AH,Reservoir X91 Ass,Bospo3,PF-PSF,09-PF-TN1,Bosch,2026-10-07
A0425AB,Flotteur X91 Ass,0,PF-PSF,03-SEM-TN1,0,2026-10-07
A0443BA,Reservoir Minica,Boses3,PF-PSF,09-PF-TN1,Bosch,2026-10-07
A0447BG,Reservoir L38,Bobra1,PF-PSF,09-PF-TN1,Bosch,2026-10-07
A0448AE,Plastic Filler Head X62,Poaro3,PF-PSF,09-PF-TN1,Po,2026-10-07
A0458AA,Pipette Mise A L'Air,Poask1,PF-PSF,09-PF-TN2,Po,2026-10-07
A0458AAK,Pipette Mise A L'Air,0,PF-PSF,09-PF-TN1,0,2026-10-07
A0459AB,Pipette Mise A L'Air,Opmpo3,PF-PSF,09-PF-TN2,Po,2026-10-07
A0459ABK,Pipette Mise A L'Air,0,PF-PSF,09-PF-TN1,0,2026-10-07
A0461AA,Reservoir Collector X10,Robfr3,PF-PSF,09-PF-TN1,Bosch,2026-10-07
A0462AD,Reservoir Ford V36,Bostu3,PF-PSF,09-PF-TN1,Bosch,2026-10-07
A0467FB,Filler Head Petrol W98 Euro-6D,Tiges3,PF-PSF,09-PF-TN1,Tigrou,2026-10-07
A0471BA,Icv Serie Mraii Br254,Tigcz3,PF-PSF,09-PF-TN1,Tigrou,2026-10-07
A0472AA,Venturi Exit Dfp3,Deone3,PF-PSF,09-PF-TN1,Othaut,2026-10-07
A0476AC,Injecteur Additif Ass Bvh2,Poaes3,PF-PSF,09-PF-TN1,Po,2026-10-07
A0479AA,Clapet Spd Fut Court Vert,0,PF-PSF,03-SEM-TN1,0,2026-10-07
A0480AB,Clapet Spd Long Naturel,Opmbr3,PF-PSF,09-PF-TN1,Po,2026-10-07
A0481AA,Clapet Spd Fap,Poacm3,PF-PSF,09-PF-TN1,Po,2026-10-07
A0483AA,Clapet Sp Fut Long Mauve,Poaro3,PF-PSF,09-PF-TN1,Po,2026-10-07
A0489AA,Reservoir Collector X12,Robfr3,PF-PSF,09-PF-TN1,Bosch,2026-10-07
A0500BA,Reservoir S4403 Rhd,Bospo3,PF-PSF,09-PF-TN1,Bosch,2026-10-07
A0507AA,Venting Exit Vw Mqb Pzev,Tighu3,PF-PSF,09-PF-TN1,Tigrou,2026-10-07
A0507AB,Venting Exit Vw Mqb Pzev,Tigmx1,PF-PSF,09-PF-TN1,Tigrou,2026-10-07
A0516AA,Reservoir 427-X90,Hpi1,PF-PSF,09-PF-TN1,Othaut,2026-10-07
A0516AC,Reservoir 427-X90,Hpi3,PF-PSF,09-PF-TN1,Othaut,2026-10-07
A0520AA,Pipette 2 Voies Pl73,Poask3,PF-PSF,09-PF-TN2,Po,2026-10-07
A0520AAK,Pipette 2 Voies Pl73,Poask3,PF-PSF,09-PF-TN1,Po,2026-10-07
A0521AA,Pipette 3W,Opmpo3,PF-PSF,09-PF-TN2,Po,2026-10-07
A0521AAK,Pipette 3W,Opmpo3,PF-PSF,09-PF-TN1,Po,2026-10-07
A0522CA,Tete Scr Filler Head 7420417Ac Ferrite,Sfcs3,PF-PSF,09-PF-TN1,Sfc,2026-10-07
A0522CAK,Tete Scr Filler Head 7420417Ac Ferrite,Sfcs1,PF-PSF,09-PF-TN1,Sfc,2026-10-07
A0523AB1,Anti Split Back Chine,Hebcn3,PF-PSF,09-PF-TN2,Po,2026-10-07
A0523ABK1,Anti Split Back Chine,Hebcn3,PF-PSF,09-PF-TN1,Po,2026-10-07
A0524AB,Body Assembly,0,PF-PSF,03-SEM-TN2,0,2026-10-07
A0524ABK,Body Assembly,0,PF-PSF,03-SEM-TN1,0,2026-10-07
A0526AB,Liquid Trap Cover B9 Assembl,Opmpo3,PF-PSF,09-PF-TN2,Po,2026-10-07
A0526ABK,Liquid Trap Cover B9 Assembl,Opmpo3,PF-PSF,09-PF-TN1,Po,2026-10-07
A0527AB,Venting Exit Mqb Hybrid,Tiglo3,PF-PSF,09-PF-TN1,Tigrou,2026-10-07
A0528AD,Filler Head Edison Eu S4S,Tigcz3,PF-PSF,09-PF-TN1,Tigrou,2026-10-07
A0530AD,Restrictor Ass Edison Eu S4S Moule 8486,0,PF-PSF,03-SEM-TN1,0,2026-10-07
A0534AD,Liquid Trap B9_6,Poaes3,PF-PSF,09-PF-TN1,Po,2026-10-07
A0536AA,Reservoir F199 With Pipe,Boses3,PF-PSF,09-PF-TN1,Bosch,2026-10-07
A0536AB,Reservoir F199 With Pipe,Bostu1,PF-PSF,09-PF-TN1,Bosch,2026-10-07
A0536BB,Reservoir D200 Without Pipe,Bostu1,PF-PSF,09-PF-TN1,Bosch,2026-10-07
A0538AA,Float Doblo - Bosch 0 204 814 809,Micz1,PF-PSF,09-PF-TN1,Micro,2026-10-07
A0539AB,Reservoir Doblo Line A151,Bostu3,PF-PSF,05-FGOO,Bosch,2026-10-07
A0540AC1,"Guide Essence X52 Diam 22,4 Bresil",Opmbr3,PF-PSF,09-PF-TN2,Po,2026-10-07
A0540AC2,"Guide Essence X52 Diam 22,4 Roumanie",Poaro3,PF-PSF,09-PF-TN2,Po,2026-10-07
A0540ACK1,"Guide Essence X52 Diam 22,4 Bresil",Opmbr3,PF-PSF,09-PF-TN1,Po,2026-10-07
A0540ACK2,"Guide Essence X52 Diam 22,4 Roumanie",Poaro3,PF-PSF,09-PF-TN1,Po,2026-10-07
A0540CC,"Guide Essence X52 Diam 22,4",Poama3,PF-PSF,09-PF-TN2,Po,2026-10-07
A0540CC2,"Guide Essence X52 Diam 22,4 Roumanie",Poaro3,PF-PSF,09-PF-TN2,Po,2026-10-07
A0540CCK,"Guide Essence X52 Diam 22,4",Poama3,PF-PSF,09-PF-TN1,Po,2026-10-07
A0540DC2,"Guide X52 Diametre 22,4 Roumanie",Poaro3,PF-PSF,09-PF-TN2,Po,2026-10-07
A0540DCK2,"Guide X52 Diametre 22,4 Roumanie",Poaro3,PF-PSF,09-PF-TN1,Po,2026-10-07
A0540DCK3,"Guide X52 Diametre 22,4 Roumanie",0,PF-PSF,09-PF-TN1,0,2026-10-07
A0540EC2,"Guide X52 Diametre 22,4 Wo Spd Roumanie",Poaro3,PF-PSF,09-PF-TN1,Po,2026-10-07
A0540ECK2,"Guide X52 Diametre 22,4 Wo Spd Roumanie",Poaro3,PF-PSF,09-PF-TN1,Po,2026-10-07
A0541AA,Enssemble Venturi Avec G(A),Delin1,PF-PSF,09-PF-TN2,Othaut,2026-10-07
A0541AAK,Enssemble Venturi Avec G(A),0,PF-PSF,09-PF-TN1,0,2026-10-07
A0542AA,Enssemble Venturi Sans G (A),Delin3,PF-PSF,09-PF-TN2,Othaut,2026-10-07
A0542AAK,Enssemble Venturi Sans G (A),0,PF-PSF,09-PF-TN1,0,2026-10-07
A0543AA,Enssemble Venturi Avec G(B),Delro3,PF-PSF,09-PF-TN2,Othaut,2026-10-07
A0543AAK,Enssemble Venturi Avec G(B),Delro3,PF-PSF,09-PF-TN1,Othaut,2026-10-07
A0549AA,Float Audi - Bosch 0 204 818 106,Micz1,PF-PSF,03-SEM-TN1,Micro,2026-10-07
A0550AA,Test,0,DIVERS,TN-INSERT,0,2026-10-07
A0550BF,"Reservoir Audi, Megapack (Spain)",0,PF-PSF,05-FGOO,0,2026-10-07
A0550BF1,"Reservoir Audi, Megapack Sorted (Spain)",Bospo3,PF-PSF,05-FGOO,Bosch,2026-10-07
A0554AF1,Filler Head Edison Eu R4S,Tigcz3,PF-PSF,09-PF-TN1,Tigrou,2026-10-07
A0555AA,Tete J3J4 AssemblE,Poaco1,PF-PSF,09-PF-TN1,Po,2026-10-07
A0556AA,Reservoir Epsilon,Bospo3,PF-PSF,05-FGOO,Bosch,2026-10-07
A0558BF,"Reservoir Psa, Megapack Spain- New Foam In Float",0,PF-PSF,04-SFGO,0,2026-10-07
A0558BF1,"Reservoir Psa, Megapack Spain Sorted-New Foam",Bospo3,PF-PSF,05-FGOO,Bosch,2026-10-07
A0559BA,Tete X82_6,Poacm3,PF-PSF,09-PF-TN1,Po,2026-10-07
A0562AA,Tete K0 AssemblE,Poacm3,PF-PSF,09-PF-TN1,Po,2026-10-07
A0564AA,RServoir Assembl Omega,Bospo3,PF-PSF,09-PF-TN1,Bosch,2026-10-07
A0568AA,Clinfill Rsa X95 Diesel,0,PF-PSF,09-PF-TN2,0,2026-10-07
A0569AA,Clinfill X95 Essence,0,PF-PSF,09-PF-TN2,0,2026-10-07
A0571AA,Reservoir Fiat L0 Lhd Usa Ap,Bostu3,PF-PSF,09-PF-TN1,Bosch,2026-10-07
A0571BA,Reservoir Fiat L0 Lhd Usa Sp,Bostu3,PF-PSF,09-PF-TN1,Bosch,2026-10-07
A0573AB,Deflector Mqb A1 Suv,0,PF-PSF,04-SFGO,0,2026-10-07
A0573AB1,Deflector Mqb A1 Suv,Yapcz3,PF-PSF,05-FGOO,Yapp,2026-10-07
A0573AB2,Deflector Mqb A1 Suv For Ti,Tiges3,PF-PSF,05-FGOO,Tigrou,2026-10-07
A0576AD,Tete Essence B618 AssemblE,Poacm3,PF-PSF,09-PF-TN1,Po,2026-10-07
A0576BA,Tete Essence B618 AssemblE L2,Opmpo3,PF-PSF,09-PF-TN1,Po,2026-10-07
A0577AC,Tete Diesel B618 AssemblE Nj,Opmpo3,PF-PSF,09-PF-TN1,Po,2026-10-07
A0579AB,Bushing Rack,Nexpo3,PF-PSF,05-FGOO,Nexteer,2026-10-07
A0579AE,Bushing Rack Kepital-Manual,Nexpo3,PF-PSF,05-FGOO,Nexteer,2026-10-07
A0579BB,Bushing Rack Automatic,Nexpo3,PF-PSF,05-FGOO,Nexteer,2026-10-07
A0579BE,Bushing Rack Automatic - White Kepital H100 Nat,Nexma3,PF-PSF,05-FGOO,Nexteer,2026-10-07
A0580AG,Efr Bracket Mqb A2 Suv Euro-6D(Long Wire),Yapcz3,PF-PSF,05-FGOO,Yapp,2026-10-07
A0581AB,Deflector Mqb A2 Suv,0,PF-PSF,05-FGOO,0,2026-10-07
A0581AB1,Deflector Mqb A2 Suv,Yapcz3,PF-PSF,05-FGOO,Yapp,2026-10-07
A0582AC1,Reservoir Honda,Bospo3,PF-PSF,05-FGOO,Bosch,2026-10-07
A0583AB,Assemblabe Tete Scr Porche Panamer,Coopo1,PF-PSF,09-PF-TN2,Po,2026-10-07
A0584AA,Liquid Trap Bentley,Opmpo3,PF-PSF,09-PF-TN2,Po,2026-10-07
A0584AAK,Liquid Trap Bentley,Opmpo3,PF-PSF,09-PF-TN1,Po,2026-10-07
A0585BA,Scr Filler Head_7433018Ac Ferrite,Sfcs3,PF-PSF,09-PF-TN2,Sfc,2026-10-07
A0588BD1,"Reservoir Volvo Lhd, Megapack Sorted (Spain)",Bospo3,PF-PSF,05-FGOO,Bosch,2026-10-07
A0593AB,Deflector Mqb A1 Jetta Mexico,0,PF-PSF,05-FGOO,0,2026-10-07
A0593AB1,Deflector Mqb A1 Jetta Mexico,Yapme3,PF-PSF,05-FGOO,Yapp,2026-10-07
A0594AA,Reservoir S4403 Lhd Assy,Bospo3,PF-PSF,09-PF-TN1,Bosch,2026-10-07
A0595AC,Vw Passat Rhd Welded - Modified Ribs,0,PF-PSF,05-FGOO,0,2026-10-07
A0595AD,Vw Passat Rhd Welded - Float Mitcz,0,PF-PSF,05-FGOO,0,2026-10-07
A0596AA,Flap Holder K0,Poabe3,PF-PSF,09-PF-TN1,Po,2026-10-07
A0596AB,Flap Holder K0,Poabe3,PF-PSF,09-PF-TN1,Po,2026-10-07
A0597BA,Bouchon A Membrane M&H,Moldfr3,PF-PSF,09-PF-TN1,M+H,2026-10-07
A0598AC,"Vw Passat Bi Turbo Welded, Float Mitcz",0,PF-PSF,05-FGOO,0,2026-10-07
A0600AD,Reservoir Passat Rhd - Modified Ribs,0,PF-PSF,05-FGOO,0,2026-10-07
A0600AD1,Reservoir Passat Rhd - Modified Ribs,Bospo3,PF-PSF,05-FGOO,Bosch,2026-10-07
A0600AE,Reservoir Passat Rhd - Float Mitcz,0,PF-PSF,05-FGOO,0,2026-10-07
A0600AE1,Reservoir Passat Rhd - Float Mitcz,Bospo3,PF-PSF,05-FGOO,Bosch,2026-10-07
A0601AC,Reservoir Passat Bi Turbo - New Filter,0,PF-PSF,05-FGOO,0,2026-10-07
A0601AC1,Reservoir Passat Bi Turbo - New Filter,Bospo3,PF-PSF,05-FGOO,Bosch,2026-10-07
A0601AD,"Reservoir Passat Bi Turbo , Float Mitcz",0,PF-PSF,05-FGOO,0,2026-10-07
A0601AD1,"Reservoir Passat Bi Turbo ,Float Mitcz",Bospo3,PF-PSF,05-FGOO,Bosch,2026-10-07
A0603AB,Reservoir Porsche 992 W/O Pipe Welded - New Float,0,PF-PSF,03-SEM-TN1,0,2026-10-07
A0604AB,Reservoir Porsche 992 W/O Pipe - New Filter,0,PF-PSF,05-FGOO,0,2026-10-07
A0604AB1,Reservoir Porsche 992 W/O Pipe - New Filter,Bospo3,PF-PSF,05-FGOO,Bosch,2026-10-07
A0604AC,Reservoir Porsche 992 W/O Pipe - Mit Float,0,PF-PSF,05-FGOO,0,2026-10-07
A0604AC1,Reservoir Porsche 992 W/O Pipe - Mit Float,Bospo3,PF-PSF,05-FGOO,Bosch,2026-10-07
A0604ACK,Reservoir Porsche 992 W/O Pipe-Nw Filter-Nw Float,0,PF-PSF,09-PF-TN1,0,2026-10-07
A0604ACK1,Reservoir Porsche 992 W/O Pipe-Nw Filter-Nw Float,Bospo3,PF-PSF,09-PF-TN1,Bosch,2026-10-07
A0606AB1,Reservoir Volvo Rhd Sorted Modified Corners,Bospo3,PF-PSF,04-SFGO,Bosch,2026-10-07
A0607AB,Mfi Assy,0,PF-PSF,09-PF-TN2,0,2026-10-07
A0607ABK,Mfi Assy,0,PF-PSF,09-PF-TN1,0,2026-10-07
A0608AD,Filler Head K9 Assy,Poaes3,PF-PSF,09-PF-TN2,Po,2026-10-07
A0608ADK,Filler Head K9 Assy,Poaes3,PF-PSF,09-PF-TN1,Po,2026-10-07
A0609AA,Filler Head K9 Assy W/O Mfi,Poaes3,PF-PSF,09-PF-TN2,Po,2026-10-07
A0609AAK,Filler Head K9 Assy W/O Mfi,Poaes3,PF-PSF,09-PF-TN1,Po,2026-10-07
A0611AB,Reservoir Porsche 992 With Pipe,0,PF-PSF,04-SFGO,0,2026-10-07
A0612AE,Filler Head Cmp Assy,Poaes3,PF-PSF,09-PF-TN2,Po,2026-10-07
A0613AD,Filler Head Cmp Assy W/O Mfi,Opmpo3,PF-PSF,09-PF-TN2,Po,2026-10-07
A0613ADK,Filler Head Cmp Assy W/O Mfi,Poama3,PF-PSF,09-PF-TN1,Po,2026-10-07
A0614AA,Icv Cmp Assy,Poaes3,PF-PSF,09-PF-TN2,Po,2026-10-07
A0614AAK,Icv Cmp Assy,Poama3,PF-PSF,09-PF-TN1,Po,2026-10-07
A0615AA,Liquid Trap Vu2 / Vu3,Sfcs3,PF-PSF,09-PF-TN2,Sfc,2026-10-07
A0615AAK,Liquid Trap Vu2 / Vu3,Sfcs1,PF-PSF,09-PF-TN1,Sfc,2026-10-07
A0616AA,Liquid Trap Cmf1.1,Coopz1,PF-PSF,09-PF-TN1,Othaut,2026-10-07
A0617AA,Liquid Trap Cmf1.2,Coopz1,PF-PSF,09-PF-TN2,Othaut,2026-10-07
A0618AA,Liquid Trap Cmf1.4 / Cmf1.6,Coopz1,PF-PSF,09-PF-TN2,Othaut,2026-10-07
A0624AA,Restrictor Petrol Cmfb,0,PF-PSF,03-SEM-TN2,0,2026-10-07
A0624AAK,Restrictor Petrol Cmfb,0,PF-PSF,03-SEM-TN1,0,2026-10-07
A0625AA,Filler Head Petrol Cmfb,Tiges3,PF-PSF,05-FGOO,Tigrou,2026-10-07
A0625AA1,Filler Head Petrol Cmfb,Tiges3,PF-PSF,05-FGOO,Tigrou,2026-10-07
A0625AAK,Filler Head Petrol Cmfb,Tigtu3,PF-PSF,09-PF-TN1,Tigrou,2026-10-07
A0625AAS,Filler Head Petrol Cmfb,Tiges3,PF-PSF,09-PF-TN2,Tigrou,2026-10-07
A0626AB,Filler Head Diesel Cmfb,Tiges3,PF-PSF,05-FGOO,Tigrou,2026-10-07
A0626AB1,Filler Head Diesel Cmfb,Tiges3,PF-PSF,05-FGOO,Tigrou,2026-10-07
A0626ABK,Filler Head Diesel Cmfb,Tigtu3,PF-PSF,09-PF-TN1,Tigrou,2026-10-07
A0626ABS,Filler Head Diesel Cmfb,Tigtu3,PF-PSF,09-PF-TN2,Tigrou,2026-10-07
A0630AC,Reservoir Psa Welded-Float With New Foam,0,PF-PSF,04-SFGO,0,2026-10-07
A0631AA1,Float Psa Sorted,0,INSERT,02-INSERT,0,2026-10-07
A0631AB,Float Psa New Foam,0,PF-PSF,04-SFGO,0,2026-10-07
A0634AB,Fill Vent Nipple 9X2 Porsche,Opmpo3,PF-PSF,09-PF-TN2,Po,2026-10-07
A0634ABK,Fill Vent Nipple 9X2 Porsche,Opmpo3,PF-PSF,09-PF-TN2,Po,2026-10-07
A0636AB,Reservoir Porsche J1 Welded,0,PF-PSF,03-SEM-TN1,0,2026-10-07
A0637AB,Reservoir Porsche J1 - New Filter,0,PF-PSF,05-FGOO,0,2026-10-07
A0637AB1,Reservoir Porsche J1 - New Filter,Bospo3,PF-PSF,05-FGOO,Bosch,2026-10-07
A0637ABK,Reservoir Porsche J1 - New Filter,Bospo3,PF-PSF,09-PF-TN1,Bosch,2026-10-07
A0637ABK1,Reservoir Porsche J1 - New Filter,Bospo3,PF-PSF,09-PF-TN1,Bosch,2026-10-07
A0637AC,Reservoir Porsche J1 - Mit Float,0,PF-PSF,05-FGOO,0,2026-10-07
A0637AC1,Reservoir Porsche J1 - Mit Float,Bospo3,PF-PSF,05-FGOO,Bosch,2026-10-07
A0639AC1,Reservoir K8 - Modified Fill Neck,Bospo3,PF-PSF,05-FGOO,Bosch,2026-10-07
A0639AD,Reservoir K8 - New Fli,0,PF-PSF,05-FGOO,0,2026-10-07
A0641AA,Reservoir Collector X10 Lhd,Robfr3,PF-PSF,05-FGOO,Bosch,2026-10-07
A0641AA1,Reservoir X10 Lhd,Bospo3,PF-PSF,05-FGOO,Bosch,2026-10-07
A0643AA,Reservoir X10 Rhd,Boses3,PF-PSF,05-FGOO,Bosch,2026-10-07
A0643AA1,Reservoir X10 Rhd,Bospo3,PF-PSF,05-FGOO,Bosch,2026-10-07
A0645AA,Liquid Trap Vu1,Coopz1,PF-PSF,09-PF-TN2,Othaut,2026-10-07
A0646AB,Nozzle Guide Assembly G38 Maistream,Opmpo3,PF-PSF,09-PF-TN1,Po,2026-10-07
A0647AB,Nozzle Guide Assembly Closed G32 Us,Opmpo3,PF-PSF,09-PF-TN1,Po,2026-10-07
A0648AB,Nozzle Guide Assembly Closed G14 Us,Opmpo3,PF-PSF,09-PF-TN1,Po,2026-10-07
A0650AB,Nozzle Guide Closed G14 Ece,Opmpo3,PF-PSF,09-PF-TN1,Po,2026-10-07
A0651AB,Nozzle Guide Closed G30 Us,Opmpo3,PF-PSF,09-PF-TN1,Po,2026-10-07
A0652AB,Nozzle Guide Closed G30 Ece,Opmpo3,PF-PSF,09-PF-TN1,Po,2026-10-07
A0653AB,Filler Head Scr Wo Magnet,Sfcs3,PF-PSF,09-PF-TN2,Sfc,2026-10-07
A0653ABK,Filler Head Scr Wo Magnet,Sfcs1,PF-PSF,09-PF-TN1,Sfc,2026-10-07
A0654AB,Icv 1K,Poacm3,PF-PSF,09-PF-TN1,Po,2026-10-07
A0655AB,Liquid Trap E6D Asm,Poabe3,PF-PSF,09-PF-TN1,Po,2026-10-07
A0656AB,Nozzle Guide K9,Poabe3,PF-PSF,09-PF-TN1,Po,2026-10-07
A0656AC,Nozzle Guide K9,Poabe3,PF-PSF,09-PF-TN1,Po,2026-10-07
A0657AB,Nozzle Guide R8,Poabe3,PF-PSF,09-PF-TN1,Po,2026-10-07
A0657AC,Nozzle Guide R8,Poabe3,PF-PSF,09-PF-TN1,Po,2026-10-07
A0658AB,Nozzle Guide X74,Poabe3,PF-PSF,09-PF-TN1,Po,2026-10-07
A0658AC,Nozzle Guide X74,Opmbr3,PF-PSF,09-PF-TN1,Po,2026-10-07
A0658AD,Nozzle Guide X74,Poabe3,PF-PSF,09-PF-TN1,Po,2026-10-07
A0658AE,Nozzle Guide X74,Opmbr3,PF-PSF,09-PF-TN1,Po,2026-10-07
A0659AB,Remote X10 Phase 2,Bosgd3,PF-PSF,09-PF-TN1,Bosch,2026-10-07
A0661AA,Fill Neck With Retainer Cmfb P13,0,PF-PSF,03-SEM-TN2,0,2026-10-07
A0661AAK,Fill Neck With Retainer Cmfb P13,0,PF-PSF,03-SEM-TN1,0,2026-10-07
A0662AA,Fill Neck Cmfb P13,Tiges3,PF-PSF,04-SFGO,Tigrou,2026-10-07
A0662AA1,Fill Neck Cmfb P13,Tiges3,PF-PSF,05-FGOO,Tigrou,2026-10-07
A0662AAK,Fill Neck Cmfb P13,Tiges3,PF-PSF,09-PF-TN1,Tigrou,2026-10-07
A0662AAS,Fill Neck Cmfb P13,Tiges3,PF-PSF,09-PF-TN2,Tigrou,2026-10-07
A0664AB,Bouchon Asm 0204852456,Bosde3,PF-PSF,09-PF-TN1,Bosch,2026-10-07
A0665AA,Bouchon Asm 0204852482,Tekni3,PF-PSF,09-PF-TN1,Othaut,2026-10-07
A0666AC,Filler Head Cmp Gas Assy,Poama3,PF-PSF,09-PF-TN1,Po,2026-10-07
A0666AD,Filler Head Cmp Gas Assy,Opmbr3,PF-PSF,09-PF-TN1,Po,2026-10-07
A0666BA,Filler Head Cmp Gas Assy Line 2,Poaes3,PF-PSF,09-PF-TN1,Po,2026-10-07
A0666BC,Filler Head Cmp Gas Assy Line 2,Opmbr3,PF-PSF,09-PF-TN1,Po,2026-10-07
A0670AA,Connecting Cable 85111368 Vl Controlled,Huber3,PF-PSF,09-PF-TN2,Othaut,2026-10-07
A0670AAK,Connecting Cable 85111368 Vl Controlled,Huber3,PF-PSF,09-PF-TN1,Othaut,2026-10-07
A0671AB,Reservoir Psa Emp2V3 Welded-New Foam In Float,0,PF-PSF,04-SFGO,0,2026-10-07
A0672AB,Reservoir Psa Emp2V3 Produced,0,PF-PSF,05-FGOO,0,2026-10-07
A0672AB1,Reservoir Psa Emp2V3 Sorted-New Foam In Float,Bospo3,PF-PSF,05-FGOO,Bosch,2026-10-07
A0675AA,Reservoir Ipb E2Xx Rhd Produced,Bospo3,PF-PSF,04-SFGO,Bosch,2026-10-07
A0677AA,Icv Lev3 Asm,Poabe3,PF-PSF,09-PF-TN1,Po,2026-10-07
A0678AA,Icv Ece Asm,Poabe3,PF-PSF,09-PF-TN1,Po,2026-10-07
A0679AA2,Tri-Nipple Mraii,Tigcz3,PF-PSF,09-PF-TN1,Tigrou,2026-10-07
A0680AC,"Reservoir Tesla New Fli, A151",0,PF-PSF,05-FGOO,0,2026-10-07
A0680AC1,"Reservoir Tesla Sorted New Fli, A151",Bosfa3,PF-PSF,05-FGOO,Bosch,2026-10-07
A0681AA,Guide Emp2V3 Avec Mfi On,Poabe3,PF-PSF,09-PF-TN1,Po,2026-10-07
A0681AAK,Guide Emp2V3 Avec Mfi On,Poabe3,PF-PSF,09-PF-TN1,Po,2026-10-07
A0681BA,Guide Emp2V3 Avec Mfi Coup,Poabe3,PF-PSF,09-PF-TN2,Po,2026-10-07
A0681CA,Guide Emp2V3 Avec Mfi On Sw,Poabe3,PF-PSF,09-PF-TN2,Po,2026-10-07
A0681CAK,Guide Emp2V3 Avec Mfi On Sw,Poabe3,PF-PSF,09-PF-TN1,Po,2026-10-07
A0681DA,Guide Emp2V3 Mfi Coup Sw,Poabe3,PF-PSF,09-PF-TN2,Po,2026-10-07
A0681DAK,Guide Emp2V3 Mfi Coup Sw,Poabe3,PF-PSF,09-PF-TN1,Po,2026-10-07
A0683AA,Connecting Cable 85111586 Vr Controlled,Huber3,PF-PSF,09-PF-TN2,Othaut,2026-10-07
A0683AAK,Connecting Cable 85111586 Vr Controlled,Huber3,PF-PSF,09-PF-TN1,Othaut,2026-10-07
A0684AA,Connecting Cable 85111590 Hl Controlled,Huber3,PF-PSF,09-PF-TN1,Othaut,2026-10-07
A0684AAK,Connecting Cable 85111590 Hl Controlled,Huber3,PF-PSF,09-PF-TN1,Othaut,2026-10-07
A0685AA,Connecting Cable 85111633 Hr Controlled,Huber3,PF-PSF,09-PF-TN2,Othaut,2026-10-07
A0685AAK,Connecting Cable 85111633 Hr Controlled,Huber3,PF-PSF,09-PF-TN1,Othaut,2026-10-07
A0687BA,Bushing Rack Bmw Faar Assembly,Nexpo3,PF-PSF,05-FGOO,Nexteer,2026-10-07
A0689AA,Filler Head Petrol Xfk,Tigcz3,PF-PSF,09-PF-TN1,Tigrou,2026-10-07
A0690AA,Filler Head Diesel Xfk,Tigcz3,PF-PSF,09-PF-TN1,Tigrou,2026-10-07
A0691AA,Connecting Cable 85112333 Vl_S Class,Huber3,PF-PSF,09-PF-TN2,Othaut,2026-10-07
A0691AAK,Connecting Cable 85112333 Vl_S Class,Huber3,PF-PSF,09-PF-TN1,Othaut,2026-10-07
A0692AA,Connecting Cable 85112336 Vr_S Class,Huber3,PF-PSF,09-PF-TN2,Othaut,2026-10-07
A0692AAK,Connecting Cable 85112336 Vr_S Class,Huber3,PF-PSF,09-PF-TN1,Othaut,2026-10-07
A0693AA,Connecting Cable 85112339 Hl_ S Class,Huber3,PF-PSF,09-PF-TN2,Othaut,2026-10-07
A0693AAK,Connecting Cable 85112339 Hl_ S Class,Huber3,PF-PSF,09-PF-TN1,Othaut,2026-10-07
A0694AA,Connecting Cable 85112342 Hr_S Class,Huber3,PF-PSF,09-PF-TN2,Othaut,2026-10-07
A0694AAK,Connecting Cable 85112342 Hr_S Class,Huber3,PF-PSF,09-PF-TN1,Othaut,2026-10-07
A0695AA,Assy Connector Filling Id Buzz,Zfpol3,PF-PSF,09-PF-TN1,Zf,2026-10-07
A0695AB,Assy Connector Filling Id Buzz (With Mesh Filter),Zfpol3,PF-PSF,09-PF-TN1,Zf,2026-10-07
A0696AB,Assy Remote Id Buzz,Zfpol3,PF-PSF,09-PF-TN1,Zf,2026-10-07
A0697AB,Float Assembly,0,PF-PSF,03-SEM-TN1,0,2026-10-07
A0698AA,Visiere De Protection,0,PF-PSF,09-PF-TN2,0,2026-10-07
A0699AA,Filler Head Petrol Cmfb Welded,0,PF-PSF,04-SFGO,0,2026-10-07
A0700AA,Mfi Emp2 V3.1 Assy,0,PF-PSF,03-SEM-TN2,0,2026-10-07
A0700AAK,Mfi Emp2 V3.1 Assy,0,PF-PSF,03-SEM-TN1,0,2026-10-07
A0700BA,Mfi Coup Emp2 V3.1 Assy,0,PF-PSF,03-SEM-TN2,0,2026-10-07
A0700BAK,Mfi Coup Emp2 V3.1 Assy,0,PF-PSF,03-SEM-TN1,0,2026-10-07
A0702AA,Bouchon 02048648Gw,Tekni3,PF-PSF,09-PF-TN1,Othaut,2026-10-07
A0703AA,Reservoir Ford Transit V710 Welded,0,PF-PSF,04-SFGO,0,2026-10-07
A0704AB,Reservoir Ford Transit V710 Produced New Fli,0,PF-PSF,04-SFGO,0,2026-10-07
A0704AB1,Reservoir Ford Transit V710 Sorted New Fli,Bostu1,PF-PSF,05-FGOO,Bosch,2026-10-07
A0706AA,Filler Neck Cmfb P13 Welded,0,PF-PSF,04-SFGO,0,2026-10-07
A0706AAK,Filler Neck Cmfb P13 Welded,0,PF-PSF,03-SEM-TN1,0,2026-10-07
A0707AA,Nozzle Guide Cn6 G7X,Opmpo3,PF-PSF,09-PF-TN1,Po,2026-10-07
A0708AA,Float Passat Controlled,Mitko1,PF-PSF,04-SFGO,Micro,2026-10-07
A0709AA,Remote Ford V710 Welded,0,PF-PSF,04-SFGO,0,2026-10-07
A0710AA,Ipb Lhd Ford V710 02048645Em,Bostu3,PF-PSF,04-SFGO,Bosch,2026-10-07
A0710AA1,Ipb Lhd Ford V710 02048645Em Sorted,Bostu1,PF-PSF,05-FGOO,Bosch,2026-10-07
A0710AB,Ipb Lhd Ford V710 02048645Em,0,PF-PSF,04-SFGO,0,2026-10-07
A0710AB1,Ipb Lhd Ford V710 02048645Em Sorted,Bostu1,PF-PSF,05-FGOO,Bosch,2026-10-07
A0711AB,Cpb Lhd Ford V710 02048645En,Bostu3,PF-PSF,04-SFGO,Bosch,2026-10-07
A0711AB1,Cpb Lhd Ford V710 02048645En Sorted,Bostu3,PF-PSF,05-FGOO,Bosch,2026-10-07
A0711AC,Cpb Lhd Ford V710 02048645En,0,PF-PSF,04-SFGO,0,2026-10-07
A0711AC1,Cpb Lhd Ford V710 02048645En Sorted,Bostu1,PF-PSF,05-FGOO,Bosch,2026-10-07
A0712AA,Ipb Rhd Ford V710 02048645Es,Bostu3,PF-PSF,04-SFGO,Bosch,2026-10-07
A0712AA1,Ipb Rhd Ford V710 02048645Es Sorted,Bostu1,PF-PSF,05-FGOO,Bosch,2026-10-07
A0712AB,Ipb Rhd Ford V710 02048645Es,0,PF-PSF,04-SFGO,0,2026-10-07
A0712AB1,Ipb Rhd Ford V710 02048645Es Sorted,Bostu1,PF-PSF,05-FGOO,Bosch,2026-10-07
A0713AB,Cpb Rhd Ford V710 02048645Et,Bostu3,PF-PSF,04-SFGO,Bosch,2026-10-07
A0713AB1,Cpb Rhd Ford V710 02048645Et Sorted,Bostu3,PF-PSF,05-FGOO,Bosch,2026-10-07
A0713AC,Cpb Rhd Ford V710 02048645Et,0,PF-PSF,04-SFGO,0,2026-10-07
A0713AC1,Cpb Rhd Ford V710 02048645Et Sorted,Bostu1,PF-PSF,05-FGOO,Bosch,2026-10-07
A0715AA,Reservoir Psa Cdpo Controlle Eu,Zfpol3,PF-PSF,09-PF-TN1,Zf,2026-10-07
A0716AA,Flotteur Assemble,0,PF-PSF,03-SEM-TN1,0,2026-10-07
A0718AA,Collector Daimler Mma Lhd Welded,0,PF-PSF,03-SEM-TN1,0,2026-10-07
A0721AB,Rsv Audi Mlb58 Rhd Welded,0,PF-PSF,04-SFGO,0,2026-10-07
A0722AB,Rsv Audi Mlb58 Rhd Controlled,0,PF-PSF,04-SFGO,0,2026-10-07
A0722AB1,Rsv Audi Mlb58 Rhd Sorted,Bosus3,PF-PSF,05-FGOO,Bosch,2026-10-07
A0722BB,Rsv Audi Mlb58 Rhd Controlled,0,PF-PSF,04-SFGO,0,2026-10-07
A0722BB1,Rsv Audi Mlb58 Rhd Sorted,Bosde3,PF-PSF,05-FGOO,Bosch,2026-10-07
A0722CB,Rsv Audi Mlb58 Rhd Controlled,0,PF-PSF,04-SFGO,0,2026-10-07
A0722CB1,Rsv Audi Mlb58 Rhd Sorted,Bosge3,PF-PSF,05-FGOO,Bosch,2026-10-07
A0723AA,Nozzle G60 Cn6 Us,Opmpo3,PF-PSF,09-PF-TN1,Po,2026-10-07
A0724AA,Hinged Cap With Print,Casco3,PF-PSF,09-PF-TN2,Casco,2026-10-07
A0724AAK,Hinged Cap With Print,Casco3,PF-PSF,09-PF-TN1,Casco,2026-10-07
A0726AA,Reservoir Audi Welded,0,PF-PSF,04-SFGO,0,2026-10-07
A0727AA,Reservoir Doblo Welded,0,PF-PSF,04-SFGO,0,2026-10-07
A0728AA,Reservoir Tesla Welded,0,PF-PSF,04-SFGO,0,2026-10-07
A0729AA,Nozzle Guide G61 Assy,Opmpo3,PF-PSF,09-PF-TN1,Po,2026-10-07
A0730AA,Rsv Fisker Ocean Suv Welded,0,PF-PSF,04-SFGO,0,2026-10-07
A0731AA,Rsv Fisker Ocean Suv Controlled,Bospo3,PF-PSF,04-SFGO,Bosch,2026-10-07
A0731AA1,Rsv Fisker Ocean Suv Sorted,Bospo3,PF-PSF,05-FGOO,Bosch,2026-10-07
A0732AA,Remote Daimler Mma Lhd Welded,0,PF-PSF,03-SEM-TN1,0,2026-10-07
A0733AA,Collector Daimler Mma Rhd Welded,0,PF-PSF,03-SEM-TN1,0,2026-10-07
A0734AA,Remote Daimler Mma Rhd Welded,0,PF-PSF,03-SEM-TN1,0,2026-10-07
A0736AA,Insert Petrol Assembly B10/C9 (4451-2321),0,PF-PSF,04-SFGO,0,2026-10-07
A0737AA,Assy Deflector Benzin Assembly B10 (5681-2333),Yapcz3,PF-PSF,05-FGOO,Yapp,2026-10-07
A0737AA1,Assy Deflector Benzin Assembly B10 (5681-2333),Yapcz3,PF-PSF,05-FGOO,Yapp,2026-10-07
A0738AA,Assy Deflector Diesel Assembly B10 (5682-2323),Yapcz3,PF-PSF,05-FGOO,Yapp,2026-10-07
A0738AA1,Assy Deflector Diesel Assembly B10 (5682-2323),Yapcz3,PF-PSF,05-FGOO,Yapp,2026-10-07
A0741AA,Assemblage Final Fsd Ja0968,Michaud3,PF-PSF,03-SEM-TN2,Othnau,2026-10-07
A0749AA,Float Daimler Mma,0,PF-PSF,03-SEM-TN2,0,2026-10-07
A0749AAK,Float Daimler Mma,0,PF-PSF,03-SEM-TN1,0,2026-10-07
A0750AA,Collector Daimler Mma Lhd Controlled,Zfger3,PF-PSF,09-PF-TN1,Zf,2026-10-07
A0750AB,Collector Daimler Mma Lhd Controlled,Zfger3,PF-PSF,09-PF-TN1,Zf,2026-10-07
A0751AA,Remote Daimler Mma Lhd Controlled,Zfger3,PF-PSF,09-PF-TN1,Zf,2026-10-07
A0751AB,Remote Daimler Mma Lhd Controlled,Zfger3,PF-PSF,09-PF-TN1,Zf,2026-10-07
A0752AA,Collector Daimler Mma Rhd Controlled,Zfger3,PF-PSF,09-PF-TN1,Zf,2026-10-07
A0752AB,Collector Daimler Mma Rhd Controlled,Zfger3,PF-PSF,09-PF-TN1,Zf,2026-10-07
A0753AA,Remote Daimler Mma Rhd Controlled,Zfger3,PF-PSF,09-PF-TN1,Zf,2026-10-07
A0753AB,Remote Daimler Mma Rhd Controlled,Zfger3,PF-PSF,09-PF-TN1,Zf,2026-10-07
A0758AA,Porte Fusible Fsd G2 Assemble,Michaud3,PF-PSF,09-PF-TN2,Othnau,2026-10-07
A0759AA,Bol Square X52 Assembly,Poama3,PF-PSF,09-PF-TN1,Po,2026-10-07
A0760AA,Rsv Ipb B2E Lhd Welded,0,PF-PSF,04-SFGO,0,2026-10-07
A0761AA,Rsv Ipb B2E Lhd Controlled,Bospo3,PF-PSF,04-SFGO,Bosch,2026-10-07
A0761AA1,Rsv Ipb B2E Lhd Sorted,Bosde3,PF-PSF,05-FGOO,Bosch,2026-10-07
A0762AA,Rsv Ford B2E Ipb Rhd Welded,0,PF-PSF,04-SFGO,0,2026-10-07
A0763AA,Rsv Ford B2E Ipb Rhd Controlled,Bospo3,PF-PSF,04-SFGO,Bosch,2026-10-07
A0763AA1,Rsv Ford B2E Ipb Rhd Sorted,Bosde3,PF-PSF,05-FGOO,Bosch,2026-10-07
A0765AA,Clippage Vis & Tampographie Simple,Michaud3,PF-PSF,03-SEM-TN1,Othnau,2026-10-07
A0769AA,Connecteur Cbs/Ct 95 Assembly,Michaud3,PF-PSF,09-PF-TN1,Othnau,2026-10-07
A0770AA,Assy Deflector Petrol C9 (5681-2334),Yapcz3,PF-PSF,05-FGOO,Yapp,2026-10-07
A0770AA1,Assy Deflector Petrol C9 (5681-2334),Yapcz3,PF-PSF,05-FGOO,Yapp,2026-10-07
A0771AA,Assy Deflector Diesel C9 (5682-2324),Yapcz3,PF-PSF,05-FGOO,Yapp,2026-10-07
A0771AA1,Assy Deflector Diesel C9 (5682-2324),Yapcz3,PF-PSF,05-FGOO,Yapp,2026-10-07
A0772AA,4 Way Connector Assembly,Huttn3,PF-PSF,09-PF-TN2,Hutch,2026-10-07
A0772AAK,4 Way Connector Assembly,Huttn3,PF-PSF,09-PF-TN1,Hutch,2026-10-07
A0776AA,Liquid Trap Controlled,Poask3,PF-PSF,09-PF-TN1,Po,2026-10-07
A0783AA,Icv_Psa_Cmp_E6,Poask3,PF-PSF,09-PF-TN1,Po,2026-10-07
A0787AA,Rsv Ipb Jaguar Tested,Bosde3,PF-PSF,09-PF-TN1,Bosch,2026-10-07
A0790AA,Bracket Smartcar Cc21 _6,Poask3,PF-PSF,09-PF-TN2,Po,2026-10-07
A0790AAK,Bracket Smartcar Cc21 _6,Poask3,PF-PSF,03-SEM-TN1,Po,2026-10-07
A0791AA,Bracket Smartcar Cc24 _6,Poask3,PF-PSF,09-PF-TN2,Po,2026-10-07
A0791AAK,Bracket Smartcar Cc24 _6,Poask3,PF-PSF,09-PF-TN1,Po,2026-10-07
A0799AA,Rsv Jaguar Ipb 2.0 Mla Welded,0,PF-PSF,03-SEM-TN1,0,2026-10-07
A0801AA,Fuseholder Spyder Assy,Draxde3,PF-PSF,09-PF-TN2,Drax,2026-10-07
A0801AAK,Fuseholder Spyder Assy,Draxde3,PF-PSF,09-PF-TN1,Drax,2026-10-07
A0802AA,Rsv Volvo Cl40 Lhd Welded,0,PF-PSF,04-SFGO,0,2026-10-07
A0803AA,Rsv Volvo Cl40 Lhd Controlled,0,PF-PSF,05-FGOO,0,2026-10-07
A0806AA,Bouchon Tesla Assy,Bosde3,PF-PSF,09-PF-TN1,Bosch,2026-10-07
A0808AA,Reservoir Audi Ppe Ipb 1.0 Welded,0,PF-PSF,04-SFGO,0,2026-10-07
A0809AA,Reservoir Audi Ppe Ipb 1.0 Controlled,Bosde3,PF-PSF,04-SFGO,Bosch,2026-10-07
A0809AA1,Reservoir Audi Ppe Ipb 1.0 Sorted,Bosde3,PF-PSF,05-FGOO,Bosch,2026-10-07
A0811AA,Rsv Mb Ea-L Controlled,0,PF-PSF,04-SFGO,0,2026-10-07
A0822AA,Reservoir Audi Ppe Ipb 1.0 Engraved,0,PF-PSF,04-SFGO,0,2026-10-07
B001,Dechets Plastiques,0,DIVERS,18-DECHET,0,2026-10-07
B770,Durethan Akv 35 Hr H2.0 901510 Broye,0,MATIRE,01-MP,0,2026-10-07
B828,Thermofil 10F0V2 Nat. Broye,0,MATIRE,01-MP,0,2026-10-07
C026,Film Etirable Machine,0,CONSOMMABLE,05-CONSO,0,2026-10-07
C027,Film Etirable Manuel,0,CONSOMMABLE,05-CONSO,0,2026-10-07
C028,Film Tirable Noir,0,CONSOMMABLE,05-CONSO,0,2026-10-07
C046,Scotch Rouleau Tesa Havane,0,CONSOMMABLE,05-CONSO,0,2026-10-07
C061,AcTone Technique 20063.365,0,CONSOMMABLE,05-CONSO,0,2026-10-07
C096,Loctite 8021,0,CONSOMMABLE,05-CONSO,0,2026-10-07
C148A,Fluxclene With Brush 400M,0,CONSOMMABLE,05-CONSO,0,2026-10-07
C150,Flacon Encre Minicodeur Couleu,0,CONSOMMABLE,05-CONSO,0,2026-10-07
C151,Cartouche Encre Minicodeur Cou,0,CONSOMMABLE,05-CONSO,0,2026-10-07
C152,Flacon Primer Regenerant,0,CONSOMMABLE,05-CONSO,0,2026-10-07
C154,Eau DMinRalis,0,CONSOMMABLE,05-CONSO,0,2026-10-07
C156,Ruban D'Encre (450 Metres),0,CONSOMMABLE,05-CONSO,0,2026-10-07
C157,Bon De Mouvement Magasin,0,CONSOMMABLE,05-CONSO,0,2026-10-07
C162,"Fil De Soudure Sn 99,3 Cu 0,7",0,CONSOMMABLE,05-CONSO,0,2026-10-07
C168,Huile 15W40,0,CONSOMMABLE,05-CONSO,0,2026-10-07
C197,Film D?Impression A Chaud Brillor X1295 Jaune,0,CONSOMMABLE,05-CONSO,0,2026-10-07
C199,B.X.9875 Pl Avec Ral 1023,0,CONSOMMABLE,05-CONSO,0,2026-10-07
C202,Isolant Soudure Filler Head,0,CONSOMMABLE,05-CONSO,0,2026-10-07
C203,Durcisseur H1,0,CONSOMMABLE,05-CONSO,0,2026-10-07
C204,Diluant Tpv1,0,CONSOMMABLE,05-CONSO,0,2026-10-07
C205,Encre Tpy Pantone 11-4800Tpx,0,CONSOMMABLE,05-CONSO,0,2026-10-07
C206,Graisse Neutre,0,CONSOMMABLE,05-CONSO,0,2026-10-07
C211,Ruban Thermique Out 153Mm*450Ml Resine,0,CONSOMMABLE,05-CONSO,0,2026-10-07
C212,Ruban Colorit P912 / 122M,0,CONSOMMABLE,05-CONSO,0,2026-10-07
CL03,M41825B50 Noir B50,0,MATIRE,04-COLOR,0,2026-10-07
CL07,Lifocolor Noir 78000Pa,0,MATIRE,04-COLOR,0,2026-10-07
CL101,Lifocolor Jaune 30-711784,0,MATIRE,04-COLOR,0,2026-10-07
CL104,Lifocolor Orange 30-721574,0,MATIRE,04-COLOR,0,2026-10-07
CL105,Violet B9 1% Ral 4005,0,MATIRE,04-COLOR,0,2026-10-07
CL107,Lifocolor Marron 30-771903,0,MATIRE,04-COLOR,0,2026-10-07
CL110,Blanc M02500B16,0,MATIRE,04-COLOR,0,2026-10-07
CL136,Clt Chartreuse Pantone 388C (Base Pa),0,MATIRE,04-COLOR,0,2026-10-07
CL137,Lifocolor Bleu 30-154080,0,MATIRE,04-COLOR,0,2026-10-07
CL137A,Hermacolor Bl 5017,0,MATIRE,04-COLOR,0,2026-10-07
CL14,Clt Bleu Universel 1985 Nu,0,MATIRE,04-COLOR,0,2026-10-07
CL142,Colorant Pbk 7220 Black,0,MATIRE,04-COLOR,0,2026-10-07
CL142B,Colorant Pbk 7220 Black,0,MATIRE,04-COLOR,0,2026-10-07
CL144,M151812Pom Bleu 2%,0,MATIRE,04-COLOR,0,2026-10-07
CL147,Unifoam Az Ultra 1050,0,MATIRE,04-COLOR,0,2026-10-07
CL149,Lifocolor Gris Ral7040 Ref30-783870,0,MATIRE,04-COLOR,0,2026-10-07
CL150,Prisma-Jaune Ral 1018-101177,0,MATIRE,04-COLOR,0,2026-10-07
CL151,Masterbatch Uuj9020,0,MATIRE,02-COLO,0,2026-10-07
CL153,Lifocolor-Modry 10-51937 F/Pom,0,MATIRE,02-COLO,0,2026-10-07
CL154,Gymacolor Gm1221N Uv Nat Pp/Pe-Naturel-Tx :3 A 5%,0,MATIRE,04-COLOR,0,2026-10-07
CL155,Prisma Jaune Ff-6631-01 Ral 1028_1844-Tc0058,0,MATIRE,04-COLOR,0,2026-10-07
CL156,Cool Grey 11 (Pantone) 30-585177,0,MATIRE,04-COLOR,0,2026-10-07
CL157,Lifocolor Gris Ral 7016 Ref 30-684109,0,MATIRE,04-COLOR,0,2026-10-07
CL158,Lifocolor Orange Ral 2004 / Ref 30-121243,0,MATIRE,04-COLOR,0,2026-10-07
CL159,Lifocolor Gris 30-183838 Ral7047,0,MATIRE,04-COLOR,0,2026-10-07
CL161,Lifocolor Gris 30-783439 (Ral 7012 ),0,MATIRE,04-COLOR,0,2026-10-07
CL162,62S91Uby Gxh Black,0,MATIRE,04-COLOR,0,2026-10-07
CL163,Rouge (1789) Pp 32332302,0,MATIRE,04-COLOR,0,2026-10-07
CL165,Laser-Marking Additive 22-02164,0,MATIRE,02-COLO,0,2026-10-07
CL19,Lifocolor Noir 28002,0,MATIRE,04-COLOR,0,2026-10-07
CL41,Unifoam Az 585,0,MATIRE,04-COLOR,0,2026-10-07
CL42,Lifocolor Vert 30-163316,0,MATIRE,01-MP,0,2026-10-07
CL43,Lifocolor Blanc 70002,0,MATIRE,04-COLOR,0,2026-10-07
CL45,Lifocolor Jaune 30-111754,0,MATIRE,04-COLOR,0,2026-10-07
CL48,Sentor M98793B10 Vert /Lifocolor Vert 30-663296,0,MATIRE,04-COLOR,0,2026-10-07
CL49,Clt Bleu Base Po,0,MATIRE,04-COLOR,0,2026-10-07
CL51,Clt M64936Pbt-R6025 Vert,0,MATIRE,04-COLOR,0,2026-10-07
CL51A,Hermacolor Gr6003/,0,MATIRE,04-COLOR,0,2026-10-07
CL56,Clt Jaune Ral 1018,0,MATIRE,04-COLOR,0,2026-10-07
CL57,Clt Orange Ral 2009,0,MATIRE,04-COLOR,0,2026-10-07
CL58,Clt Rouge Ral 3002,0,MATIRE,04-COLOR,0,2026-10-07
CL59,Clt Vert Ral 6032,0,MATIRE,04-COLOR,0,2026-10-07
CL60,Clt Bleu Ral M36398P1,0,MATIRE,04-COLOR,0,2026-10-07
CL64,Colorant Gris Ral 7000,0,MATIRE,04-COLOR,0,2026-10-07
CL83,Mm Gris 7035 Pc,0,MATIRE,04-COLOR,0,2026-10-07
CL85,Stearate De Zinc,0,MATIRE,04-COLOR,0,2026-10-07
CL88,M143842 Bleu B16 2%,0,MATIRE,04-COLOR,0,2026-10-07
CL90,Ncs Black Transpant / Pp,0,MATIRE,04-COLOR,0,2026-10-07
CL99,Vert P382C,0,MATIRE,04-COLOR,0,2026-10-07
I7642BC,Allonge De Potentiometre,Boswe3,PF-PSF,09-PF-TN1,Bosch,2026-10-07
I7807AC,Boitier At,Porfr3,PF-PSF,09-PF-TN1,Othaut,2026-10-07
I7835AA,Rondelle,Fauvi1,PF-PSF,09-PF-TN1,Othaut,2026-10-07
I8104AB,Flotteur J81,0,PF-PSF,03-SEM-TN1,0,2026-10-07
I8104AC,Flotteur J81,0,PF-PSF,03-SEM-TN1,0,2026-10-07
I8134AB,Croisillon D'Arriere,0,PF-PSF,03-SEM-TN1,0,2026-10-07
I8135BA,Couvercle De Clapet Spd,0,PF-PSF,03-SEM-TN1,0,2026-10-07
I8136AC,Fut De Clapet Spd,0,PF-PSF,03-SEM-TN1,0,2026-10-07
I8161AA,Inserts,Delkr1,PF-PSF,09-PF-TN1,Othaut,2026-10-07
I8165AA,I8161 Bushing,Delkr1,PF-PSF,09-PF-TN1,Othaut,2026-10-07
I8183AA,Boitier W211,0,PF-PSF,03-SEM-TN1,0,2026-10-07
I8196A,Volet A08 Pfa,0,PF-PSF,03-SEM-TN1,0,2026-10-07
I8203A,Flap Full Plastic,Delkr1,PF-PSF,09-PF-TN1,Othaut,2026-10-07
I8204A,Link Full Plastic,Delkr1,PF-PSF,09-PF-TN1,Othaut,2026-10-07
I8205A,Entretoise F199,0,PF-PSF,03-SEM-TN1,0,2026-10-07
I8205B,Entretoise X4400,0,PF-PSF,03-SEM-TN1,0,2026-10-07
I8207ZA,Boitier+Couv F199,0,PF-PSF,03-SEM-TN1,0,2026-10-07
I8217AB2,Reservoir 418 -,0,PF-PSF,03-SEM-TN1,0,2026-10-07
I8217BB,Reservoir Fuso,0,PF-PSF,03-SEM-TN1,0,2026-10-07
I8247CA,Bouchon 0204852482,0,PF-PSF,03-SEM-TN1,0,2026-10-07
I8250AA,Flotteur X91,0,PF-PSF,03-SEM-TN1,0,2026-10-07
I8252ZB,Boitier + Couver,0,PF-PSF,03-SEM-TN1,0,2026-10-07
I8255ZB,Boitier + Couvercle X91,0,PF-PSF,03-SEM-TN1,0,2026-10-07
I8256AB,Collector Bombardier,Bospo3,PF-PSF,09-PF-TN1,Bosch,2026-10-07
I8258AA,Capuchon RServoir,Bospo3,PF-PSF,03-SEM-TN1,Bosch,2026-10-07
I8258BB,Capuchon F199 Ja,Boses3,PF-PSF,03-SEM-TN1,Bosch,2026-10-07
I8258CA,Cap F199 Collect,Boses3,PF-PSF,03-SEM-TN1,Bosch,2026-10-07
I8273AA,Entretoise D200,0,PF-PSF,03-SEM-TN1,0,2026-10-07
I8274AA,Tube D200 Rhd,0,PF-PSF,03-SEM-TN1,0,2026-10-07
I8275AA,Detecteur D200 Rhd,0,PF-PSF,03-SEM-TN1,0,2026-10-07
I8286AB,Plastic Filler Head X62,0,PF-PSF,03-SEM-TN1,0,2026-10-07
I8287AA,Plastic Nozzle G,0,PF-PSF,03-SEM-TN1,0,2026-10-07
I8301ZA,Rsv Ford V36,0,PF-PSF,03-SEM-TN1,0,2026-10-07
I8301ZB,Rsv Ford V36 Ica,0,PF-PSF,03-SEM-TN1,0,2026-10-07
I8303AA,Venturi Body Dfp,Delro3,PF-PSF,09-PF-TN2,Othaut,2026-10-07
I8316AA,Pipette De Mise A L'Air,0,PF-PSF,03-SEM-TN2,0,2026-10-07
I8324YA,Boitier+Couvercle Phase 2,0,PF-PSF,03-SEM-TN1,0,2026-10-07
I8327ZA,Rsv Collector X10,0,PF-PSF,03-SEM-TN1,0,2026-10-07
I8333BA,Key Shape W98,0,PF-PSF,03-SEM-TN1,0,2026-10-07
I8334BE,Filler Head Diesel W98,0,PF-PSF,03-SEM-TN1,0,2026-10-07
I8336AC,Restrictor Diese,0,PF-PSF,03-SEM-TN1,0,2026-10-07
I8339AA,Venturi Housing,0,PF-PSF,03-SEM-TN1,0,2026-10-07
I8339AB,Venturi Connector,0,PF-PSF,03-SEM-TN1,0,2026-10-07
I8350ZA,Reservoir Byd,0,PF-PSF,03-SEM-TN1,0,2026-10-07
I8359AA,Fut Clapet Court Vert,0,PF-PSF,03-SEM-TN1,0,2026-10-07
I8359CA,Fut Clapet Long Naturel,0,PF-PSF,03-SEM-TN1,0,2026-10-07
I8359DA,Fut Clapet Long Mauve,0,PF-PSF,03-SEM-TN1,0,2026-10-07
I8359EA,Fut Clapet Court Bleu,0,PF-PSF,03-SEM-TN1,0,2026-10-07
I8360AA,Couvercle Sp Spd,0,PF-PSF,03-SEM-TN1,0,2026-10-07
I8361AA,Valve Pression Sp,0,PF-PSF,03-SEM-TN1,0,2026-10-07
I8362AA,Valve Pression Spd,0,PF-PSF,03-SEM-TN1,0,2026-10-07
I8363AA,Croisillion,0,PF-PSF,03-SEM-TN1,0,2026-10-07
I8364AA,Valve Depression,0,PF-PSF,03-SEM-TN1,0,2026-10-07
I8365AA,Couvercle Fap,0,PF-PSF,03-SEM-TN1,0,2026-10-07
I8370ZC,Boitier + Couv Remote X12,0,PF-PSF,03-SEM-TN1,0,2026-10-07
I8375ZA,Boitier+Couvercle Collector X12,0,PF-PSF,03-SEM-TN1,0,2026-10-07
I8376AA,Venturi Dfp6 Psa,Delro3,PF-PSF,09-PF-TN2,Othaut,2026-10-07
I8376AAK,Venturi Dfp6 Psa,Delro3,PF-PSF,09-PF-TN1,Othaut,2026-10-07
I8377AA,Venturi One Piece,Delro1,PF-PSF,09-PF-TN2,Othaut,2026-10-07
I8391AA,"Orifice Plug O 0,8 (Brown)",Delro3,PF-PSF,09-PF-TN1,Othaut,2026-10-07
I8418AC,Boitier Avant,Coftn3,PF-PSF,09-PF-TN1,Othaut,2026-10-07
I8418BC,Couvercle Avant,Coftn3,PF-PSF,09-PF-TN1,Othaut,2026-10-07
I8419AC,Boitier Arriere,Coftn3,PF-PSF,09-PF-TN1,Othaut,2026-10-07
I8419BC,Couvercle Arriere,Coftn3,PF-PSF,09-PF-TN1,Othaut,2026-10-07
I8420AA,Entretoise,Coftn3,PF-PSF,09-PF-TN1,Othaut,2026-10-07
I8432AA,Timing Cover Dfp6,Delro3,PF-PSF,09-PF-TN1,Othaut,2026-10-07
I8432AAK,Timing Cover Dfp6,Delro3,PF-PSF,09-PF-TN1,Othaut,2026-10-07
I8433AA,Timing Key Dfp6,Delro3,PF-PSF,09-PF-TN1,Othaut,2026-10-07
I8433AAK,Timing Key Dfp6,Delro3,PF-PSF,09-PF-TN1,Othaut,2026-10-07
I8436BA,"Twin Orifice Plug O2,5+O0,85",Delro1,PF-PSF,09-PF-TN1,Othaut,2026-10-07
I8441ZA,Venting Exit Port/Flange,0,PF-PSF,03-SEM-TN1,0,2026-10-07
I8442AA,Nipple Pipe,Tigcz3,PF-PSF,09-PF-TN1,Tigrou,2026-10-07
I8449AB,Bushing Rack New Mold #2,0,PF-PSF,04-SFGO,0,2026-10-07
I8449AE,Bushing Rack New Mold #2 - White Kepital H100 Nat,0,PF-PSF,04-SFGO,0,2026-10-07
I8450AB,Core,Softn3,PF-PSF,09-PF-TN2,Sofima,2026-10-07
I8451AA,Bypass Valve Body,Softn3,PF-PSF,09-PF-TN2,Sofima,2026-10-07
I8451AAK,Bypass Valve Body,Softn3,PF-PSF,09-PF-TN1,Sofima,2026-10-07
I8455CB,Cap Assy Anonym Version,Softn3,PF-PSF,09-PF-TN1,Sofima,2026-10-07
I8469AA,Pipette Pl73 2 Voies,0,PF-PSF,03-SEM-TN2,0,2026-10-07
I8469AAK,Pipette Pl73 2 Voies,0,PF-PSF,03-SEM-TN1,0,2026-10-07
I8470AA,Nipple 3W,0,PF-PSF,03-SEM-TN2,0,2026-10-07
I8470AAK,Nipple 3W,0,PF-PSF,03-SEM-TN1,0,2026-10-07
I8471AA,Goulotte Gauche A32/A43,Cabfr3,PF-PSF,09-PF-TN1,Othaut,2026-10-07
I8472AA,Goulotte Droite A32/A43,Cabfr3,PF-PSF,09-PF-TN1,Othaut,2026-10-07
I8473AA,Tete Nue,0,PF-PSF,03-SEM-TN2,0,2026-10-07
I8473AAK,Tete Nue,0,PF-PSF,03-SEM-TN1,0,2026-10-07
I8474CE,Embase Bentley Ferrite,0,PF-PSF,03-SEM-TN2,0,2026-10-07
I8474CEK,Embase Bentley Ferrite,0,PF-PSF,03-SEM-TN1,0,2026-10-07
I8476AA,Houssing,0,PF-PSF,03-SEM-TN2,0,2026-10-07
I8476AAK,Houssing,0,PF-PSF,03-SEM-TN1,0,2026-10-07
I8477AB,Flap Holder,0,PF-PSF,03-SEM-TN2,0,2026-10-07
I8477ABK,Flap Holder,0,PF-PSF,03-SEM-TN1,0,2026-10-07
I8478AA,Flap,0,PF-PSF,03-SEM-TN1,0,2026-10-07
I8478AAK,Flap,0,PF-PSF,03-SEM-TN1,0,2026-10-07
I8480AA,Liquid Trap B09,0,PF-PSF,03-SEM-TN2,0,2026-10-07
I8480AAK,Liquid Trap B09,0,PF-PSF,03-SEM-TN1,0,2026-10-07
I8484ZA,Venting Exit Mqb Hybrid Port/Flange,0,PF-PSF,03-SEM-TN1,0,2026-10-07
I8485BC,Fill Neck Edison Eu R4S,0,PF-PSF,03-SEM-TN1,0,2026-10-07
I8486BC,Restrictor Edison Eu R4S,0,PF-PSF,03-SEM-TN1,0,2026-10-07
I8487AA,Brush Plate Version 2 Trous Dia3,Avofr3,PF-PSF,09-PF-TN1,Othaut,2026-10-07
I8488AA,Retaining Ring,Softn3,PF-PSF,09-PF-TN2,Sofima,2026-10-07
I8488AAK,Retaining Ring,Softn3,PF-PSF,09-PF-TN1,Sofima,2026-10-07
I8489AA,Upper Cover,Softn3,PF-PSF,09-PF-TN2,Sofima,2026-10-07
I8489AAK,Upper Cover,Softn3,PF-PSF,09-PF-TN1,Sofima,2026-10-07
I8490AA,Under Cover,Softn3,PF-PSF,09-PF-TN2,Sofima,2026-10-07
I8490AB,Under Cover,Softn3,PF-PSF,03-SEM-TN2,Sofima,2026-10-07
I8490BA,Under Cover (Sans Logo Et Avec RF 5949768155),Softn3,PF-PSF,03-SEM-TN2,Sofima,2026-10-07
I8490CA,Under Cover (Sans Logo Et Sans RFRence Client),Softn3,PF-PSF,03-SEM-TN2,Sofima,2026-10-07
I8490CAK,Under Cover (Sans Logo Et Sans RFRence Client),Softn3,PF-PSF,03-SEM-TN1,Sofima,2026-10-07
I8490DA,Under Cover Avec Logo Et Ref.Piece 5803401281,Softn1,PF-PSF,03-SEM-TN2,Sofima,2026-10-07
I8490DAK,Under Cover Avec Logo Et Ref.Piece 5803401281,Softn3,PF-PSF,03-SEM-TN1,Sofima,2026-10-07
I8491ZA,Liquid Trap B9_6 Nu,0,PF-PSF,03-SEM-TN1,0,2026-10-07
I8492ZA,Rsv F199 Avec Pipette,0,PF-PSF,03-SEM-TN1,0,2026-10-07
I8492ZB,Rsv F199 Sans Pipette,0,PF-PSF,03-SEM-TN1,0,2026-10-07
I8492ZC,Rsv L0 Us Avec Pipette,0,PF-PSF,03-SEM-TN1,0,2026-10-07
I8492ZD,Rsv L0 Us Sans Pipette,0,PF-PSF,03-SEM-TN1,0,2026-10-07
I8494AA,Flotteur Reservoir Doblo,0,PF-PSF,03-SEM-TN1,0,2026-10-07
I8495ZA,Reservoir Top+Bottom Doblo,0,PF-PSF,04-SFGO,0,2026-10-07
I8496AA,Venturi Step 3,Delro3,PF-PSF,09-PF-TN1,Othaut,2026-10-07
I8496BA,Venturi Hmc,Delro3,PF-PSF,09-PF-TN2,Othaut,2026-10-07
I8496BAK,Venturi Hmc,Delro3,PF-PSF,09-PF-TN1,Othaut,2026-10-07
I8510AA,Corps De Venturi A,0,PF-PSF,03-SEM-TN2,0,2026-10-07
I8511AA,Corps De Venturi B,0,PF-PSF,03-SEM-TN2,0,2026-10-07
I8511AAK,Corps De Venturi B,0,PF-PSF,03-SEM-TN1,0,2026-10-07
I8512AA,Gigleur De Venturi,0,PF-PSF,03-SEM-TN2,0,2026-10-07
I8512AAK,Gigleur De Venturi,0,PF-PSF,03-SEM-TN1,0,2026-10-07
I8513AB,Shroud Euro-6,Delro3,PF-PSF,09-PF-TN2,Othaut,2026-10-07
I8513ABK,Shroud Euro-6,Delro3,PF-PSF,09-PF-TN1,Othaut,2026-10-07
I8514AC,"Guide Essence X52 Diam 22,4",0,PF-PSF,03-SEM-TN2,0,2026-10-07
I8514ACK,"Guide Essence X52 Diam 22,4",0,PF-PSF,03-SEM-TN1,0,2026-10-07
I8514CCK,Guide Remplissage Nu X52,0,PF-PSF,03-SEM-TN1,0,2026-10-07
I8514DC,"Guide X52 Dia22,4 Nu",0,PF-PSF,03-SEM-TN2,0,2026-10-07
I8514DCK,"Guide X52 Dia22,4 Nu",0,PF-PSF,03-SEM-TN1,0,2026-10-07
I8514EC,"Guide X52 Dia22,4 Nu Wo Spd",0,PF-PSF,03-SEM-TN2,0,2026-10-07
I8514EC1,Nozzle Guide Gaz Hjd Wo Opv,Poama3,PF-PSF,09-PF-TN2,Po,2026-10-07
I8514ECK,"Guide X52 Dia22,4 Nu Wo Spd",0,PF-PSF,03-SEM-TN1,0,2026-10-07
I8514ECK1,Nozzle Guide Gaz Hjd Wo Opv,Poama3,PF-PSF,09-PF-TN1,Po,2026-10-07
I8515YA,Rsw Tesla Injected - After Modification,0,PF-PSF,04-SFGO,0,2026-10-07
I8520ZC,Reservoir Top+Bottom Audi Modified Ejectors,0,PF-PSF,04-SFGO,0,2026-10-07
I8521AA,Flotteur Audi,0,PF-PSF,03-SEM-TN1,0,2026-10-07
I8524ZA,Reservoir Top+Bottom Epsilon,0,PF-PSF,04-SFGO,0,2026-10-07
I8526ZA,Reservoir Psa Emp,0,PF-PSF,04-SFGO,0,2026-10-07
I8527BA,Tete X82 _6 Modification,0,PF-PSF,03-SEM-TN1,0,2026-10-07
I8528AA,Embase X82 _6,0,PF-PSF,03-SEM-TN1,0,2026-10-07
I8533AA,Tete Nue,0,PF-PSF,03-SEM-TN1,0,2026-10-07
I8536ZA,Reservoir X4400,0,PF-PSF,03-SEM-TN1,0,2026-10-07
I8536ZB,Reservoir Ss4403,0,PF-PSF,03-SEM-TN1,0,2026-10-07
I8537ZA,Collector F199,0,PF-PSF,03-SEM-TN1,0,2026-10-07
I8540AA,Embout Psa,Tmsfr3,PF-PSF,09-PF-TN2,Tms,2026-10-07
I8551AA,Relief Valve,Moldfr3,PF-PSF,09-PF-TN2,M+H,2026-10-07
I8552CA,By Pass Shutter,Moldfr3,PF-PSF,09-PF-TN2,M+H,2026-10-07
I8552CAK,By Pass Shutter,Moldfr3,PF-PSF,09-PF-TN1,M+H,2026-10-07
I8578AA,Embout Ford,Tmsfr3,PF-PSF,09-PF-TN2,Tms,2026-10-07
I8578AB,Embout Ford Dt3648-P,Tmsfr3,PF-PSF,09-PF-TN2,Tms,2026-10-07
I8578ABK,Embout Ford Dt3648-P,Tmsfr3,PF-PSF,09-PF-TN1,Tms,2026-10-07
I8584AA,Deflector Mqb A1 Suv,0,PF-PSF,04-SFGO,0,2026-10-07
I8585AB,Insert Mqb A1 Suv,0,PF-PSF,04-SFGO,0,2026-10-07
I8590AC,Tete Essence B618 Nue,0,PF-PSF,03-SEM-TN1,0,2026-10-07
I8591AB,Tete Nue Diesel,0,PF-PSF,03-SEM-TN1,0,2026-10-07
I8595AB,Filler Spud,Poacm3,PF-PSF,05-FGOO,Po,2026-10-07
I8596AB,Efr Bracket Mqb A2 Suv Euro-6D,0,PF-PSF,04-SFGO,0,2026-10-07
I8597AA,Deflector Mqb A2 Suv,0,PF-PSF,04-SFGO,0,2026-10-07
I8598AB,Insert Mqb A2 Suv,0,PF-PSF,04-SFGO,0,2026-10-07
I8601AA,Liquid Trap Bentley,0,PF-PSF,03-SEM-TN2,0,2026-10-07
I8601AAK,Liquid Trap Bentley,0,PF-PSF,03-SEM-TN1,0,2026-10-07
I8602AC,Restrictor Au495 Ferrite,0,PF-PSF,03-SEM-TN2,0,2026-10-07
I8602BA,Qc Nipple Au495,0,PF-PSF,03-SEM-TN2,0,2026-10-07
I8603AA,Tube Au495,0,PF-PSF,03-SEM-TN2,0,2026-10-07
I8605AA,Baffle V2,0,PF-PSF,03-SEM-TN2,0,2026-10-07
I8605AAK,Baffle V2,0,PF-PSF,03-SEM-TN1,0,2026-10-07
I8606ZC,Reservoir Volvo Lhd Injected Modified Corners,0,PF-PSF,04-SFGO,0,2026-10-07
I8607AA,Flotteur F199/X4400,0,PF-PSF,03-SEM-TN1,0,2026-10-07
I8608AA,Tube Detecteur F199,0,PF-PSF,03-SEM-TN1,0,2026-10-07
I8610AA,Flow Guide Bmw,0,PF-PSF,03-SEM-TN1,0,2026-10-07
I8612AA,Bracket Mtg Mrr U55X,0,PF-PSF,04-SFGO,0,2026-10-07
I8615AA,Deflector Mqb A1 Jetta Mexico,0,PF-PSF,04-SFGO,0,2026-10-07
I8616ZA,Reservoir Vw Passat Rhd,0,PF-PSF,04-SFGO,0,2026-10-07
I8616ZC,Injection Reservoir Vw Passat Rhd - Modified Ribs,0,PF-PSF,04-SFGO,0,2026-10-07
I8617AA,Flap Holder K0,0,PF-PSF,03-SEM-TN1,0,2026-10-07
I8617AB,Flap Holder K0,0,PF-PSF,03-SEM-TN1,0,2026-10-07
I8618AA,Flap K0,0,PF-PSF,03-SEM-TN1,0,2026-10-07
I8618AB,Flap K0,0,PF-PSF,03-SEM-TN1,0,2026-10-07
I8619ZB,Reservoir Vw Passat Bi Turbo - New Filter,0,PF-PSF,04-SFGO,0,2026-10-07
I8620ZA,Capacite De Degazage,0,PF-PSF,03-SEM-TN1,0,2026-10-07
I8621ZA,Reservoir Porsche 992 W/O Pipe,0,PF-PSF,04-SFGO,0,2026-10-07
I8621ZB,Reservoir Porsche 992 W/O Pipe,0,PF-PSF,04-SFGO,0,2026-10-07
I8622AB,Buttom Lid Anonym Version,Softn3,PF-PSF,03-SEM-TN2,Sofima,2026-10-07
I8623ZB,Reservoir Volvo Rhd Injected Modified Corners,0,PF-PSF,04-SFGO,0,2026-10-07
I8624AD,Filler Head K9,0,PF-PSF,03-SEM-TN2,0,2026-10-07
I8624ADK,Filler Head K9,0,PF-PSF,03-SEM-TN1,0,2026-10-07
I8624BA,Filler Head K9 W/O Mfi,0,PF-PSF,03-SEM-TN2,0,2026-10-07
I8624BAK,Filler Head K9 W/O Mfi,0,PF-PSF,03-SEM-TN1,0,2026-10-07
I8625AC,Guide K9,0,PF-PSF,03-SEM-TN2,0,2026-10-07
I8625ACK,Guide K9,0,PF-PSF,03-SEM-TN1,0,2026-10-07
I8625BA,Guide K9 W/O Mfi,0,PF-PSF,03-SEM-TN2,0,2026-10-07
I8625BAK,Guide K9 W/O Mfi,0,PF-PSF,03-SEM-TN1,0,2026-10-07
I8626AB,Spirale Mfi,0,PF-PSF,03-SEM-TN2,0,2026-10-07
I8626ABK,Spirale Mfi,0,PF-PSF,03-SEM-TN1,0,2026-10-07
I8627AA,Volet Mfi,0,PF-PSF,03-SEM-TN1,0,2026-10-07
I8627AAK,Volet Mfi,0,PF-PSF,03-SEM-TN1,0,2026-10-07
I8627BA,Volet Mfi Coup,0,PF-PSF,03-SEM-TN1,0,2026-10-07
I8627BAK,Volet Mfi Coup,0,PF-PSF,03-SEM-TN1,0,2026-10-07
I8628AB,Filler Head M0,Poaro3,PF-PSF,09-PF-TN1,Po,2026-10-07
I8629AD,Filler Head Cmp,0,PF-PSF,03-SEM-TN2,0,2026-10-07
I8629ADK,Filler Head Cmp,0,PF-PSF,03-SEM-TN1,0,2026-10-07
I8630AC,Guide Cmp W Mfi,0,PF-PSF,03-SEM-TN1,0,2026-10-07
I8630BB,Guide Cmp W/O Mfi,0,PF-PSF,03-SEM-TN2,0,2026-10-07
I8630BBK,Guide Cmp W/O Mfi,0,PF-PSF,03-SEM-TN1,0,2026-10-07
I8632AA,Fill Vent Nipple Cmp,Poama3,PF-PSF,09-PF-TN2,Po,2026-10-07
I8632CA,Fill Vent Nipple Cmp Qc,Poaes3,PF-PSF,09-PF-TN2,Po,2026-10-07
I8632CAK,Fill Vent Nipple Cmp Qc,Poaes3,PF-PSF,09-PF-TN1,Po,2026-10-07
I8633AA,Flap Icv Cmp,0,PF-PSF,09-PF-TN2,0,2026-10-07
I8633AAK,Flap Icv Cmp,0,PF-PSF,09-PF-TN1,0,2026-10-07
I8634AA,Body Icv Cmp,0,PF-PSF,03-SEM-TN2,0,2026-10-07
I8634AAK,Body Icv Cmp,0,PF-PSF,03-SEM-TN1,0,2026-10-07
I8635AA,Body Liquid Trap Without Bracket,0,PF-PSF,03-SEM-TN2,0,2026-10-07
I8635AAK,Body Liquid Trap Without Bracket,0,PF-PSF,03-SEM-TN1,0,2026-10-07
I8636AA,Head Liquid Trap Without Bracket,0,PF-PSF,03-SEM-TN2,0,2026-10-07
I8636AAK,Head Liquid Trap Without Bracket,0,PF-PSF,03-SEM-TN1,0,2026-10-07
I8637AA,Body Liquid Trap With Bracket Middle (Cmf1.1),0,PF-PSF,03-SEM-TN2,0,2026-10-07
I8639AA,Head Liquid Trap With Bracket (Cmf1.4 / Cmf1.6),0,PF-PSF,03-SEM-TN2,0,2026-10-07
I8641AA,"Reservoir Psa Emp 3+4, Sabic",0,PF-PSF,04-SFGO,0,2026-10-07
I8641ZA,Reservoir Psa Emp 3+4,0,PF-PSF,04-SFGO,0,2026-10-07
I8642AA,Fill Neck Cmfb,0,PF-PSF,03-SEM-TN2,0,2026-10-07
I8642AAK,Fill Neck Cmfb,0,PF-PSF,03-SEM-TN1,0,2026-10-07
I8643AA,Funnel Petrol Cmfb,0,PF-PSF,04-SFGO,0,2026-10-07
I8643AAK,Funnel Petrol Cmfb,0,PF-PSF,03-SEM-TN1,0,2026-10-07
I8644AB,Funnel Diesel Cmfb,0,PF-PSF,04-SFGO,0,2026-10-07
I8644ABK,Funnel Diesel Cmfb,0,PF-PSF,03-SEM-TN1,0,2026-10-07
I8645AB,Float Psa New Foam,0,PF-PSF,04-SFGO,0,2026-10-07
I8646AB,Plastic Cover / Cap Assy,Softn3,PF-PSF,09-PF-TN1,Sofima,2026-10-07
I8647AB,Fill Vent Niple 9X2,0,PF-PSF,03-SEM-TN1,0,2026-10-07
I8647ABK,Fill Vent Niple 9X2,0,PF-PSF,03-SEM-TN1,0,2026-10-07
I8647BB,Umbrella Seat 9X2,0,PF-PSF,03-SEM-TN2,0,2026-10-07
I8647BBK,Umbrella Seat 9X2,0,PF-PSF,03-SEM-TN1,0,2026-10-07
I8648AA,Efr Bracket Mqb A2 Suv Euro-6D,0,PF-PSF,04-SFGO,0,2026-10-07
I8651ZA,Reservoir Porsche J1,0,PF-PSF,04-SFGO,0,2026-10-07
I8651ZB,Reservoir Porsche J1,0,PF-PSF,04-SFGO,0,2026-10-07
I8652ZC,Reservoir K8 - Modified Fill Neck,0,PF-PSF,04-SFGO,0,2026-10-07
I8654ZA,Reservoir X10 Rhd,0,PF-PSF,04-SFGO,0,2026-10-07
I8658AB,Nozzle Guide Closed G38 Us,0,PF-PSF,03-SEM-TN1,0,2026-10-07
I8658BB,Nozzle Guide Closed G32 Us,0,PF-PSF,03-SEM-TN1,0,2026-10-07
I8658CB,Nozzle Guide Closed G14 Us,0,PF-PSF,03-SEM-TN1,0,2026-10-07
I8658DB,Nozzle Guide Closed G32 Ece,0,PF-PSF,03-SEM-TN1,0,2026-10-07
I8658EB,Nozzle Guide Closed G14 Ece,0,PF-PSF,03-SEM-TN1,0,2026-10-07
I8658FB,Nozzle Guide Closed G30 Us,0,PF-PSF,03-SEM-TN1,0,2026-10-07
I8658GB,Nozzle Guide Closed G30 Ece,0,PF-PSF,03-SEM-TN1,0,2026-10-07
I8658HB,Nozzle Guide Closed Cn6 G7X,0,PF-PSF,03-SEM-TN1,0,2026-10-07
I8658IB,Nozzle Guide Closed Cn6 G6X Us,0,PF-PSF,03-SEM-TN1,0,2026-10-07
I8658JB,Nozzle Guide G61,0,PF-PSF,03-SEM-TN1,0,2026-10-07
I8659AA,Flow Guide G30,0,PF-PSF,03-SEM-TN1,0,2026-10-07
I8660AB,Filler Head Scr Top,0,PF-PSF,03-SEM-TN2,0,2026-10-07
I8660ABK,Filler Head Scr Top,0,PF-PSF,03-SEM-TN1,0,2026-10-07
I8660BA,Filler Head Scr Bottom,0,PF-PSF,03-SEM-TN2,0,2026-10-07
I8660BAK,Filler Head Scr Bottom,0,PF-PSF,03-SEM-TN1,0,2026-10-07
I8662AA,Buttom Lid,Softn3,PF-PSF,09-PF-TN2,Sofima,2026-10-07
I8664AA,Plastic Ring,Softn3,PF-PSF,09-PF-TN2,Sofima,2026-10-07
I8665AA,Flap 1K,0,PF-PSF,03-SEM-TN1,0,2026-10-07
I8666AA,Housing 1K,0,PF-PSF,03-SEM-TN1,0,2026-10-07
I8667AB,Nipple Psa E6D,Poabe3,PF-PSF,09-PF-TN1,Po,2026-10-07
I8669ZA,Liquid Trap E6D Boitier+Couvercle,0,PF-PSF,03-SEM-TN1,0,2026-10-07
I8670AA,Plastic Nozzle Guide K9,0,PF-PSF,03-SEM-TN1,0,2026-10-07
I8670AB,Plastic Nozzle Guide K9,0,PF-PSF,03-SEM-TN1,0,2026-10-07
I8670BA,Plastic Nozzle Guide R8,0,PF-PSF,03-SEM-TN1,0,2026-10-07
I8670BB,Plastic Nozzle Guide R8,0,PF-PSF,03-SEM-TN1,0,2026-10-07
I8670CA,Plastic Nozzle Guide X74,0,PF-PSF,03-SEM-TN1,0,2026-10-07
I8670CB,Plastic Nozzle Guide X74,0,PF-PSF,03-SEM-TN1,0,2026-10-07
I8672AA,Deflector,0,PF-PSF,03-SEM-TN1,0,2026-10-07
I8673AA,3 Ways Clip,Poacm3,PF-PSF,09-PF-TN1,Po,2026-10-07
I8674AA,Fill Neck Cmfb P13,0,PF-PSF,04-SFGO,0,2026-10-07
I8674AAK,Fill Neck Cmfb P13,0,PF-PSF,03-SEM-TN1,0,2026-10-07
I8676AB,Clip Canister Cmp Modifie,Poaes3,PF-PSF,09-PF-TN1,Po,2026-10-07
I8677ZA,Reservoir S4403 Rhd 1+1,0,PF-PSF,03-SEM-TN1,0,2026-10-07
I8684AB,Flotteur Platefom B,0,PF-PSF,03-SEM-TN1,0,2026-10-07
I8685AA,Labyrinth Cmp,0,PF-PSF,03-SEM-TN1,0,2026-10-07
I8686AA,Dust Cover Clip,Moldfr3,PF-PSF,09-PF-TN2,M+H,2026-10-07
I8691AA,By Pass Cover,Sogef3,PF-PSF,09-PF-TN2,Othaut,2026-10-07
I8691AAK,By Pass Cover,Sogef3,PF-PSF,09-PF-TN1,Othaut,2026-10-07
I8691BA,By Pass Valve,Sogef3,PF-PSF,09-PF-TN2,Othaut,2026-10-07
I8691BAK,By Pass Valve,Sogef3,PF-PSF,09-PF-TN1,Othaut,2026-10-07
I8692AA,Connecting Cable_Vl_85111368,0,PF-PSF,03-SEM-TN2,0,2026-10-07
I8692AAK,Connecting Cable_Vl_85111368,0,PF-PSF,03-SEM-TN1,0,2026-10-07
I8692BA,Connecting Cable_Vr_85111586,0,PF-PSF,03-SEM-TN2,0,2026-10-07
I8692BAK,Connecting Cable_Vr_85111586,0,PF-PSF,03-SEM-TN1,0,2026-10-07
I8692CA,Connecting Cable_Hl_85111590,0,PF-PSF,03-SEM-TN2,0,2026-10-07
I8692CAK,Connecting Cable_Hl_85111590,0,PF-PSF,03-SEM-TN1,0,2026-10-07
I8692DA,Connecting Cable_Hr_85111633,0,PF-PSF,03-SEM-TN2,0,2026-10-07
I8692DAK,Connecting Cable_Hr_85111633,0,PF-PSF,03-SEM-TN1,0,2026-10-07
I8692EA,Connecting Cable_85112333 Vl_S Class,0,PF-PSF,03-SEM-TN2,0,2026-10-07
I8692EAK,Connecting Cable_85112333 Vl_S Class,0,PF-PSF,03-SEM-TN1,0,2026-10-07
I8692FA,Connecting Cable_85112336 Vr_S Class,0,PF-PSF,03-SEM-TN2,0,2026-10-07
I8692FAK,Connecting Cable_85112336 Vr_S Class,0,PF-PSF,03-SEM-TN1,0,2026-10-07
I8692GA,Connecting Cable_85112339 Hl_ S Class,0,PF-PSF,03-SEM-TN2,0,2026-10-07
I8692GAK,Connecting Cable_85112339 Hl_ S Class,0,PF-PSF,03-SEM-TN1,0,2026-10-07
I8692HA,Connecting Cable_85112342 Hr_S Class,0,PF-PSF,03-SEM-TN2,0,2026-10-07
I8692HAK,Connecting Cable_85112342 Hr_S Class,0,PF-PSF,03-SEM-TN1,0,2026-10-07
I8693AA,Bouchon 0204852456,0,PF-PSF,03-SEM-TN1,0,2026-10-07
I8694ZA,Reservoir Top+Bottom Psa Emp2V3,0,PF-PSF,04-SFGO,0,2026-10-07
I8695AA,Capot B47C Tu0,Sogef3,PF-PSF,09-PF-TN2,Othaut,2026-10-07
I8695AAK,Capot B47C Tu0,Sogef3,PF-PSF,09-PF-TN1,Othaut,2026-10-07
I8696AA,Capot B47C Tu1,Sogef3,PF-PSF,09-PF-TN2,Othaut,2026-10-07
I8698AA,Internal Part Ipb E2Xx Rhd,0,PF-PSF,04-SFGO,0,2026-10-07
I8698BA,Filler Neck Part Ipb E2Xx Rhd,0,PF-PSF,04-SFGO,0,2026-10-07
I8699AA,Body Icv Lev3,0,PF-PSF,03-SEM-TN1,0,2026-10-07
I8699BA,Body Icv Ece,0,PF-PSF,03-SEM-TN1,0,2026-10-07
I8700AA,Flapper Lev3,0,PF-PSF,03-SEM-TN1,0,2026-10-07
I8700BA,Flapper Icv Cmp _ 7,0,PF-PSF,03-SEM-TN1,0,2026-10-07
I8701AA,Clip-Flap Lev3,0,PF-PSF,03-SEM-TN1,0,2026-10-07
I8702AA,Flap Ece,0,PF-PSF,03-SEM-TN1,0,2026-10-07
I8702BA,Flap Smart Car,0,PF-PSF,03-SEM-TN1,0,2026-10-07
I8703AA,Flap Mraii,0,PF-PSF,03-SEM-TN1,0,2026-10-07
I8704AA,Tri-Nipple Mraii,0,PF-PSF,03-SEM-TN1,0,2026-10-07
I8705AA,Guide Emp2V3 Avec Mfi,0,PF-PSF,03-SEM-TN2,0,2026-10-07
I8705AAK,Guide Emp2V3 Avec Mfi,0,PF-PSF,03-SEM-TN1,0,2026-10-07
I8705BA,Guide Emp2V3 Sans Mfi,0,PF-PSF,09-PF-TN2,0,2026-10-07
I8705CA,Guide Emp2V3 Avec Mfi Sw,0,PF-PSF,03-SEM-TN1,0,2026-10-07
I8705CAK,Guide Emp2V3 Avec Mfi Sw,0,PF-PSF,03-SEM-TN1,0,2026-10-07
I8705DA,Guide Emp2V3 Sans Mfi Sw,0,PF-PSF,03-SEM-TN2,0,2026-10-07
I8705DAK,Guide Emp2V3 Sans Mfi Sw,0,PF-PSF,03-SEM-TN1,0,2026-10-07
I8706AA,Spirale Mfi Emp2V3,0,PF-PSF,03-SEM-TN2,0,2026-10-07
I8706AAK,Spirale Mfi Emp2V3,0,PF-PSF,03-SEM-TN1,0,2026-10-07
I8707AA,Insert Mfi Emp2V3,0,PF-PSF,03-SEM-TN2,0,2026-10-07
I8707AAK,Insert Mfi Emp2V3,0,PF-PSF,03-SEM-TN1,0,2026-10-07
I8710AB,Ftps Bracket Low Perm Pa12,Poacm3,PF-PSF,03-SEM-TN2,Po,2026-10-07
I8710ABK,Ftps Bracket Low Perm Pa12,Poacm3,PF-PSF,03-SEM-TN1,Po,2026-10-07
I8711AA,Bushing Rack Bmw Faar,0,PF-PSF,04-SFGO,0,2026-10-07
I8712AA,Fill Neck Xfk,0,PF-PSF,03-SEM-TN1,0,2026-10-07
I8713AA,Restrictor Petrol Xfk,0,PF-PSF,03-SEM-TN1,0,2026-10-07
I8714AA,Funnel Petrol Xfk,Plasti1,PF-PSF,03-SEM-TN1,Othnau,2026-10-07
I8715AA,Restrictor Diesel Xfk,0,PF-PSF,03-SEM-TN1,0,2026-10-07
I8716AA,Funnel Diesel Xfk,0,PF-PSF,03-SEM-TN1,0,2026-10-07
I8717ZA,Connector Filling Id Buzz Top/Bottom,0,PF-PSF,03-SEM-TN1,0,2026-10-07
I8718ZB,Remote Id Buzz Top/Bottom,0,PF-PSF,03-SEM-TN1,0,2026-10-07
I8719AB,Float Id Buzz,0,PF-PSF,03-SEM-TN1,0,2026-10-07
I8722AA,Tete Essence B618 Nue,0,PF-PSF,03-SEM-TN1,0,2026-10-07
I8723AA,Fill Vent Nipple Cmp,Poaes3,PF-PSF,09-PF-TN1,Po,2026-10-07
I8724AA,Serre Tete,Huttn3,PF-PSF,03-SEM-TN2,Hutch,2026-10-07
I8725AA,Flange,0,PF-PSF,03-SEM-TN1,0,2026-10-07
I8726AA,Body,0,PF-PSF,03-SEM-TN1,0,2026-10-07
I8727AA,Flap,0,PF-PSF,03-SEM-TN1,0,2026-10-07
I8728AA,Kunststoffgehause,Aaftn3,PF-PSF,09-PF-TN2,Othaut,2026-10-07
I8728AAK,Kunststoffgehause,Aaftn3,PF-PSF,09-PF-TN1,Othaut,2026-10-07
I8730AA,Bouchon M&H,0,PF-PSF,03-SEM-TN1,0,2026-10-07
I8731AA,Brush Holder,Avofr3,PF-PSF,09-PF-TN2,Othaut,2026-10-07
I8731AAK,Brush Holder,Avofr3,PF-PSF,09-PF-TN1,Othaut,2026-10-07
I8733AA,Dual Spigots,Moldfr3,PF-PSF,09-PF-TN1,M+H,2026-10-07
I8734AB,Socket Check Valve,Moldfr3,PF-PSF,09-PF-TN1,M+H,2026-10-07
I8735AA,Stopper Ring,Moldfr3,PF-PSF,09-PF-TN1,M+H,2026-10-07
I8736AA,Pass Valve,Sogro3,PF-PSF,05-FGOO,Othaut,2026-10-07
I8737AA,Halter Motorstecker 5A2Ab11 B0016517,Draxde3,PF-PSF,09-PF-TN2,Drax,2026-10-07
I8737AB,Halter Motorstecker 5A2Ab11 B0017996,Draxvi3,PF-PSF,09-PF-TN2,Drax,2026-10-07
I8737AC,Halter Motorstecker 5A2Ab11 B0019134,Draxde3,PF-PSF,09-PF-TN2,Drax,2026-10-07
I8737ACK,Halter Motorstecker 5A2Ab11 B0019134,Draxde3,PF-PSF,09-PF-TN1,Drax,2026-10-07
I8737AD,Halter Motorstecker 5A2Ab11 B0019136,Draxvi3,PF-PSF,09-PF-TN2,Drax,2026-10-07
I8737ADK,Halter Motorstecker 5A2Ab11 B0019136,Draxvi3,PF-PSF,09-PF-TN1,Drax,2026-10-07
I8738AA,Kabelverteiler Ut 5A2Bbc2,Draxde3,PF-PSF,09-PF-TN2,Drax,2026-10-07
I8738AAK,Kabelverteiler Ut 5A2Bbc2,Draxde3,PF-PSF,09-PF-TN1,Drax,2026-10-07
I8738ABK,Kabelverteiler Ut 5A2Bbc2,Draxde3,PF-PSF,09-PF-TN1,Drax,2026-10-07
I8739AA,Kabelverteiler Ot 5A2Bbc3,Draxde3,PF-PSF,09-PF-TN2,Drax,2026-10-07
I8739AAK,Kabelverteiler Ot 5A2Bbc3,Draxde3,PF-PSF,09-PF-TN1,Drax,2026-10-07
I8740AB,Abdeckung T-Sensor 5A2Bbd4 B0016518,Draxvi3,PF-PSF,09-PF-TN2,Drax,2026-10-07
I8740ABK,Abdeckung T-Sensor 5A2Bbd4 B0016518,Draxvi3,PF-PSF,09-PF-TN1,Drax,2026-10-07
I8741AA,Halter Esv Ut 5A2Bbe0,Draxde3,PF-PSF,09-PF-TN2,Drax,2026-10-07
I8741AAK,Halter Esv Ut 5A2Bbe0,Draxde3,PF-PSF,09-PF-TN1,Drax,2026-10-07
I8742AA,Traegerplatte 5A2Bbe2,Draxde3,PF-PSF,09-PF-TN2,Drax,2026-10-07
I8742AAK,Traegerplatte 5A2Bbe2,Draxde3,PF-PSF,09-PF-TN1,Drax,2026-10-07
I8743AC,Zugentlastung 5A2Bbe3 B0016510,Draxde3,PF-PSF,09-PF-TN2,Drax,2026-10-07
I8743ACK,Zugentlastung 5A2Bbe3 B0016510,Draxde3,PF-PSF,09-PF-TN1,Drax,2026-10-07
I8743AD,Zugentlastung 5A2Bbe3 B0018649,Draxvi3,PF-PSF,09-PF-TN2,Drax,2026-10-07
I8743ADK,Zugentlastung 5A2Bbe3 B0018649,Draxvi3,PF-PSF,09-PF-TN1,Drax,2026-10-07
I8744AA,Halter Esv Ot 5A2Ea21,Draxde3,PF-PSF,09-PF-TN2,Drax,2026-10-07
I8744AAK,Halter Esv Ot 5A2Ea21,Draxde3,PF-PSF,09-PF-TN1,Drax,2026-10-07
I8745AA,Zb Halter Sa Vo 5A3C823,Draxde3,PF-PSF,09-PF-TN2,Drax,2026-10-07
I8745AAK,Zb Halter Sa Vo 5A3C823,Draxde3,PF-PSF,09-PF-TN1,Drax,2026-10-07
I8746AA,Wellrohreinschub T2 5A34A46,Draxde3,PF-PSF,09-PF-TN2,Drax,2026-10-07
I8746AAK,Wellrohreinschub T2 5A34A46,Draxde3,PF-PSF,09-PF-TN1,Drax,2026-10-07
I8747AA,"Collector Ford Transit V710, Sabic",0,PF-PSF,04-SFGO,0,2026-10-07
I8747ZA,Reservoir Top+Bottom Ford Transit V710,0,PF-PSF,04-SFGO,0,2026-10-07
I8748AA,Icv Body Cmp_7,0,PF-PSF,03-SEM-TN1,0,2026-10-07
I8748BA,Icv Smart Car,0,PF-PSF,03-SEM-TN1,0,2026-10-07
I8749AA,Corps Monobloc,Huttn3,PF-PSF,09-PF-TN2,Hutch,2026-10-07
I8750AA,Capot,Huttn3,PF-PSF,09-PF-TN2,Hutch,2026-10-07
I8751AA,Corps,Huttn3,PF-PSF,09-PF-TN1,Hutch,2026-10-07
I8751AAK,Corps,Huttn3,PF-PSF,09-PF-TN1,Hutch,2026-10-07
I8752AA,Capot,Huttn3,PF-PSF,09-PF-TN2,Hutch,2026-10-07
I8752AAK,Capot,Huttn3,PF-PSF,09-PF-TN1,Hutch,2026-10-07
I8753AA,Flow Guide Cn6 G7X,0,PF-PSF,03-SEM-TN1,0,2026-10-07
I8754AA,Flow Guide G60 Cn6 Us,Poacm3,PF-PSF,03-SEM-TN1,Po,2026-10-07
I8755AA,Quick Connector Hsr 28336,Huttn3,PF-PSF,09-PF-TN2,Hutch,2026-10-07
I8755AAK,Quick Connector Hsr 28336,Huttn3,PF-PSF,09-PF-TN1,Hutch,2026-10-07
I8756AA,Monoblock Qc Body Hsr26307,Huttn3,PF-PSF,09-PF-TN2,Hutch,2026-10-07
I8756AAK,Monoblock Qc Body Hsr26307,Huttn3,PF-PSF,09-PF-TN1,Hutch,2026-10-07
I8757AA,Monoblock Qc Body Hsr26744,Huttn3,PF-PSF,09-PF-TN2,Hutch,2026-10-07
I8757AAK,Monoblock Qc Body Hsr26744,Huttn3,PF-PSF,09-PF-TN1,Hutch,2026-10-07
I8758AA,Monoblock Qc Body Hsr27131,Huttn3,PF-PSF,09-PF-TN2,Hutch,2026-10-07
I8758AAK,Monoblock Qc Body Hsr27131,Huttn3,PF-PSF,09-PF-TN1,Hutch,2026-10-07
I8759AA,Monoblock Qc Body Hsr28319,Huttn3,PF-PSF,09-PF-TN2,Hutch,2026-10-07
I8759AAK,Monoblock Qc Body Hsr28319,Huttn3,PF-PSF,09-PF-TN1,Hutch,2026-10-07
I8760AA,Monoblock Qc Body Hsr28320,Huttn3,PF-PSF,09-PF-TN2,Hutch,2026-10-07
I8760AAK,Monoblock Qc Body Hsr28320,Huttn3,PF-PSF,09-PF-TN1,Hutch,2026-10-07
I8761AA,Monoblock Qc Body Hsr28321,Huttn3,PF-PSF,09-PF-TN2,Hutch,2026-10-07
I8761AAK,Monoblock Qc Body Hsr28321,Huttn3,PF-PSF,09-PF-TN1,Hutch,2026-10-07
I8762AA,Retainer Hsr26781,Huttn3,PF-PSF,09-PF-TN2,Hutch,2026-10-07
I8762AAK,Retainer Hsr26781,Huttn3,PF-PSF,09-PF-TN1,Hutch,2026-10-07
I8762BA,Retainer Hsr27200,Huttn3,PF-PSF,09-PF-TN2,Hutch,2026-10-07
I8762BAA,Retainer Hsr27200,Hutrs3,PF-PSF,09-PF-TN2,Hutch,2026-10-07
I8762BAAK,Retainer Hsr27200,Hutrs3,PF-PSF,09-PF-TN1,Hutch,2026-10-07
I8762BAK,Retainer Hsr27200,Huttn3,PF-PSF,09-PF-TN1,Hutch,2026-10-07
I8762CA,Retainer Hsr27202,Huttn3,PF-PSF,09-PF-TN2,Hutch,2026-10-07
I8762CAK,Retainer Hsr27202,Huttn3,PF-PSF,09-PF-TN1,Hutch,2026-10-07
I8762DA,Retainer Hsr30013,Huttn3,PF-PSF,03-SEM-TN1,Hutch,2026-10-07
I8762DAK,Retainer Hsr30013,Huttn3,PF-PSF,03-SEM-TN1,Hutch,2026-10-07
I8762EA,Retainer Hsr30247,Huttn3,PF-PSF,03-SEM-TN2,Hutch,2026-10-07
I8762EAK,Retainer Hsr30247,Huttn3,PF-PSF,03-SEM-TN1,Hutch,2026-10-07
I8762FA,Retainer Hsr30248,Huttn3,PF-PSF,03-SEM-TN2,Hutch,2026-10-07
I8762FAK,Retainer Hsr30248,Huttn3,PF-PSF,03-SEM-TN1,Hutch,2026-10-07
I8763AA,Oring Blocker Hsr24135,Huttn3,PF-PSF,09-PF-TN2,Hutch,2026-10-07
I8763AAK,Oring Blocker Hsr24135,Huttn3,PF-PSF,09-PF-TN1,Hutch,2026-10-07
I8763BB,Oring Blocker Hsr25148,Huttn3,PF-PSF,09-PF-TN2,Hutch,2026-10-07
I8763BBA,Oring Blocker Hsr25148,Hutrs3,PF-PSF,09-PF-TN2,Hutch,2026-10-07
I8763BBAK,Oring Blocker Hsr25148,Hutrs3,PF-PSF,09-PF-TN1,Hutch,2026-10-07
I8763BBK,Oring Blocker Hsr25148,Huttn3,PF-PSF,09-PF-TN1,Hutch,2026-10-07
I8763CA,Oring Blocker Hsr28322,Huttn3,PF-PSF,09-PF-TN2,Hutch,2026-10-07
I8763CAK,Oring Blocker Hsr28322,Huttn3,PF-PSF,09-PF-TN1,Hutch,2026-10-07
I8764AA,Float Passat,0,PF-PSF,04-SFGO,0,2026-10-07
I8765AA,Clapet,Moldfr3,PF-PSF,09-PF-TN2,M+H,2026-10-07
I8765AA1,Clapet,Moldfr3,PF-PSF,09-PF-TN2,M+H,2026-10-07
I8765AAK,Clapet,0,PF-PSF,09-PF-TN1,0,2026-10-07
I8765AAK1,Clapet,Moldfr3,PF-PSF,09-PF-TN1,M+H,2026-10-07
I8766AA,"Remote Ford V710 Top+Bottom, Sabic",0,PF-PSF,04-SFGO,0,2026-10-07
I8766ZA,Remote Ford V710 Top+Bottom,0,PF-PSF,04-SFGO,0,2026-10-07
I8767AA,Plastic Connector,Huttn3,PF-PSF,09-PF-TN2,Hutch,2026-10-07
I8767AAK,Plastic Connector,Huttn3,PF-PSF,09-PF-TN1,Hutch,2026-10-07
I8768AA,Core,Softn3,PF-PSF,09-PF-TN2,Sofima,2026-10-07
I8768AAK,Core,Softn3,PF-PSF,09-PF-TN1,Sofima,2026-10-07
I8769AA,Buttom Lid,Softn3,PF-PSF,09-PF-TN2,Sofima,2026-10-07
I8769AAK,Buttom Lid,Softn3,PF-PSF,09-PF-TN1,Sofima,2026-10-07
I8769AB,Buttom Lid,Softn3,PF-PSF,09-PF-TN2,Sofima,2026-10-07
I8770AA,Upper Cover,Softn3,PF-PSF,09-PF-TN2,Sofima,2026-10-07
I8770AB,Upper Cover,Softn3,PF-PSF,09-PF-TN2,Sofima,2026-10-07
I8770ABK,Upper Cover,Softn3,PF-PSF,09-PF-TN1,Sofima,2026-10-07
I8771AAK,Plastic Ring,Softn3,PF-PSF,09-PF-TN1,Sofima,2026-10-07
I8772ZA,Boitier Couvercle Psa Cdpo,0,PF-PSF,03-SEM-TN1,0,2026-10-07
I8773AA,Floteur Psa Cdpo,0,PF-PSF,03-SEM-TN1,0,2026-10-07
I8774AA,Corps Queue Coudee Hsr27738,Huttn3,PF-PSF,09-PF-TN2,Hutch,2026-10-07
I8775AA,Corps Hsr27315,Huttn3,PF-PSF,09-PF-TN2,Hutch,2026-10-07
I8776AA,Entretoise Carree Hsr28123,Huttn3,PF-PSF,09-PF-TN2,Hutch,2026-10-07
I8777AA,Plastic Flange Body Hsr 28032,Hutcz3,PF-PSF,09-PF-TN1,Hutch,2026-10-07
I8779ZA,Collector Daimler Mma Lhd Top+Bottom,0,PF-PSF,03-SEM-TN1,0,2026-10-07
I8781AA,Inner Tube,Poacm3,PF-PSF,09-PF-TN1,Po,2026-10-07
I8782ZB,Rsv Audi Mlb58 Rhd Top+Bottom,0,PF-PSF,04-SFGO,0,2026-10-07
I8784AA,Mounting Ring,Casco3,PF-PSF,09-PF-TN2,Casco,2026-10-07
I8784AAK,Mounting Ring,Casco3,PF-PSF,09-PF-TN1,Casco,2026-10-07
I8785AA,Hinged Cap,0,PF-PSF,03-SEM-TN2,0,2026-10-07
I8785AAK,Hinged Cap,0,PF-PSF,03-SEM-TN1,0,2026-10-07
I8786AB,Housing Right,Tmsfr3,PF-PSF,09-PF-TN2,Tms,2026-10-07
I8786AC,Housing Right,Tmsfr3,PF-PSF,09-PF-TN2,Tms,2026-10-07
I8786AD,Housing Right,Tmsfr3,PF-PSF,09-PF-TN1,Tms,2026-10-07
I8786ADK,Housing Right,Tmsfr3,PF-PSF,09-PF-TN1,Tms,2026-10-07
I8787AA,Cover Right,Tmsfr3,PF-PSF,09-PF-TN2,Tms,2026-10-07
I8787AAK,Cover Right,Tmsfr3,PF-PSF,09-PF-TN1,Tms,2026-10-07
I8787BA,Cover Left,Tmsfr3,PF-PSF,09-PF-TN2,Tms,2026-10-07
I8787BAK,Cover Left,Tmsfr3,PF-PSF,09-PF-TN1,Tms,2026-10-07
I8788AA,Housing Left,Tms2,PF-PSF,09-PF-TN2,Tms,2026-10-07
I8788AB,Housing Left,Tmsfr3,PF-PSF,09-PF-TN2,Tms,2026-10-07
I8788AC,Housing Left,Tmsfr3,PF-PSF,09-PF-TN2,Tms,2026-10-07
I8788AD,Housing Left,Tmsfr3,PF-PSF,09-PF-TN2,Tms,2026-10-07
I8788ADK,Housing Left,Tmsfr3,PF-PSF,09-PF-TN1,Tms,2026-10-07
I8789AB,Slider Valve,Tmsfr3,PF-PSF,09-PF-TN2,Tms,2026-10-07
I8789AC,Slider Valve,Tmsfr3,PF-PSF,09-PF-TN2,Tms,2026-10-07
I8789ACK,Slider Valve,Tmsfr3,PF-PSF,09-PF-TN1,Tms,2026-10-07
I8793AA,Relief Valve,Moldfr3,PF-PSF,09-PF-TN2,M+H,2026-10-07
I8793AAK,Relief Valve,Moldfr3,PF-PSF,09-PF-TN1,M+H,2026-10-07
I8794AA,Flow Guide G61,0,PF-PSF,03-SEM-TN1,0,2026-10-07
I8795AA,Leitungsfuehrung 5A61Be6,Draxde3,PF-PSF,09-PF-TN2,Drax,2026-10-07
I8795AAK,Leitungsfuehrung 5A61Be6,Draxde3,PF-PSF,09-PF-TN1,Drax,2026-10-07
I8795BA,Leitungsfuehrung 5A61Be9,Draxde3,PF-PSF,09-PF-TN2,Drax,2026-10-07
I8795BAK,Leitungsfuehrung 5A61Be9,Draxde3,PF-PSF,09-PF-TN1,Drax,2026-10-07
I8796ZA,Rsv Fisker Ocean Suv Top+Bottom,0,PF-PSF,04-SFGO,0,2026-10-07
I8797ZA,Remote Daimler Mma Lhd Top+Bottom,0,PF-PSF,03-SEM-TN1,0,2026-10-07
I8798ZA,Collector Daimler Mma Rhd Top+Bottom,0,PF-PSF,03-SEM-TN1,0,2026-10-07
I8800AA,Pipette D8,Huttn3,PF-PSF,09-PF-TN2,Hutch,2026-10-07
I8800AAK,Pipette D8,Huttn3,PF-PSF,09-PF-TN1,Hutch,2026-10-07
I8801AA,Straight End-Form O15.9,Hutcz3,PF-PSF,05-FGOO,Hutch,2026-10-07
I8803AA,Adjust Out Stop,Bosfl3,PF-PSF,09-PF-TN1,Bosch,2026-10-07
I8804AA,Adjust In Stop,Bosfl3,PF-PSF,09-PF-TN1,Bosch,2026-10-07
I8805AA,Lever Bolt Sleeve,Bosfl3,PF-PSF,09-PF-TN1,Bosch,2026-10-07
I8806AA,Nut Bolt Sleeve,Bosfl3,PF-PSF,09-PF-TN1,Bosch,2026-10-07
I8807AA,Activation Pin,Bosfl3,PF-PSF,09-PF-TN1,Bosch,2026-10-07
I8808AA,Baffle Swirl Pot,Yapcz3,PF-PSF,09-PF-TN1,Yapp,2026-10-07
I8809AA,Bracket Swirl Pot,Yapcz3,PF-PSF,09-PF-TN1,Yapp,2026-10-07
I8810AA,Deflector Petrol Audi B10 (5681-2331),0,PF-PSF,04-SFGO,0,2026-10-07
I8811AA,Insert Petrol Audi B10/C9 (4451-2322),0,PF-PSF,04-SFGO,0,2026-10-07
I8812AA,Flapper Audi B10/C9 (4451-2323),0,PF-PSF,04-SFGO,0,2026-10-07
I8813AA,Deflector Diesel Audi B10 (5682-2331),0,PF-PSF,04-SFGO,0,2026-10-07
I8814AA,Plastic Connector Qc Diam. 8Mm Fir Tree 6X8,Huttn3,PF-PSF,09-PF-TN2,Hutch,2026-10-07
I8814AAK,Plastic Connector Qc Diam. 8Mm Fir Tree 6X8,Huttn3,PF-PSF,09-PF-TN1,Hutch,2026-10-07
I8815AA,Raccord Rp27892,Huttn3,PF-PSF,09-PF-TN2,Hutch,2026-10-07
I8815AAK,Raccord Rp27892,Huttn3,PF-PSF,09-PF-TN1,Hutch,2026-10-07
I8816AA,Raccord Rp27893,Huttn3,PF-PSF,09-PF-TN2,Hutch,2026-10-07
I8816AAK,Raccord Rp27893,Huttn3,PF-PSF,09-PF-TN1,Hutch,2026-10-07
I8817AA,Inner Core,Softn3,PF-PSF,09-PF-TN1,Sofima,2026-10-07
I8818AA,Middle Lid,Softn3,PF-PSF,09-PF-TN1,Sofima,2026-10-07
I8819AB,Nz35049,Tmsfr3,PF-PSF,09-PF-TN1,Tms,2026-10-07
I8820AA,Nz35083,Tmsfr3,PF-PSF,09-PF-TN1,Tms,2026-10-07
I8821AA,Nz35181,Tmsfr3,PF-PSF,09-PF-TN1,Tms,2026-10-07
I8822AA,Nz35182,Tmsfr3,PF-PSF,09-PF-TN1,Tms,2026-10-07
I8823AA,Nz35183,Tmsfr3,PF-PSF,09-PF-TN1,Tms,2026-10-07
I8824AA,Nz35086,Tmsfr3,PF-PSF,09-PF-TN1,Tms,2026-10-07
I8825AA,Nz35257 Dt2 Nissan Boitier,Tmsfr3,PF-PSF,09-PF-TN1,Tms,2026-10-07
I8826AA,Nz35258 Dt2 Nissan Embout,Tmsfr3,PF-PSF,09-PF-TN1,Tms,2026-10-07
I8828AB,Nz35178 Inlet End Pipe,Tmsfr3,PF-PSF,09-PF-TN1,Tms,2026-10-07
I8828AC,Nz35178 Inlet End Pipe,Tmsfr3,PF-PSF,09-PF-TN1,Tms,2026-10-07
I8829AB,Nz35053 Outlet End Pipe,Tmsfr3,PF-PSF,09-PF-TN1,Tms,2026-10-07
I8830AA,Nz35050 Main Valve,Tmsfr3,PF-PSF,09-PF-TN1,Tms,2026-10-07
I8831AB,Housing 1055400167,Casco3,PF-PSF,09-PF-TN1,Casco,2026-10-07
I8831AD,Housing 1055400167,Casco3,PF-PSF,09-PF-TN1,Casco,2026-10-07
I8832AB,Cover 1055400170,Casco3,PF-PSF,09-PF-TN1,Casco,2026-10-07
I8832AD,Cover 1055400170,Casco3,PF-PSF,09-PF-TN1,Casco,2026-10-07
I8833AB,Cover Hinge Lh 1055400172,Casco3,PF-PSF,09-PF-TN1,Casco,2026-10-07
I8833AD,Cover Hinge Lh 1055400172,Casco3,PF-PSF,09-PF-TN1,Casco,2026-10-07
I8833BB,Cover Hinge Rh 1055400182,Casco3,PF-PSF,09-PF-TN1,Casco,2026-10-07
I8833BD,Cover Hinge Rh 1055400182,Casco3,PF-PSF,09-PF-TN1,Casco,2026-10-07
I8835AA,Bouchon Fusible T2 1399,Michaud3,PF-PSF,09-PF-TN2,Othnau,2026-10-07
I8836AA,Filler Head,Opmbr3,PF-PSF,09-PF-TN1,Po,2026-10-07
I8836AB,Filler Head,Poaes3,PF-PSF,09-PF-TN1,Po,2026-10-07
I8837AA,Nz35057 Bypass Valve,Tmsfr3,PF-PSF,09-PF-TN1,Tms,2026-10-07
I8838AA,Nz35179 Bypass Valve,Tmsfr3,PF-PSF,09-PF-TN1,Tms,2026-10-07
I8839AB,Beauty Cover Lhd,Bosrs3,PF-PSF,05-FGOO,Bosch,2026-10-07
I8839AC,Beauty Cover Lhd,0,PF-PSF,05-FGOO,0,2026-10-07
I8839AC1,Beauty Cover Lhd,Bosrs3,PF-PSF,05-FGOO,Bosch,2026-10-07
I8840AB,Beauty Cover Rhd,Bosrs3,PF-PSF,05-FGOO,Bosch,2026-10-07
I8840AC,Beauty Cover Rhd,0,PF-PSF,05-FGOO,0,2026-10-07
I8840AC1,Beauty Cover Rhd,Bosrs3,PF-PSF,05-FGOO,Bosch,2026-10-07
I8841AB,Hydraulic Connector Holder Lhd,0,PF-PSF,05-FGOO,0,2026-10-07
I8841AB1,Hydraulic Connector Holder Lhd,Boscz3,PF-PSF,05-FGOO,Bosch,2026-10-07
I8841BB,Hydraulic Connector Holder Rhd,0,PF-PSF,05-FGOO,0,2026-10-07
I8841BB1,Hydraulic Connector Holder Rhd,Boscz3,PF-PSF,05-FGOO,Bosch,2026-10-07
I8842AB,Hydraulic Connector Lhd,0,PF-PSF,05-FGOO,0,2026-10-07
I8842AB1,Hydraulic Connector Lhd,Boscz3,PF-PSF,05-FGOO,Bosch,2026-10-07
I8842BB,Hydraulic Connector Rhd,0,PF-PSF,05-FGOO,0,2026-10-07
I8842BB1,Hydraulic Connector Rhd,Boscz3,PF-PSF,05-FGOO,Bosch,2026-10-07
I8843AA,Bosch Injector Qc Body Hsr29159,Huttn3,PF-PSF,09-PF-TN2,Hutch,2026-10-07
I8843AAK,Bosch Injector Qc Body Hsr29159,Huttn3,PF-PSF,09-PF-TN1,Hutch,2026-10-07
I8844AA,Qc Body Hsr29158,Huttn3,PF-PSF,09-PF-TN2,Hutch,2026-10-07
I8844AAK,Qc Body Hsr29158,Huttn3,PF-PSF,09-PF-TN1,Hutch,2026-10-07
I8845AA,Monobloc Body Hsr29163,Huttn3,PF-PSF,09-PF-TN2,Hutch,2026-10-07
I8845AAK,Monobloc Body Hsr29163,Huttn3,PF-PSF,09-PF-TN1,Hutch,2026-10-07
I8846AA,Qc Locker Hsr29162,Huttn3,PF-PSF,09-PF-TN2,Hutch,2026-10-07
I8846AAK,Qc Locker Hsr29162,Huttn3,PF-PSF,09-PF-TN1,Hutch,2026-10-07
I8848AA,Cache Borne Fsd 22X58 G2 Pa0388,Michaud3,PF-PSF,03-SEM-TN2,Othnau,2026-10-07
I8849DA,Corps Sup.Cdr/Ct 95 Assemb.Mal. P0448,Michaud3,PF-PSF,09-PF-TN1,Othnau,2026-10-07
I8851BA,TanchIt Ipc Bare Assemb.,Michaud3,PF-PSF,09-PF-TN1,Othnau,2026-10-07
I8851BA1,TanchIt Ipc Bare Assemb.,Michaud3,PF-PSF,03-SEM-TN1,Othnau,2026-10-07
I8855AAK,Float Daimler Mma,0,PF-PSF,03-SEM-TN1,0,2026-10-07
I8856AA,Digit Jaune Secable,Michaud3,PF-PSF,03-SEM-TN2,Othnau,2026-10-07
I8857AA,Plaque Support Digit,Michaud3,PF-PSF,03-SEM-TN2,Othnau,2026-10-07
I8858AA1,Porte Fusible Fsd G2,Michaud3,PF-PSF,03-SEM-TN2,Othnau,2026-10-07
I8859AA,Housing Upper Part 7038400359,Casco3,PF-PSF,09-PF-TN2,Casco,2026-10-07
I8859AAK,Housing Upper Part 7038400359,Casco3,PF-PSF,09-PF-TN1,Casco,2026-10-07
I8860AA,Bol Square X52,0,PF-PSF,03-SEM-TN1,0,2026-10-07
I8861ZA,Rsv Ipb B2E Lhd Top+Bottom,0,PF-PSF,04-SFGO,0,2026-10-07
I8862AA,Indicateur Tete Fusible Fsd Jaune,Michaud3,PF-PSF,09-PF-TN2,Othnau,2026-10-07
I8863AA,Antidrain Tube,Softn3,PF-PSF,09-PF-TN1,Sofima,2026-10-07
I8864AA,Purge Valve,Softn3,PF-PSF,09-PF-TN1,Sofima,2026-10-07
I8865AA,Treaded Bush,Softn3,PF-PSF,09-PF-TN1,Sofima,2026-10-07
I8866AA,Housing High,Softn3,PF-PSF,09-PF-TN1,Sofima,2026-10-07
I8867AA,Housing Middle,Softn3,PF-PSF,09-PF-TN1,Sofima,2026-10-07
I8868AA,Housing Low,Softn3,PF-PSF,09-PF-TN1,Sofima,2026-10-07
I8869AA,Shutter High,Softn3,PF-PSF,09-PF-TN1,Sofima,2026-10-07
I8870AA,Spring Stopper,Softn3,PF-PSF,09-PF-TN1,Sofima,2026-10-07
I8871AA,Shutter Low,Softn3,PF-PSF,09-PF-TN1,Sofima,2026-10-07
I8872AA,Top Lid,Softn3,PF-PSF,09-PF-TN1,Sofima,2026-10-07
I8872AB,Top Lid,Softn3,PF-PSF,03-SEM-TN1,Sofima,2026-10-07
I8872BA,Toplid (Pre Filter),Softn3,PF-PSF,03-SEM-TN1,Sofima,2026-10-07
I8872BC,Top Lid ( Pre Filter),Softn3,PF-PSF,03-SEM-TN1,Sofima,2026-10-07
I8873AA,Prefilter Core,Softn3,PF-PSF,09-PF-TN1,Sofima,2026-10-07
I8874AA,Finefilter Inner Core,Softn3,PF-PSF,09-PF-TN1,Sofima,2026-10-07
I8875AA,Fine Filter Bottom Lid,Softn3,PF-PSF,09-PF-TN1,Sofima,2026-10-07
I8875AB,Fine Filter Bottom Lid,Softn1,PF-PSF,03-SEM-TN1,Sofima,2026-10-07
I8876AA,Pre Filter Bottom Lid,Softn3,PF-PSF,09-PF-TN1,Sofima,2026-10-07
I8876AB,Pre Filter Bottom Lid,Softn3,PF-PSF,03-SEM-TN1,Sofima,2026-10-07
I8877AA,Indicateur Rupture Tete Fusible H13,Michaud3,PF-PSF,09-PF-TN2,Othnau,2026-10-07
I8878ZA,Rsv Ford B2E Ipb Rhd Top+Bottom,0,PF-PSF,04-SFGO,0,2026-10-07
I8879AA,Cover Power Outlet,Casco3,PF-PSF,09-PF-TN2,Casco,2026-10-07
I8879AB,Cover Power Outlet,0,PF-PSF,03-SEM-TN2,0,2026-10-07
I8879ABK,Cover Power Outlet,Casco3,PF-PSF,03-SEM-TN1,Casco,2026-10-07
I8880AA,Lid Holder,Casco3,PF-PSF,09-PF-TN2,Casco,2026-10-07
I8880AAK,Lid Holder,Casco3,PF-PSF,09-PF-TN1,Casco,2026-10-07
I8881AA,Cover Hinged,Casco3,PF-PSF,09-PF-TN2,Casco,2026-10-07
I8881AAK,Cover Hinged,Casco3,PF-PSF,09-PF-TN1,Casco,2026-10-07
I8882ZA,Corps Sup& Corps Inf. Cbs/Ct 95 Assemb. Mal,Michaud3,PF-PSF,03-SEM-TN1,Othnau,2026-10-07
I8883AA,Etancheite Cbs/Ct 95,Michaud3,PF-PSF,03-SEM-TN1,Othnau,2026-10-07
I8884AA,Tetine Derive + Toile Cbs/Ct 95,Michaud3,PF-PSF,03-SEM-TN1,Othnau,2026-10-07
I8885AA,Lettering Insert,0,PF-PSF,03-SEM-TN1,0,2026-10-07
I8886AA,Flasque Cdr/Ct_3321,Michaud3,PF-PSF,09-PF-TN1,Othnau,2026-10-07
I8887AA,Deflector Petrol Audi C9 (5681-2332),0,PF-PSF,04-SFGO,0,2026-10-07
I8888AA,Deflector Diesel Audi C9 (5682-2332),0,PF-PSF,04-SFGO,0,2026-10-07
I8889AA,Connector 2 Ways,Huttn3,PF-PSF,09-PF-TN1,Hutch,2026-10-07
I8890AA,Cover,0,PF-PSF,03-SEM-TN2,0,2026-10-07
I8890AAK,Cover,0,PF-PSF,03-SEM-TN1,0,2026-10-07
I8891AA,4 Way Connector,0,PF-PSF,03-SEM-TN2,0,2026-10-07
I8891AAK,4 Way Connector,0,PF-PSF,03-SEM-TN1,0,2026-10-07
I8895ZA,Liquid Trap Upper+Lower,0,PF-PSF,03-SEM-TN1,0,2026-10-07
I8896AA,Nipple Ft 7310971Aa,Poask3,PF-PSF,09-PF-TN1,Po,2026-10-07
I8896BA,Nipple Fp 7310972Aa,Opmpo3,PF-PSF,09-PF-TN1,Po,2026-10-07
I8897AA,Housing Lower Part 7038400358,Casco3,PF-PSF,09-PF-TN2,Casco,2026-10-07
I8897AAK,Housing Lower Part 7038400358,Casco3,PF-PSF,09-PF-TN1,Casco,2026-10-07
I8897ABK,Housing Lower Part 7038400358,Casco3,PF-PSF,03-SEM-TN1,Casco,2026-10-07
I8901AA,Etancheite Inf C.Irve Assemb.,Michaud3,PF-PSF,09-PF-TN2,Othnau,2026-10-07
I8901BA,Etancheite Sup C.Irve Assemb.,Michaud3,PF-PSF,09-PF-TN2,Othnau,2026-10-07
I8901CA,Tetine Sup C.Irve Assemb.,Michaud3,PF-PSF,09-PF-TN2,Othnau,2026-10-07
I8902AA,Capot Tetine Sup C.Irve Assemb.,Michaud3,PF-PSF,09-PF-TN2,Othnau,2026-10-07
I8903AA,Etancheite Inf C.Irve 240,Michaud3,PF-PSF,09-PF-TN2,Othnau,2026-10-07
I8903BA,Etancheite Sup C.Irve 240,Michaud3,PF-PSF,09-PF-TN2,Othnau,2026-10-07
I8904AA,Tetine C.Irve 240,Michaud3,PF-PSF,09-PF-TN2,Othnau,2026-10-07
I8908AA,Lower Cover,Softn3,PF-PSF,09-PF-TN1,Sofima,2026-10-07
I8909AA,Lower Cover,Softn3,PF-PSF,09-PF-TN1,Sofima,2026-10-07
I8909BA,Lower Cover 0120_571.1.A Anonymous Version,Softn3,PF-PSF,09-PF-TN1,Sofima,2026-10-07
I8910AA,Inner Tube 070_538,Softn3,PF-PSF,09-PF-TN1,Sofima,2026-10-07
I8911AA,Connector 4 Way Rp28461,Huttn3,PF-PSF,09-PF-TN2,Hutch,2026-10-07
I8911AAA,Connector 4 Way Rp28461,Hutrs3,PF-PSF,03-SEM-TN2,Hutch,2026-10-07
I8911AAAK,Connector 4 Way Rp28461,Hutrs3,PF-PSF,03-SEM-TN1,Hutch,2026-10-07
I8911AAK,Connector 4 Way Rp28461,Huttn3,PF-PSF,09-PF-TN1,Hutch,2026-10-07
I8912AA,Nz35051 Main Housing Moule B I8827,Tmsfr3,PF-PSF,09-PF-TN1,Tms,2026-10-07
I8913AA,Standard Retainer - Hsr28115,Huttn3,PF-PSF,09-PF-TN2,Hutch,2026-10-07
I8913AAK,Standard Retainer - Hsr28115,Huttn3,PF-PSF,09-PF-TN1,Hutch,2026-10-07
I8914AA,Standard Modular Head - Hsr 28114,Huttn3,PF-PSF,09-PF-TN2,Hutch,2026-10-07
I8914AA1,Standard Modular Head - Hsr 28114,Huttn3,PF-PSF,09-PF-TN2,Hutch,2026-10-07
I8914AAK,Standard Modular Head - Hsr 28114,Huttn3,PF-PSF,09-PF-TN1,Hutch,2026-10-07
I8918AA,Top Lid,Softn3,PF-PSF,09-PF-TN2,Sofima,2026-10-07
I8918AAK,Top Lid,Softn3,PF-PSF,09-PF-TN1,Sofima,2026-10-07
I8919ZA,Rsv Ipb Jaguar Middle+Bottom,0,PF-PSF,03-SEM-TN1,0,2026-10-07
I8920AA,Rsv Ipb Jaguar Top,0,PF-PSF,03-SEM-TN1,0,2026-10-07
I8922AA,Bracket Smartcar Cc21 _6,0,PF-PSF,09-PF-TN2,0,2026-10-07
I8922AAK,Bracket Smartcar Cc21 _6,0,PF-PSF,09-PF-TN1,0,2026-10-07
I8923AA,Bracket Smartcar Cc24 _6,0,PF-PSF,09-PF-TN2,0,2026-10-07
I8923AAK,Bracket Smartcar Cc24 _6,0,PF-PSF,09-PF-TN1,0,2026-10-07
I8932AA,Boitier_Motorrad_Ka4&5_Droit,Tmsfr3,PF-PSF,09-PF-TN2,Tms,2026-10-07
I8932ABK,Boitier_Motorrad_Ka4&5_Droit,Tmsfr3,PF-PSF,09-PF-TN1,Tms,2026-10-07
I8933AA,Couvercle_Ka4&5_Droit,Tmsfr3,PF-PSF,09-PF-TN2,Tms,2026-10-07
I8933AAK,Couvercle_Ka4&5_Droit,Tmsfr3,PF-PSF,09-PF-TN1,Tms,2026-10-07
I8934AA,Boitier_Motorrad_Ka4&5_Gauche,Tmsfr3,PF-PSF,09-PF-TN2,Tms,2026-10-07
I8934ABK,Boitier_Motorrad_Ka4&5_Gauche,Tmsfr3,PF-PSF,09-PF-TN1,Tms,2026-10-07
I8936AA,Sliding Pad,Boshu3,PF-PSF,09-PF-TN1,Bosch,2026-10-07
I8937AA,Motor Bush,Boshu3,PF-PSF,09-PF-TN1,Bosch,2026-10-07
I8946AA,Lower Cover 0120.515.A,Softn3,PF-PSF,09-PF-TN2,Sofima,2026-10-07
I8946AAK,Lower Cover 0120.515.A,Softn3,PF-PSF,09-PF-TN1,Sofima,2026-10-07
I8958AA,Smartcar 7S 2R Retainer -000195465,Tescatn3,PF-PSF,09-PF-TN1,Tesca,2026-10-07
I8960AA,Cartridge Core 070_637_G1,Softn3,PF-PSF,09-PF-TN2,Sofima,2026-10-07
I8961AA,Cartridge Lid 0120_726_G1,Softn3,PF-PSF,09-PF-TN1,Sofima,2026-10-07
I8962AA,Nipple Rsa Sq52,Poama3,PF-PSF,09-PF-TN1,Po,2026-10-07
I8963AA,Plastic Joiner 10-12 Hsr 30019,Huttn3,PF-PSF,09-PF-TN2,Hutch,2026-10-07
I8964AA,Insert O7.89 Hsr 29760,Huttn3,PF-PSF,09-PF-TN1,Hutch,2026-10-07
I8964AAK,Insert O7.89 Hsr 29760,Huttn3,PF-PSF,09-PF-TN1,Hutch,2026-10-07
I8965AA,Insert O12.61 Hsr 29787,Huttn3,PF-PSF,09-PF-TN2,Hutch,2026-10-07
I8965AAK,Insert O12.61 Hsr 29787,Huttn3,PF-PSF,09-PF-TN1,Hutch,2026-10-07
I8967AA,Left Fixierung Tuelle,Draxje3,PF-PSF,09-PF-TN2,Drax,2026-10-07
I8967AAK,Left Fixierung Tuelle,Draxtn3,PF-PSF,09-PF-TN1,Drax,2026-10-07
I8967BA,Right Fixierung Tuelle,Draxje3,PF-PSF,09-PF-TN1,Drax,2026-10-07
I8967BAK,Right Fixierung Tuelle,Draxtn3,PF-PSF,09-PF-TN1,Drax,2026-10-07
I8968AA,Transportschutz Tuelle Stw Ncar,Kromx3,PF-PSF,09-PF-TN2,Drax,2026-10-07
I8968AAK,Transportschutz Tuelle Stw Ncar,Draxtn3,PF-PSF,09-PF-TN1,Drax,2026-10-07
I8969AA,Transportschutz Tuelle Heat,Draxtn3,PF-PSF,09-PF-TN2,Drax,2026-10-07
I8969AAK,Transportschutz Tuelle Heat,Draxtn3,PF-PSF,09-PF-TN1,Drax,2026-10-07
I8971ZA,Rsv Volvo Cl40 Lhd 1+1+1,0,PF-PSF,04-SFGO,0,2026-10-07
I8972ZA,Rsv Volvo Cl40 Rhd 1+1,0,PF-PSF,04-SFGO,0,2026-10-07
I8978AA,Rsa P1324 Nozzle Guide Stoppers,Poama3,PF-PSF,09-PF-TN1,Po,2026-10-07
I8979AA,Body Icv Cneo,0,PF-PSF,03-SEM-TN1,0,2026-10-07
I8981AA,Abdeckung Unten,Clertn3,PF-PSF,09-PF-TN1,Clerprem,2026-10-07
I8982ZA,Reservoir Audi Ppe Ipb 1.0 Top+Bottom,0,PF-PSF,04-SFGO,0,2026-10-07
INVESTMENT,Investment,0,FINANCE ACCOUNTING,99-FINA,0,2026-10-07
K0009AA,Ressort Pression Spd Fap,0,INSERT,02-INSERT,0,2026-10-07
K0010AA,Ressort Depression,0,INSERT,02-INSERT,0,2026-10-07
K0011BA,Joint Membrane Spd,0,INSERT,02-INSERT,0,2026-10-07
K0012AA,Joint Torique 6.75 * 1.78,0,INSERT,02-INSERT,0,2026-10-07
K0017AA,Ressort Pression (Clapet Spd),0,INSERT,02-INSERT,0,2026-10-07
K0018AA,Joint Torique 6.75*1.78,0,INSERT,02-INSERT,0,2026-10-07
K0033AA,Rondelle Flotteur,0,INSERT,02-INSERT,0,2026-10-07
K0033AB,Rondelle Flotteur,0,INSERT,02-INSERT,0,2026-10-07
K0034AA,Connecteur Cd132,0,INSERT,02-INSERT,0,2026-10-07
K0053AA,Bouchon Gamma,0,INSERT,02-INSERT,0,2026-10-07
K0055BA,Ressort Pression 450Mb+/-50Mb,0,INSERT,02-INSERT,0,2026-10-07
K0056AA,Ressort Depression -70Mb =/-20,0,INSERT,02-INSERT,0,2026-10-07
K0066A,Bouchon F199,0,INSERT,02-INSERT,0,2026-10-07
K0067A,Ferrite F199,0,INSERT,01-INSE,0,2026-10-07
K0068B,Ksk-1A66-Bv13029,0,INSERT,02-INSERT,0,2026-10-07
K0070A,Ressort A08,0,INSERT,02-INSERT,0,2026-10-07
K0071A,Cosse A08,0,INSERT,02-INSERT,0,2026-10-07
K0073A,Cosse F199 Longue,0,INSERT,02-INSERT,0,2026-10-07
K0073B,Cosse F199 Courte,0,INSERT,02-INSERT,0,2026-10-07
K0074A,Resistance F199 - 1000 Ohm,0,INSERT,02-INSERT,0,2026-10-07
K0079A,Disque Contact Alarme,0,INSERT,02-INSERT,0,2026-10-07
K0080A,Tuyau F199 Rhd 30Ø,0,INSERT,02-INSERT,0,2026-10-07
K0080B,Tuyau F199 Rhd 45Ø,0,INSERT,02-INSERT,0,2026-10-07
K0081C,Douille Rsv Hpi,0,INSERT,02-INSERT,0,2026-10-07
K0082A,Membrane J81,0,INSERT,02-INSERT,0,2026-10-07
K0083A,Raccord Rapide 6X8 30Ø,0,INSERT,02-INSERT,0,2026-10-07
K0084A,Raccord Rapide 6X8 45Ø,0,INSERT,02-INSERT,0,2026-10-07
K0091A,Ressort 250 Mbar,0,INSERT,02-INSERT,0,2026-10-07
K0096AA,Bouchon X91,0,INSERT,02-INSERT,0,2026-10-07
K0097AB,Connecteur Surmoule X91,0,INSERT,02-INSERT,0,2026-10-07
K0116AB,O Ring Bushing Rack,0,INSERT,01-INSE,0,2026-10-07
K0118AA,Cosse D200 Longue Rhd,0,INSERT,02-INSERT,0,2026-10-07
K0118BA,Cosse D200 Courte Rhd,0,INSERT,02-INSERT,0,2026-10-07
K0119AA,Tuyau D200 Rhd Court,0,INSERT,02-INSERT,0,2026-10-07
K0119BA,Tuyau D200 Rhd Long,0,INSERT,02-INSERT,0,2026-10-07
K0141AA,Douille,0,INSERT,02-INSERT,0,2026-10-07
K0146AA,Detecteur X10,0,INSERT,02-INSERT,0,2026-10-07
K0148AA,Detecteur Ford V36X,0,INSERT,02-INSERT,0,2026-10-07
K0149AA,Umbrella Valve,0,INSERT,02-INSERT,0,2026-10-07
K0151AA,Metal Flap W98,0,INSERT,02-INSERT,0,2026-10-07
K0151BA,Metal Flap,0,INSERT,02-INSERT,0,2026-10-07
K0153AB,Cosse Bouterolle,0,INSERT,02-INSERT,0,2026-10-07
K0155AA,Spring,0,INSERT,02-INSERT,0,2026-10-07
K0156AA,Pin,0,INSERT,02-INSERT,0,2026-10-07
K0157AB,Seal,0,INSERT,02-INSERT,0,2026-10-07
K0160AA,Cosse Guide X90/X65/K67,0,INSERT,02-INSERT,0,2026-10-07
K0161AA,Joint Venturi,0,INSERT,02-INSERT,0,2026-10-07
K0167AA,Ressort Asm,0,INSERT,02-INSERT,0,2026-10-07
K0169AA,Fli 0204226305,0,INSERT,01-INSE,0,2026-10-07
K0170AA,Float X12,0,INSERT,02-INSERT,0,2026-10-07
K0171AA,Bouchon X12,0,INSERT,02-INSERT,0,2026-10-07
K0192AA,Douille Courte Dia 10 Tracteur A40/41,0,INSERT,02-INSERT,0,2026-10-07
K0193AA,Douille Longue Dia 10 Tracteur A40/41,0,INSERT,02-INSERT,0,2026-10-07
K0197AA,Douille Inox Aisi 304 (13.8),0,INSERT,02-INSERT,0,2026-10-07
K0198AA,Douille Inox Aisi 304 (5.8),0,INSERT,02-INSERT,0,2026-10-07
K0209AA,Filtre X12,0,INSERT,02-INSERT,0,2026-10-07
K0211A,Protective Plug,0,INSERT,02-INSERT,0,2026-10-07
K0212A,Joint Torique Fendu,0,INSERT,02-INSERT,0,2026-10-07
K0220AA,Capuchon De Protection,0,INSERT,02-INSERT,0,2026-10-07
K0222AA,Insert,0,INSERT,02-INSERT,0,2026-10-07
K0224AA,Douilles,0,INSERT,02-INSERT,0,2026-10-07
K0226AA,Spring Asb,0,INSERT,02-INSERT,0,2026-10-07
K0227AA,Axe Asb,0,INSERT,02-INSERT,0,2026-10-07
K0232AA,Protective Plug - Clutch Pipe,0,INSERT,02-INSERT,0,2026-10-07
K0233AA,Filtre B9_6,0,INSERT,02-INSERT,0,2026-10-07
K0235AA,Fli Doblo - Bosch 0 204 781 177,0,INSERT,02-INSERT,0,2026-10-07
K0236AA,Bague Antifluage,0,INSERT,02-INSERT,0,2026-10-07
K0238AA,Float Tesla - Bosch 0 204 2D2 121,0,INSERT,01-INSE,0,2026-10-07
K0241AB,Fli Tesla - Bosch 0 204 864 6Go,0,INSERT,01-INSE,0,2026-10-07
K0242AA,Fli Epsilon Acc. Bosch 0 204Y21 965,0,INSERT,02-INSERT,0,2026-10-07
K0245AA,Fli Audi - Bosch 0 204 804 973,0,INSERT,01-INSE,0,2026-10-07
K0247AB,Filter Audi - Bosch 0 204 818 129,0,INSERT,01-INSE,0,2026-10-07
K0248AA,Earth Connector Edison Eu R4S,0,INSERT,02-INSERT,0,2026-10-07
K0249AB,Fli Psa - Bosch 0 204 715 986,0,INSERT,01-INSE,0,2026-10-07
K0250AB,Capuchon Grande Pipette Jaune,0,INSERT,02-INSERT,0,2026-10-07
K0251AB,Capuchon Petite Pipette Jaune,0,INSERT,02-INSERT,0,2026-10-07
K0252AA,Ressort De Torsion,0,INSERT,02-INSERT,0,2026-10-07
K0253AA,Ressort De Balance,0,INSERT,02-INSERT,0,2026-10-07
K0254AA,Bouchon Cone,0,INSERT,02-INSERT,0,2026-10-07
K0255AA,Joint Rapport,0,INSERT,02-INSERT,0,2026-10-07
K0256AA,Volet EntrE (Inlet Volet),0,INSERT,02-INSERT,0,2026-10-07
K0263AA,Capuchon Pipette 2,0,INSERT,02-INSERT,0,2026-10-07
K0264AA,Jonc Carre,0,INSERT,02-INSERT,0,2026-10-07
K0265AF,Grounding Wire Long,0,INSERT,01-INSE,0,2026-10-07
K0266AA,Round Spacer Bush Long,0,INSERT,01-INSE,0,2026-10-07
K0267AA,Oblong Spacer Bush,0,INSERT,01-INSE,0,2026-10-07
K0268AA,Round Spacer Bush Short,0,INSERT,01-INSE,0,2026-10-07
K0269AA,Float Volvo - Bosch 0 204 703 488,0,INSERT,02-INSERT,0,2026-10-07
K0270AA,Filter Volvo - Bosch 0 204 703 487,0,INSERT,02-INSERT,0,2026-10-07
K0271AA,Metal Flapper Bmw,0,INSERT,02-INSERT,0,2026-10-07
K0273AB,Alignment Screw (External Torx Socket,0,INSERT,01-INSE,0,2026-10-07
K0274AB,Clip Nut Reinforced Design,0,INSERT,01-INSE,0,2026-10-07
K0276AB,Fli Passat Bit - Bosch 0 204 805 099 (Green),0,INSERT,01-INSE,0,2026-10-07
K0277AA,Filter Passat Bit - Bosch 0 204 806 677,0,INSERT,01-INSE,0,2026-10-07
K0277AB,Filter - Bosch 0204 864 4Wu,0,INSERT,02-INSERT,0,2026-10-07
K0278AA,Membrane,0,INSERT,02-INSERT,0,2026-10-07
K0279AA,Ressort Mfi,0,INSERT,02-INSERT,0,2026-10-07
K0280AA,Axe Mfi,0,INSERT,02-INSERT,0,2026-10-07
K0289AA,Joint Torique Fendu,0,INSERT,02-INSERT,0,2026-10-07
K0290AA,Umbrella Vl0130184,Poask3,INSERT,02-INSERT,Po,2026-10-07
K0291AA,Filter Ipb/K8 - Bosch 0 204 828 492,0,INSERT,01-INSE,0,2026-10-07
K0292AA,Float K8 - Bosch 0 204 255 904,0,INSERT,01-INSE,0,2026-10-07
K0293BA,Fli K8 - Bosch 0204 804 441,0,INSERT,01-INSE,0,2026-10-07
K0293BB,Fli K8 - Bosch 0204 064 6Bn,0,INSERT,01-INSE,0,2026-10-07
K0297AA,Metal Insert K9,0,INSERT,02-INSERT,0,2026-10-07
K0298AA,Insert M6,0,INSERT,02-INSERT,0,2026-10-07
K0299AA,Flap,0,INSERT,02-INSERT,0,2026-10-07
K0300AA,Detecteur 0204851481,0,INSERT,02-INSERT,0,2026-10-07
K0302AA,Fill Neck -Locking Adptor,0,INSERT,02-INSERT,0,2026-10-07
K0303AA,O Ring,0,INSERT,02-INSERT,0,2026-10-07
K0309AA,Fli Passat Rhd - Bosch 0204 783 009,0,INSERT,01-INSE,0,2026-10-07
K0310AA,Seal,0,INSERT,02-INSERT,0,2026-10-07
K0311AA,Seal Washer,0,INSERT,02-INSERT,0,2026-10-07
K0312AA,O-Ring 85111410,0,INSERT,02-INSERT,0,2026-10-07
K0313AA,Cable 85111584Ÿvr-Kl40Plus,0,INSERT,02-INSERT,0,2026-10-07
K0313BA,Cable 85111585 Vr-Kl41Masse,0,INSERT,02-INSERT,0,2026-10-07
K0314AA,Cable 85111588 Hl-Kl40Plus,0,INSERT,02-INSERT,0,2026-10-07
K0314BA,Cable 85111589Ÿhl-Kl41Masse,0,INSERT,02-INSERT,0,2026-10-07
K0315AA,Cable 85111631 Hr-Kl40Plus,0,INSERT,02-INSERT,0,2026-10-07
K0315BA,Cable 85111632 Hr-Kl41Masse,0,INSERT,02-INSERT,0,2026-10-07
K0317AA,Specific Bag For Mdt Protection,0,INSERT,02-INSERT,0,2026-10-07
K0318AA,O'Ring,0,INSERT,01-INSE,0,2026-10-07
K0319AA,Cable 85112334Ÿvl-Kl40Plus S Class,0,INSERT,02-INSERT,0,2026-10-07
K0319BA,Cable 85112335Ÿvl - Kl41 Masse S Class,0,INSERT,02-INSERT,0,2026-10-07
K0320AA,Cable 85112337Ÿvr - Kl40 Plus S Class,0,INSERT,02-INSERT,0,2026-10-07
K0320BA,Cable 85112338Ÿvr - Kl41 Masse S Class,0,INSERT,02-INSERT,0,2026-10-07
K0321AA,Cable 85112340Ÿhl - Kl40 Plus S Class,0,INSERT,02-INSERT,0,2026-10-07
K0321BA,Cable 85112341Ÿhl - Kl41 Masse S Class,0,INSERT,02-INSERT,0,2026-10-07
K0322AA,Cable 85112343Ÿhr - Kl40 Plus S Class,0,INSERT,02-INSERT,0,2026-10-07
K0322BA,Cable 85112344Ÿhr - Kl41 Masse S Class,0,INSERT,02-INSERT,0,2026-10-07
K0323AA,Tube,0,INSERT,02-INSERT,0,2026-10-07
K0324AA,Sleeve,0,INSERT,02-INSERT,0,2026-10-07
K0325AA,Quick Connector,0,INSERT,02-INSERT,0,2026-10-07
K0326AA,Qc Plug,0,INSERT,02-INSERT,0,2026-10-07
K0327AA,Filter,0,INSERT,02-INSERT,0,2026-10-07
K0328AA,Cap,0,INSERT,02-INSERT,0,2026-10-07
K0330AA,Fli,0,INSERT,02-INSERT,0,2026-10-07
K0331AA,"85136753 Sample Kl40 Plus-Long 0,26",0,INSERT,02-INSERT,0,2026-10-07
K0331BA,"85136754 Sample Kl41 Masse-Long 0,26",0,INSERT,02-INSERT,0,2026-10-07
K0332AA,O Ring 85135826,0,INSERT,02-INSERT,0,2026-10-07
K0333AA,Ecran,0,INSERT,02-INSERT,0,2026-10-07
K0335AA,Aimant Ferrite,0,INSERT,02-INSERT,0,2026-10-07
K0337AB,Fli Collector 0 204 850 795,0,INSERT,01-INSE,0,2026-10-07
K0339AA,Insert P (Forme Ronde),0,INSERT,02-INSERT,0,2026-10-07
K0339BA,Insert N (Forme Ronde),0,INSERT,02-INSERT,0,2026-10-07
K0340AA,Busching,0,INSERT,02-INSERT,0,2026-10-07
K0341AA,Insert P ( Forme Triangle),0,INSERT,02-INSERT,0,2026-10-07
K0341BA,Insert N (Forme Triangle),0,INSERT,02-INSERT,0,2026-10-07
K0342AA,Hose Ipb Lhd,0,INSERT,01-INSE,0,2026-10-07
K0342AB,Hose Ipb Lhd (Prod Location Change),0,INSERT,01-INSE,0,2026-10-07
K0343AB,Hose Cpb Lhd (Adjusted Lenght),0,INSERT,01-INSE,0,2026-10-07
K0343AC,Hose Cpb Lhd (Prod Location Change),0,INSERT,01-INSE,0,2026-10-07
K0344AA,Hose Ipb Rhd,0,INSERT,01-INSE,0,2026-10-07
K0344AB,Hose Ipb Rhd (Prod Location Change),0,INSERT,01-INSE,0,2026-10-07
K0345AB,Hose Cpb Rhd (Adjusted Lenght),0,INSERT,01-INSE,0,2026-10-07
K0345AC,Hose Cpb Rhd (Prod Location Change),0,INSERT,01-INSE,0,2026-10-07
K0346AA,Qc,0,INSERT,01-INSE,0,2026-10-07
K0347AA,Cap,0,INSERT,01-INSE,0,2026-10-07
K0348AA,Plug,0,INSERT,01-INSE,0,2026-10-07
K0349AA,Cap 0204051329,0,INSERT,02-INSERT,0,2026-10-07
K0350AA,Fli Psa Cdpo,0,INSERT,02-INSERT,0,2026-10-07
K0351AA,Bouchon Psa Cdpo Eu,0,INSERT,02-INSERT,0,2026-10-07
K0352AA,Insert M5 Surmoule,0,INSERT,02-INSERT,0,2026-10-07
K0353AA,Plug 0204842086 (Yellow),0,INSERT,01-INSE,0,2026-10-07
K0354AA,Bouchon Psa Cdpo,0,INSERT,02-INSERT,0,2026-10-07
K0355AA,Tokyo Magnet A0007V0586,0,INSERT,02-INSERT,0,2026-10-07
K0356AA,Hall Effect Sensor A026G308,0,INSERT,02-INSERT,0,2026-10-07
K0357AA,Connector A013M585,0,INSERT,02-INSERT,0,2026-10-07
K0359AA,Filter A011H338,0,INSERT,02-INSERT,0,2026-10-07
K0360AA,Fli 0204852292,0,INSERT,01-INSE,0,2026-10-07
K0361AA,Filter 02048644Wv,0,INSERT,01-INSE,0,2026-10-07
K0361AB,Filter 02048644Wv,0,INSERT,01-INSE,0,2026-10-07
K0362AA,Filter 0204816353,0,INSERT,01-INSE,0,2026-10-07
K0363AA,Float 0204227091,0,INSERT,01-INSE,0,2026-10-07
K0365AA,Hose A013M584,0,INSERT,02-INSERT,0,2026-10-07
K0367AA,Ring A013E368,0,INSERT,02-INSERT,0,2026-10-07
K0368AA,Hose A025M781,0,INSERT,02-INSERT,0,2026-10-07
K0369AA,Ring A023W430,0,INSERT,02-INSERT,0,2026-10-07
K0370AA,Ring A023W428,0,INSERT,02-INSERT,0,2026-10-07
K0371AA,Filter A012U986,0,INSERT,02-INSERT,0,2026-10-07
K0372AA,Mousse,0,INSERT,02-INSERT,0,2026-10-07
K0373AA,Spring (4451-6211),0,INSERT,01-INSE,0,2026-10-07
K0374AA,Sheet Metal (4451-1431),0,INSERT,01-INSE,0,2026-10-07
K0375AA,Pin (4451-1171),0,INSERT,01-INSE,0,2026-10-07
K0376AA,Mfi - Bracket (4042-2321),0,INSERT,01-INSE,0,2026-10-07
K0377AA,Mfi - Dmfi Subunit (4042-2332),0,INSERT,01-INSE,0,2026-10-07
K0378AA,Mfi - Bracket Ring (4042-2502),0,INSERT,01-INSE,0,2026-10-07
K0379AA,Lopin Alu Fsd 22X58 G2-Ebcp50(R307) 1251,0,INSERT,02-INSERT,0,2026-10-07
K0380AA,Ressort Plat Inox 10/10 1531,0,INSERT,02-INSERT,0,2026-10-07
K0381AA,Ecrou He M8 6H Inox A4 +Mos2 1765,0,INSERT,02-INSERT,0,2026-10-07
K0382AA,Lyre De Contact Fsd 22X58 G2 3516,0,INSERT,02-INSERT,0,2026-10-07
K0383AA,Vis Hm8X20 Inox A2 3803,0,INSERT,02-INSERT,0,2026-10-07
K0384AA,Joint Cable Manch.Fus-Fsd 22X58 G2 4455,0,INSERT,02-INSERT,0,2026-10-07
K0385AA,Vis Agglo / Vis Bois Agglo. 4808,0,INSERT,02-INSERT,0,2026-10-07
K0390AA,Lame Contact Laiton H12 Etam.Cdr/Ct 1007,0,INSERT,02-INSERT,0,2026-10-07
K0391AA,Vis Hm8-83 Zn Lam. Sertie 15 Nm Mc35,0,INSERT,02-INSERT,0,2026-10-07
K0392AA,TTine DRiv Cdr/Ct Assemb.,0,INSERT,02-INSERT,0,2026-10-07
K0393AA,Mousse A,0,INSERT,02-INSERT,0,2026-10-07
K0395AA,Contact Ces Cuznh12 Etame,0,INSERT,02-INSERT,0,2026-10-07
K0396AA,Ecrou Fusibl.M8 H13-H13 12Nm Zamak,0,INSERT,02-INSERT,0,2026-10-07
K0397AA,Vis Hm8-55 Zn Lam Lub.100%Tnt(1704),0,INSERT,02-INSERT,0,2026-10-07
K0398AA,Rond. Plate 13X24X2.5 Acier Znni,0,INSERT,02-INSERT,0,2026-10-07
K0399AA,Magnet,0,INSERT,02-INSERT,0,2026-10-07
K0400AA,Cap 0204802187,0,INSERT,02-INSERT,0,2026-10-07
K0401AA,Metal Insert,0,INSERT,02-INSERT,0,2026-10-07
K0402AA,Cable 85111358 Vl-Kl40Plus,0,INSERT,02-INSERT,0,2026-10-07
K0402BA,Cable 85111359 Vl-Kl41Masse,0,INSERT,02-INSERT,0,2026-10-07
K0406AA,Pin Ipb - Bosch 0 204 855 030,0,INSERT,01-INSE,0,2026-10-07
K0406BA,Pin Ipb - Bosch 0 204 855 030,0,INSERT,01-INSE,0,2026-10-07
K0407AA,Locking Washer Ipb - Bosch 0 204 855 031,0,INSERT,01-INSE,0,2026-10-07
K0409AA,Magnet A013G549,0,INSERT,02-INSERT,0,2026-10-07
K0412AA,Vis Th M6X25,0,INSERT,02-INSERT,0,2026-10-07
K0413AA,Ground Strap Cmp45,0,INSERT,02-INSERT,0,2026-10-07
K0414AA,Spacer Bush,0,INSERT,02-INSERT,0,2026-10-07
K0415AA,Spacer Bush,0,INSERT,02-INSERT,0,2026-10-07
K0418AA,Bouchon A026D490,0,INSERT,02-INSERT,0,2026-10-07
K0420AA,Limitfix Ac M6 Lso H4,0,INSERT,02-INSERT,0,2026-10-07
K0421AA,Membrane Tesla,0,INSERT,02-INSERT,0,2026-10-07
P002,Grivory Htv-6H1 Noir 9205,0,MATIRE,01-MP,0,2026-10-07
P008,Vydyne 21Spc Nat,0,MATIRE,01-MP,0,2026-10-07
P010,Delrin 500 P Nc 010,0,MATIRE,01-MP,0,2026-10-07
P017,Total Ppc 5660,0,MATIRE,01-RAWM,0,2026-10-07
P018,Hostaform C 9021 Naturel,0,MATIRE,01-MP,0,2026-10-07
P019,Kepital F20.03 Nat,0,MATIRE,01-MP,0,2026-10-07
P024,Daplen Bhc 5012 C Naturel,0,MATIRE,01-MP,0,2026-10-07
P032,Bg364-8229 Bag Noir,0,MATIRE,01-MP,0,2026-10-07
P033,Eltex A5006 Fn 1285,0,MATIRE,01-MP,0,2026-10-07
P041,Ppc 3060 Mw5,0,MATIRE,01-MP,0,2026-10-07
P042,Technyl A218 V30 Noir 21Ns,0,MATIRE,01-MP,0,2026-10-07
P058,Technyl A218 V30 Naturel,0,MATIRE,01-MP,0,2026-10-07
P157,Hytrel 6358,0,MATIRE,01-MP,0,2026-10-07
P219,Delrin 100 P Nc 10,0,MATIRE,01-MP,0,2026-10-07
P332,Esdach Gpp 1630 Naturel,0,MATIRE,01-MP,0,2026-10-07
P641,Hostaform C 9021 Black,0,MATIRE,01-RAWM,0,2026-10-07
P654,Ladene M500026,0,MATIRE,01-MP,0,2026-10-07
P657,Crastine Sk 605 Nc010,0,MATIRE,01-MP,0,2026-10-07
P658,Rabs 90000 Uv5 Naturel,0,MATIRE,01-MP,0,2026-10-07
P660,Cnl A2 Hh Gf30 Nc 1102/2D,0,MATIRE,01-MP,0,2026-10-07
P667,Celanyl A3 H Gf25 Bk9005/P,0,MATIRE,01-MP,0,2026-10-07
P672,Hostaform C 2521 Naturel,0,MATIRE,01-MP,0,2026-10-07
P677,Cabelec Ca 6115,0,MATIRE,01-MP,0,2026-10-07
P678,Cabelec Ca6114,0,MATIRE,01-MP,0,2026-10-07
P683,Thermophil 10 F0 V4 Bk,0,MATIRE,01-MP,0,2026-10-07
P684,Sabic 83Mf10,0,MATIRE,01-RAWM,0,2026-10-07
P701,Hostaform C 13031Xf 50/5339,0,MATIRE,01-MP,0,2026-10-07
P703,Zytel 114 Hsl A Black 010,0,MATIRE,01-MP,0,2026-10-07
P708,Hdpe Ms 201 B,0,MATIRE,01-MP,0,2026-10-07
P710,Lupolen 4261 Ag Bd,0,MATIRE,01-MP,0,2026-10-07
P711,Hostaform Ec140Xf Cd3068 Black Ps,0,MATIRE,01-MP,0,2026-10-07
P712,Hdpe Lupolen 4261Aim,0,MATIRE,01-MP,0,2026-10-07
P715,Pom Hostaform C27021,0,MATIRE,01-MP,0,2026-10-07
P717,Thermolast K Tp6Cdb,0,MATIRE,01-MP,0,2026-10-07
P718,Total Esd 201B,0,MATIRE,01-MP,0,2026-10-07
P723,Hostacom M2 U08,0,MATIRE,01-MP,0,2026-10-07
P725,Polypropylene Ppc 7650,0,MATIRE,01-MP,0,2026-10-07
P737,Isplen Pp051 Y1E,0,MATIRE,01-MP,0,2026-10-07
P749,Latamid 66 H2 G/50 Noir,0,MATIRE,01-MP,0,2026-10-07
P764,Latamid 66 H2 G/25-V0Ct1 Gri,0,MATIRE,01-MP,0,2026-10-07
P767,Later 4 S/30 Nat,0,MATIRE,01-MP,0,2026-10-07
P768,Bergamid A70 G25 H Natural,0,MATIRE,01-MP,0,2026-10-07
P769,Durethan Bkv 30H2.0 Noir,0,MATIRE,01-MP,0,2026-10-07
P770,Durethan Akv 35 Hr H2.0 901510,0,MATIRE,01-MP,0,2026-10-07
P771,Durethan Bkv 130Git 900116,0,MATIRE,01-MP,0,2026-10-07
P772,Grillon Bgz30 Noir,0,MATIRE,01-MP,0,2026-10-07
P782,Pa 66 40% Talc Akulon S223 Hm8,0,MATIRE,01-MP,0,2026-10-07
P784,Kelon B H Cet/30 Nero:3302,0,MATIRE,01-MP,0,2026-10-07
P786,Vitamide As10Bk6603,0,MATIRE,01-MP,0,2026-10-07
P787,Lupolen Gx5038,0,MATIRE,01-MP,0,2026-10-07
P788,Durethan Akv 35H3.0 901510,0,MATIRE,01-MP,0,2026-10-07
P793,Pps Fz-1140-R5,0,MATIRE,01-MP,0,2026-10-07
P822,Rtp 799 X 102733 K Black,0,MATIRE,01-MP,0,2026-10-07
P826,Grivory Gv-4H Noir 9915,0,MATIRE,01-RAWM,0,2026-10-07
P828,Termofil 10F0V2X66,0,MATIRE,01-MP,0,2026-10-07
P830,Grivory Htv-3H1 Black 9205,0,MATIRE,01-MP,0,2026-10-07
P835,Ravamid A Gf 30 H Bk45 Black,0,MATIRE,01-MP,0,2026-10-07
P836,Majoris-Ag100E Nat (Lupolen 4261Aim Gf10),0,MATIRE,01-MP,0,2026-10-07
P837,Durethan Bkv 35 H 2.0 Ef 900116,0,MATIRE,01-MP,0,2026-10-07
P839,Admer At1870E,0,MATIRE,01-MP,0,2026-10-07
P840,Total Ppc 1640,0,MATIRE,01-RAWM,0,2026-10-07
P841,Hostaform C13031 Xf 10/9022 Black,0,MATIRE,01-MP,0,2026-10-07
P842,Crastin Sk602Bk851,0,MATIRE,01-MP,0,2026-10-07
P843,Dic Pps Fz-3600 Nat,0,MATIRE,01-MP,0,2026-10-07
P844,Radilon S Erv3808 333 Bk,0,MATIRE,01-MP,0,2026-10-07
P845,Bergamid A70 G30 Pmz,0,MATIRE,01-MP,0,2026-10-07
P846,Radilon A Usx 200 333 Bk,0,MATIRE,01-MP,0,2026-10-07
P848,Technyl A 218 V 30 Noir 34 Ng,0,MATIRE,01-MP,0,2026-10-07
P849,Pa12 Gf30 Grilamid Lv-3H Natural,0,MATIRE,01-MP,0,2026-10-07
P852,Grilon A70 Gf30 H,0,MATIRE,01-MP,0,2026-10-07
P853,Zytel Xt 70G35 Hsl,0,MATIRE,01-MP,0,2026-10-07
P854,Ultramid B3Eg3 Black,0,MATIRE,01-MP,0,2026-10-07
P856,Kepital H100 Naturel,0,MATIRE,01-RAWM,0,2026-10-07
P858,Crastin Sk605 Bk851,0,MATIRE,01-MP,0,2026-10-07
P859,Durethan Akv30 Hrh2.0 901510,0,MATIRE,01-MP,0,2026-10-07
P860,Elastollan C59D,0,MATIRE,01-MP,0,2026-10-07
P861,Radilon A Rv300Rkc 109 Nt,0,MATIRE,01-MP,0,2026-10-07
P862,Radilon Arv300Rg3900 Black,0,MATIRE,01-MP,0,2026-10-07
P863,Stanyl Te 300 Naturel,0,MATIRE,01-MP,0,2026-10-07
P864,Zytel 70G30Hslr Bk099,0,MATIRE,01-MP,0,2026-10-07
P865,Htn51G35Hslr Bk420,0,MATIRE,01-MP,0,2026-10-07
P867,Easymid A 60330 Bkig-1841 Ta0290,0,MATIRE,01-MP,0,2026-10-07
P869,Grivory Ht2V-3H Noir 9205,0,MATIRE,01-MP,0,2026-10-07
P871,Eplamid 6 Gfu 50 Uvl Bk Q1F002-1876 Ta0438,0,MATIRE,01-MP,0,2026-10-07
P872,Tefabloc To.32360A2008_1839 Ta0140,0,MATIRE,01-MP,0,2026-10-07
P874,Econamid Fl 6 Bk-Ta0428/T0013,0,MATIRE,01-MP,0,2026-10-07
P875,Aquamid Aqpl 27000 N-1842 Ta0408,0,MATIRE,01-MP,0,2026-10-07
P876,Sirmax Isoglass H30 Cgf C-1815 Ta0268,0,MATIRE,01-MP,0,2026-10-07
P877,Grilon Tsg-30/4 W 9832,0,MATIRE,01-MP,0,2026-10-07
P879,Technyl A218V35 Black 21N,0,MATIRE,01-MP,0,2026-10-07
P880,Technyl C218 V35 Black 21N,0,MATIRE,01-MP,0,2026-10-07
P881,Akromid B3 Gf 30 1 Git La Black (8278),0,MATIRE,01-MP,0,2026-10-07
P882,Makrolon 2407 771078,0,MATIRE,01-MP,0,2026-10-07
P883,Badamid A70 Gf30 Black,0,MATIRE,01-MP,0,2026-10-07
P884,Durethan Bkv15H2.0 901510 Dus008,0,MATIRE,01-MP,0,2026-10-07
P887,Luran S 777K Bk900021,0,MATIRE,01-MP,0,2026-10-07
P888,Valox 357X Noir Ral 7001,0,MATIRE,01-MP,0,2026-10-07
P889,Grilamid Lv-3H Noir 9288,0,MATIRE,01-MP,0,2026-10-07
P890,Pa6 V0 Noir Code Ta0668,0,MATIRE,01-MP,0,2026-10-07
P891,Alcom Pom 770/1 Ptfe 20,0,MATIRE,01-MP,0,2026-10-07
P893,Lupoy Pc 1303Ep-22,0,MATIRE,01-MP,0,2026-10-07
P896,Hostaform C9021 Black 10 Uv,0,MATIRE,01-RAWM,0,2026-10-07
P897,Hostacom X M2 U34 102942,0,MATIRE,01-MP,0,2026-10-07
P898,Lupoy Eu5000W Ka02,0,MATIRE,01-MP,0,2026-10-07
P900,Akromid B3 Gf30 1Git Black ( 4598 ),0,MATIRE,01-MP,0,2026-10-07
P901,Radici 5000018586 - Rdt.B Rv300Kn 373 Bk,0,MATIRE,01-MP,0,2026-10-07
P902,Zytel 70G30 Hslr Nat,0,MATIRE,01-MP,0,2026-10-07
P904,Shulamid 6 Gf15 Naturel,0,MATIRE,01-MP,0,2026-10-07
P906,Polimid B 15 Gf Black 0643 Kw2,0,MATIRE,01-MP,0,2026-10-07
P908,Scolefin 52T 10-9 Bk,0,MATIRE,01-MP,0,2026-10-07
P910,Novamide Pa6 Gb15 (Vw 50125),0,MATIRE,01-MP,0,2026-10-07
P917,Thermolast K Tf1Stl,0,MATIRE,01-MP,0,2026-10-07
RB150V,Megapack S1200-1170,0,EMBALLAGE,07-MEGAP,0,2026-10-07
RB151V,Megapack Plastic Separator Vid,0,EMBALLAGE,07-MEGAP,0,2026-10-07
RB152,Megapack Cz,0,EMBALLAGE,03-MEGA,0,2026-10-07
RB153,Megapack Separator,0,EMBALLAGE,03-MEGA,0,2026-10-07
RB159V,Megapack S1200-720,0,EMBALLAGE,07-MEGAP,0,2026-10-07
RB708,Plastic Box,0,EMBALLAGE,06-EMB,0,2026-10-07
RB711,Megapack Bosch Spain,0,EMBALLAGE,03-MEGA,0,2026-10-07
RB712,Separator Bosch Spain,0,EMBALLAGE,03-MEGA,0,2026-10-07
RB713,Side Spacer 6000131449,0,EMBALLAGE,03-MEGA,0,2026-10-07
RB714,Spacer 6000106797,0,EMBALLAGE,03-MEGA,0,2026-10-07
RB715,Box 6099506280,0,EMBALLAGE,03-MEGA,0,2026-10-07
RB716,Lid On Box 6099610265,0,EMBALLAGE,03-MEGA,0,2026-10-07
RB717,Lid On Palette 6099101208,0,EMBALLAGE,03-MEGA,0,2026-10-07
RB718,Plastic Palette 6099101399,0,EMBALLAGE,03-MEGA,0,2026-10-07
RB719,Bac Klt 6280,0,EMBALLAGE,06-EMB,0,2026-10-07
RB720,Couvercle Klt 6280,0,EMBALLAGE,06-EMB,0,2026-10-07
RB721,Emballage Retournable Michaud,0,EMBALLAGE,06-EMB,0,2026-10-07
RB723,Separator For Pallet Box 1000X800X750,0,EMBALLAGE,06-EMB,0,2026-10-07
RB724,Repack Box Drx,0,EMBALLAGE,06-EMB,0,2026-10-07
RB725,Hybox Esd Complete Bc-Hyb-1280-1C-05,0,EMBALLAGE,06-EMB,0,2026-10-07
RB726,Hybox Plate Esd Bc-Hyb-1280-0C-07,0,EMBALLAGE,06-EMB,0,2026-10-07
RB727,Mega Pack Complete Bc-Meg-1280-1C-01,0,EMBALLAGE,06-EMB,0,2026-10-07
RB728,Mega Pack Plate Bc-Meg-1280-0C-04,0,EMBALLAGE,06-EMB,0,2026-10-07
RC009,Carton Galia A13 (400X300X200),0,EMBALLAGE,06-EMB,0,2026-10-07
RC011,Carton Galia C11 Fond,0,EMBALLAGE,06-EMB,0,2026-10-07
RC013,Carton Galia C13 Fond,0,EMBALLAGE,06-EMB,0,2026-10-07
RC031,Carton Galia A10 (600X400X250),0,EMBALLAGE,06-EMB,0,2026-10-07
RC032,5Vll Carton Box 60X40X30 Cm,0,EMBALLAGE,03-PACK,0,2026-10-07
RC033,Carton Galia A15 (300X200X200),0,EMBALLAGE,06-EMB,0,2026-10-07
RC152,Carton Galia C9 Fond,0,EMBALLAGE,06-EMB,0,2026-10-07
RC154,Kraft Papier 220Gr Gris/Gris 380*283 Mm,0,EMBALLAGE,06-EMB,0,2026-10-07
RC155,Carton Galia C10 Fond,0,EMBALLAGE,06-EMB,0,2026-10-07
RC156,Couv. Cartons Galia C9+C10+C11,0,EMBALLAGE,06-EMB,0,2026-10-07
RC157,Couv. Cartons Galia C12/C13/C14,0,EMBALLAGE,06-EMB,0,2026-10-07
RC163,Carton Galia A12 (400*300*300),0,EMBALLAGE,06-EMB,0,2026-10-07
RC171,Carton 300*200*90 Fond C40,0,EMBALLAGE,06-EMB,0,2026-10-07
RC172,Carton 300*200*90 Couvl C40,0,EMBALLAGE,06-EMB,0,2026-10-07
RC177,Carton C16 Fond,0,EMBALLAGE,06-EMB,0,2026-10-07
RC178,Couvercle C15 C16,0,EMBALLAGE,06-EMB,0,2026-10-07
RC180,Carton Galia C14,0,EMBALLAGE,06-EMB,0,2026-10-07
RC183,Carton C12 400*300*300,0,EMBALLAGE,06-EMB,0,2026-10-07
RC184,Carton Spec Pffix - Fond,0,EMBALLAGE,06-EMB,0,2026-10-07
RC185,Carton Spec Pffix - Couvercle,0,EMBALLAGE,06-EMB,0,2026-10-07
RC186,Fond C15(30*20*20),0,EMBALLAGE,06-EMB,0,2026-10-07
RC187,Stretch Foil,0,EMBALLAGE,03-PACK,0,2026-10-07
RC188,3Vll Carton Box 60X40X30 Cm,0,EMBALLAGE,03-PACK,0,2026-10-07
RC192,Box Fefco 0300 -544 X 359 X 129 Bc Flute (Box+Lid),0,EMBALLAGE,03-PACK,0,2026-10-07
RC193,Pallet Box With Four Flaps (1000X800X750),0,EMBALLAGE,06-EMB,0,2026-10-07
RC194,Intercalaire Carton Drx,0,EMBALLAGE,06-EMB,0,2026-10-07
RC195,Doufline Ep1*400*600,0,EMBALLAGE,06-EMB,0,2026-10-07
RC196,Doufline A3*300*400,0,EMBALLAGE,06-EMB,0,2026-10-07
RC197,Carton Galia A16,0,EMBALLAGE,06-EMB,0,2026-10-07
RC198,Plateau Casco 3020400160,0,EMBALLAGE,06-EMB,0,2026-10-07
RE148,Etiquette Zebra Zm-400 Blanc,0,EMBALLAGE,06-EMB,0,2026-10-07
RE149,Termo Etiketa 90 X 70,0,EMBALLAGE,03-PACK,0,2026-10-07
RE150,Etiquette Jaune 107 X 48,0,EMBALLAGE,06-EMB,0,2026-10-07
RE152,Etiquette Gallia 70X46.5 Blanc,0,EMBALLAGE,06-EMB,0,2026-10-07
RE160,Etiquette Orange 100*50,0,EMBALLAGE,06-EMB,0,2026-10-07
RE161,Etiquette Rouge 100*50,0,EMBALLAGE,06-EMB,0,2026-10-07
RE163,Etiquette 40/20 Blanc,0,EMBALLAGE,06-EMB,0,2026-10-07
RE166,Etiquette Zebra Zm-400 Orang,0,EMBALLAGE,06-EMB,0,2026-10-07
RE167,Etiquette Zebra Zm-400 Bleu,0,EMBALLAGE,06-EMB,0,2026-10-07
RE189,Etiquette Zebra Zm-400 Vert,0,EMBALLAGE,06-EMB,0,2026-10-07
RE190,Galia Label 202X80Mm,0,EMBALLAGE,03-PACK,0,2026-10-07
RE192,Adhesive Tape,0,EMBALLAGE,03-PACK,0,2026-10-07
RE196,Etiquette Zebra Zm-400 Jaune,0,EMBALLAGE,06-EMB,0,2026-10-07
RE197,Etiquette Velin Mat 102*150,0,EMBALLAGE,06-EMB,0,2026-10-07
RE198,Etiquette Zebra Zm-400 Rose,0,EMBALLAGE,06-EMB,0,2026-10-07
RE199,Masterlabel Vda 210 Mm X 148 Mm (A5),0,EMBALLAGE,06-EMB,0,2026-10-07
RE200,Etiquette Velin Mat 100X100Mm Couleur Vert,0,EMBALLAGE,06-EMB,0,2026-10-07
RI010,Int A12/A13/A14/C13 (380X283),0,EMBALLAGE,06-EMB,0,2026-10-07
RI041,Int. A9/A10/C9 (580X380),0,EMBALLAGE,06-EMB,0,2026-10-07
RI159,Divider 20 Cells (5 X 4),0,EMBALLAGE,03-PACK,0,2026-10-07
RI160,Intercalaire A9 570 *380,0,EMBALLAGE,06-EMB,0,2026-10-07
RP020,Wood Palette,0,EMBALLAGE,03-PACK,0,2026-10-07
RP106,Palette (1200X1000) Planche,0,EMBALLAGE,03-PACK,0,2026-10-07
RP111,Palette 100*120 Traitee Ippc,0,EMBALLAGE,06-EMB,0,2026-10-07
RP112,Palette 1200X800 Traitee Ippc,0,EMBALLAGE,06-EMB,0,2026-10-07
RP152,Palette Michaud,0,EMBALLAGE,06-EMB,0,2026-10-07
RP153,Palet 108X72,0,EMBALLAGE,03-PACK,0,2026-10-07
RP154,Palette 1000X800 Planche,0,EMBALLAGE,06-EMB,0,2026-10-07
RS002,Plastic Bag - 120X80X120 Cm,0,EMBALLAGE,03-PACK,0,2026-10-07
RS003,Sachets Dessicants Silicagel 10Gr.,0,EMBALLAGE,06-EMB,0,2026-10-07
RS027,Sac Pe 35*40 30 Um,0,EMBALLAGE,06-EMB,0,2026-10-07
RS028,Sac Pe 42*62 50 Um,0,EMBALLAGE,06-EMB,0,2026-10-07
RS073,Sac Pe 60*110 200 Um,0,EMBALLAGE,06-EMB,0,2026-10-07
RS136,Plastic Bag - 600X400X300 Cm,0,EMBALLAGE,03-PACK,0,2026-10-07
RS137,Sac Pe 37+(2*14)*58 30 Um,0,EMBALLAGE,06-EMB,0,2026-10-07
RS138,Sac Pe 51*40 30 Um,0,EMBALLAGE,06-EMB,0,2026-10-07
RS139,Plastic Bag 40X30X20 Bushing Rack,0,EMBALLAGE,03-PACK,0,2026-10-07
RS146,"Sac Pe 11,5+(2*4)*130 40 Um",0,EMBALLAGE,06-EMB,0,2026-10-07
RS147,Sac Anti Humidit Sac Pe 42*62 90 Um,0,EMBALLAGE,06-EMB,0,2026-10-07
RS149,Sac Anti Humidit Sac Pe 42*62 150 Um,0,EMBALLAGE,06-EMB,0,2026-10-07
RS150,"Sac Anti Humidit Sac Pe 30/40 150 Microns 0,15Mm",0,EMBALLAGE,06-EMB,0,2026-10-07
RS153,Bag For Pallet Box 1000X800X750,0,EMBALLAGE,06-EMB,0,2026-10-07
RS154,Pink Anti-Static Bag,0,EMBALLAGE,06-EMB,0,2026-10-07
RS155,Sac Antistatique Pe Rose 305Mm X 406Mm X 90?M,0,EMBALLAGE,06-EMB,0,2026-10-07
RS156,Sac Jaune Pe 57+(2*25)*80,0,EMBALLAGE,06-EMB,0,2026-10-07
RS157,Sac Bleu Pe 57+(2*25)*80,0,EMBALLAGE,06-EMB,0,2026-10-07
RS158,Sac Vert Pe 57+(2*25)*80,0,EMBALLAGE,06-EMB,0,2026-10-07
RS159,Sac Marron Pe 57+(2*25)*80,0,EMBALLAGE,06-EMB,0,2026-10-07
RS160,Sac Gris Pe 57+(2*25)*80,0,EMBALLAGE,06-EMB,0,2026-10-07
RS161,Sac Violet Pe 57+(2*25)*80,0,EMBALLAGE,06-EMB,0,2026-10-07
RS162,Sac 20+(2*5)/35 Hd Cristal,0,EMBALLAGE,06-EMB,0,2026-10-07
RX001,Paper Corners 1200X35X35,0,EMBALLAGE,03-PACK,0,2026-10-07
RX149,Housses Pebd Neutres 1250,0,EMBALLAGE,06-EMB,0,2026-10-07
RX154,Plateau Thermoforme Spd Porsch,0,EMBALLAGE,06-EMB,0,2026-10-07
RX161,Corniere 40*40*2100 Ep4,0,EMBALLAGE,06-EMB,0,2026-10-07
RX162,Paper Corners 1000X35X35,0,EMBALLAGE,03-PACK,0,2026-10-07
RX165,Paper Corners 1200X45X45 5Mm,0,EMBALLAGE,03-PACK,0,2026-10-07
RX166,Paper Corner 60Mm 35X35X2.5 Mm,0,EMBALLAGE,03-PACK,0,2026-10-07
S8413,Shots I8413 Housing Delphi,0,FOR WORK CENTRES,11-CAPACIT,0,2026-10-07
S8449,Shots I8449 Bushing Rack 2,0,FOR WORK CENTRES,11-CAPACIT,0,2026-10-07
S8495,Shots I8495 Doblo,0,FOR WORK CENTRES,11-CAPACIT,0,2026-10-07
S8515,Shots I8515 Tesla,0,FOR WORK CENTRES,11-CAPACIT,0,2026-10-07
S8520,Shots I8520 Audi,0,FOR WORK CENTRES,11-CAPACIT,0,2026-10-07
S8524,Shots I8524 Epsilon,0,FOR WORK CENTRES,11-CAPACIT,0,2026-10-07
S8526,Shots I8526 Psa Top+Bott 1+2,0,FOR WORK CENTRES,11-CAPACIT,0,2026-10-07
S8584,Shots I8584 Deflector,0,FOR WORK CENTRES,11-CAPACIT,0,2026-10-07
S8585,Shots I8585 Insert,0,FOR WORK CENTRES,11-CAPACIT,0,2026-10-07
S8595,Shots I8595 Filler Spud,0,FOR WORK CENTRES,11-CAPACIT,0,2026-10-07
S8596,Shots I8596 Bracket Mqb,0,FOR WORK CENTRES,11-CAPACIT,0,2026-10-07
S8597,Shots I8597 Restrictor,0,FOR WORK CENTRES,11-CAPACIT,0,2026-10-07
S8598,Shots I8598 Insert Petrol,0,FOR WORK CENTRES,11-CAPACIT,0,2026-10-07
S8600,Shots I8600 Honda 1+1,0,FOR WORK CENTRES,11-CAPACIT,0,2026-10-07
S8606,Shots I8606 Volvo,0,FOR WORK CENTRES,11-CAPACIT,0,2026-10-07
S8612,Shots I8612 Bracket Mtg,0,FOR WORK CENTRES,11-CAPACIT,0,2026-10-07
S8613,Shots I8613 Adapter Bracket,0,FOR WORK CENTRES,11-CAPACIT,0,2026-10-07
S8615,Shots I8615 Deflector Mqb,0,FOR WORK CENTRES,11-CAPACIT,0,2026-10-07
S8616,Shots I8616 Passat Rhd,0,FOR WORK CENTRES,11-CAPACIT,0,2026-10-07
S8619,Shots I8619 Passat Bi-Turbo,0,FOR WORK CENTRES,11-CAPACIT,0,2026-10-07
S8621,Shots I8621 Porsche,0,FOR WORK CENTRES,11-CAPACIT,0,2026-10-07
S8623,Shots I8623 Volvo Rhd,0,FOR WORK CENTRES,11-CAPACIT,0,2026-10-07
S8641,Shots I8641 Psa Top+Bott 3+4,0,FOR WORK CENTRES,11-CAPACIT,0,2026-10-07
S8642,Shots I8642 Fill Neck Cmfb,0,FOR WORK CENTRES,11-CAPACIT,0,2026-10-07
S8643,Shots I8643 Funnel Petrol Cmfb,0,FOR WORK CENTRES,11-CAPACIT,0,2026-10-07
S8644,Shots I8644 Funnel Diesel Cmfb,0,FOR WORK CENTRES,11-CAPACIT,0,2026-10-07
S8645,Shots I8645 Psa Float,0,FOR WORK CENTRES,11-CAPACIT,0,2026-10-07
S8652,Shots I8652 K8,0,FOR WORK CENTRES,11-CAPACIT,0,2026-10-07
S8653,Shots I8653 X10 Lhd,0,FOR WORK CENTRES,11-CAPACIT,0,2026-10-07
S8654,Shots I8653 X10 Rhd,0,FOR WORK CENTRES,11-CAPACIT,0,2026-10-07
S8694,Shots I8694 Psa Emp2V3,0,FOR WORK CENTRES,11-CAPACIT,0,2026-10-07
S8697,Shots I8697 Ipb,0,FOR WORK CENTRES,11-CAPACIT,0,2026-10-07
S8698,Shots I8698 Ipb,0,FOR WORK CENTRES,11-CAPACIT,0,2026-10-07
S8732,Shots I8732 Funnel Petrol Cmfb,0,FOR WORK CENTRES,11-CAPACIT,0,2026-10-07
S8736,Shots I8697 Pass Valve,0,FOR WORK CENTRES,11-CAPACIT,0,2026-10-07
S8747,Shots I8747 Collector Ford,0,FOR WORK CENTRES,11-CAPACIT,0,2026-10-07
S8764,Shots I8764 Passat Float,0,FOR WORK CENTRES,11-CAPACIT,0,2026-10-07
S8766,Shots I8766 Remotes Ford,0,FOR WORK CENTRES,11-CAPACIT,0,2026-10-07
S8782,Shots I8782 Rsv Audi Mlb58 Rhd,0,FOR WORK CENTRES,11-CAPACIT,0,2026-10-07
S8796,Shots I8796 Reservoir Fisker,0,FOR WORK CENTRES,11-CAPACIT,0,2026-10-07
S8801,Shots I8801 Straight End-Form O15.9,0,FOR WORK CENTRES,11-CAPACIT,0,2026-10-07
TRANS,Transport Sur Vente,Poask3,DIVERS,16-EXP TRS,Po,2026-10-07
